"Latitude"	"Marginal"	"Upper"	"Lower"	"Stream"	"Stream_upper"	"Stream_lower"	"Lake"	"Lake_upper"	"Lake_lower"
"1"	0	0.345718503061423	0.826987340051884	-0.135550333929039	1.20634253828853	1.85096902208851	0.561716054488548	0.897080446630863	1.25264244098514	0.541518452276582
"2"	0.452261306532663	0.349478496376196	0.826303650501839	-0.127346657749447	1.19404721021171	1.8325345151453	0.555559905278114	0.891453419339547	1.24349593078137	0.539410907897729
"3"	0.904522613065327	0.353238489690969	0.825627612218447	-0.119150632836509	1.18175188213489	1.81410146566211	0.549402298607666	0.885826392048232	1.23436596194225	0.537286822154217
"4"	1.35678391959799	0.356998483005742	0.824959442792093	-0.11096247678061	1.16945655405807	1.79566991649406	0.543243191622079	0.880199364756916	1.22525303824572	0.535145691268111
"5"	1.80904522613065	0.360758476320515	0.824299367734197	-0.102782415093167	1.15716122598125	1.77723991218194	0.53708253978056	0.8745723374656	1.21615768153192	0.532986993399282
"6"	2.26130653266332	0.364518469635288	0.823647620819967	-0.0946106815493916	1.14486589790443	1.75881149903536	0.530920296773509	0.868945310174285	1.20708043236697	0.530810187981597
"7"	2.71356783919598	0.368278462950061	0.823004444447801	-0.0864475185476789	1.13257056982761	1.74038472522077	0.524756414434459	0.863318282882969	1.19802185072501	0.528614715040923
"8"	3.16582914572864	0.372038456264834	0.822370090016169	-0.0782931774865012	1.1202752417508	1.72195964085487	0.518590842646725	0.857691255591653	1.18898251668783	0.526399994495472
"9"	3.61809045226131	0.375798449579607	0.821744818318894	-0.0701479191596797	1.10797991367398	1.70353629810353	0.512423529244418	0.852064228300338	1.17996303116149	0.52416542543919
"10"	4.07035175879397	0.37955844289438	0.82112889995974	-0.0620120141709793	1.09568458559716	1.6851147512869	0.506254419907415	0.846437201009022	1.17096401660894	0.521910385409105
"11"	4.52261306532663	0.383318436209153	0.820522615787312	-0.0538857433690049	1.08338925752034	1.66669505699084	0.500083458049842	0.840810173717707	1.16198611779765	0.519634229637763
"12"	4.9748743718593	0.387078429523926	0.819926257351277	-0.045769398303424	1.07109392944352	1.64827727418542	0.493910584701623	0.835183146426391	1.15303000256066	0.517336290292127
"13"	5.42713567839196	0.390838422838699	0.819340127380987	-0.0376632817035883	1.0587986013667	1.62986146435082	0.487735738382581	0.829556119135076	1.14409636256952	0.515015875700628
"14"	5.87939698492462	0.394598416153472	0.818764540287616	-0.0295677079806714	1.04650327328988	1.61144769161123	0.481558854968536	0.82392909184376	1.13518591411717	0.512672269570353
"15"	6.33165829145729	0.398358409468246	0.81819982269098	-0.0214830037544891	1.03420794521306	1.59303602287731	0.475379867548816	0.818302064552444	1.1262993989082	0.510304730196692
"16"	6.78391959798995	0.402118402783019	0.817646313972254	-0.0134095084062172	1.02191261713625	1.57462652799795	0.469198706274539	0.812675037261129	1.11743758485406	0.507912489668201
"17"	7.23618090452261	0.405878396097792	0.817104366853848	-0.00534757465826519	1.00961728905943	1.55621927992189	0.463015298196959	0.807048009969813	1.10860126686979	0.505494753069832
"18"	7.68844221105528	0.409638389412565	0.816574348007745	0.00270243081738425	0.997321960982608	1.5378143548701	0.456829567095114	0.801420982678498	1.09979126766883	0.503050697688163
"19"	8.14070351758794	0.413398382727338	0.816056638693661	0.0107401267610149	0.98502663290579	1.51941183251961	0.450641433291969	0.795793955387182	1.09100843855156	0.5005794722228
"20"	8.5929648241206	0.417158376042111	0.815551635428422	0.0187651166557998	0.972731304828971	1.50101179619981	0.444450813458127	0.790166928095867	1.08225366018308	0.498080196008658
"21"	9.04522613065327	0.420918369356884	0.815059750688002	0.0267769880257661	0.960435976752152	1.48261433310215	0.438257620402153	0.784539900804551	1.07352784335463	0.49555195825447
"22"	9.49748743718593	0.424678362671657	0.81458141364369	0.0347753116996236	0.948140648675333	1.46421953450424	0.43206176284643	0.778912873513235	1.06483192972294	0.492993817303535
"23"	9.94974874371859	0.42843835598643	0.814117070933916	0.0427596410389445	0.935845320598515	1.44582749600964	0.425863145187387	0.77328584622192	1.05616689252042	0.490404799923419
"24"	10.4020100502513	0.432198349301203	0.813667187473252	0.0507295111291542	0.923549992521696	1.42743831780457	0.419661667238822	0.767658818930604	1.04753373722911	0.487783900632097
"25"	10.8542713567839	0.435958342615976	0.813232247300182	0.0586844379317704	0.911254664444877	1.40905210493281	0.413457223956941	0.762031791639288	1.03893350220972	0.48513008106886
"26"	11.3065326633166	0.439718335930749	0.812812754465183	0.066623917396316	0.898959336368058	1.39066896759054	0.407249705145574	0.756404764347973	1.03036725927681	0.482442269419131
"27"	11.7587939698492	0.443478329245522	0.812409233960717	0.0745474245303279	0.88666400829124	1.37228902144255	0.401038995139929	0.750777737056657	1.02183611421002	0.479719359903296
"28"	12.2110552763819	0.447238322560295	0.812022232694696	0.0824544124258951	0.874368680214421	1.35391238796182	0.394824972467027	0.745150709765342	1.01334120719015	0.476960212340536
"29"	12.6633165829146	0.450998315875068	0.811652320508953	0.0903443112411841	0.862073352137602	1.33553919479436	0.388607509480843	0.739523682474026	1.00488371314837	0.474163651799684
"30"	13.1155778894472	0.454758309189842	0.81130009124423	0.0982165271354533	0.849778024060783	1.31716957615162	0.382386471969948	0.733896655182711	0.996464842015357	0.471328468350064
"31"	13.5678391959799	0.458518302504615	0.810966163853106	0.106070441156124	0.837482695983965	1.29880367323271	0.376161718735222	0.728269627891395	0.988085838856475	0.468453416926314
"32"	14.0201005025126	0.462278295819388	0.810651183562215	0.11390540807656	0.825187367907146	1.28044163467929	0.369933101135007	0.722642600600079	0.97974798387801	0.465537217322149
"33"	14.4723618090452	0.466038289134161	0.81035582308498	0.121720755183341	0.812892039830327	1.26208361706591	0.363700462594746	0.717015573308764	0.971452592288518	0.462578554329009
"34"	14.9246231155779	0.469798282448934	0.810080783885925	0.129515781011942	0.800596711753509	1.24372978542911	0.357463638077902	0.711388546017448	0.963201013998462	0.459576078036434
"35"	15.3768844221106	0.473558275763707	0.80982679749746	0.137289754029954	0.78830138367669	1.22538031383878	0.351222453514597	0.705761518726133	0.954994633140422	0.456528404311843
"36"	15.8291457286432	0.47731826907848	0.80959462688977	0.14504191126719	0.776006055599871	1.20703538601572	0.344976725184019	0.700134491434817	0.946834867391515	0.453434115478119
"37"	16.2814070351759	0.481078262393253	0.809385067894167	0.152771456892339	0.763710727523053	1.18869519599982	0.33872625904628	0.694507464143501	0.938723167078997	0.450291761208006
"38"	16.7336683417085	0.484838255708026	0.809198950679902	0.16047756073615	0.751415399446234	1.17035994887358	0.33247085001889	0.688880436852186	0.930661014049678	0.447099859654693
"39"	17.1859296482412	0.488598249022799	0.809037141284034	0.168159356761564	0.739120071369415	1.15202986154631	0.326210281192523	0.68325340956087	0.922649920283561	0.44385689883818
"40"	17.6381909547739	0.492358242337572	0.808900543193432	0.175815941481713	0.726824743292596	1.13370516360502	0.319944322980168	0.677626382269555	0.914691426232216	0.440561338306894
"41"	18.0904522613065	0.496118235652345	0.808790098977431	0.18344637232726	0.714529415215778	1.11538609823848	0.313672732193079	0.671999354978239	0.906787098862816	0.437211611093662
"42"	18.5427135678392	0.499878228967118	0.808706791968965	0.191049665965271	0.702234087138959	1.09707292324168	0.307395251036238	0.666372327686923	0.898938529389522	0.433806125984325
"43"	18.9949748743719	0.503638222281891	0.808651647991213	0.19862479657257	0.68993875906214	1.07876591210908	0.301111606015197	0.660745300395608	0.891147330675096	0.43034327011612
"44"	19.4472361809045	0.507398215596664	0.808625737125876	0.206170694067453	0.677643430985321	1.0604653552254	0.294821506745239	0.655118273104292	0.883415134287311	0.426821411921274
"45"	19.8994974874372	0.511158208911437	0.808630175518162	0.213686242304713	0.665348102908503	1.04217156116424	0.288524644652762	0.649491245812977	0.875743587196883	0.423238904429071
"46"	20.3517587939699	0.514918202226211	0.808666127212343	0.221170277240078	0.653052774831684	1.02388485810577	0.282220691557593	0.643864218521661	0.868134348106394	0.419594088936928
"47"	20.8040201005025	0.518678195540984	0.808734806010371	0.228621585071596	0.640757446754865	1.0056055953861	0.275909298123634	0.638237191230345	0.860589083403042	0.415885299057648
"48"	21.2562814070352	0.522438188855757	0.808837477344514	0.236038900366999	0.628462118678047	0.987334145192402	0.269590092163691	0.63261016393903	0.853109462731966	0.412110865146093
"49"	21.7085427135678	0.52619818217053	0.808975460153201	0.243420904187859	0.616166790601228	0.969070904419773	0.263262676782682	0.626983136647714	0.845697154191508	0.40826911910392
"50"	22.1608040201005	0.529958175485303	0.809150128747312	0.250766222223293	0.603871462524409	0.950816296707358	0.256926628341461	0.621356109356399	0.838353819156963	0.404358399555835
"51"	22.6130653266332	0.533718168800076	0.809362914651995	0.258073422948157	0.59157613444759	0.93257077467389	0.25058149422129	0.615729082065083	0.831081106745152	0.400377057385014
"52"	23.0653266331658	0.537478162114849	0.809615308406617	0.265341015823081	0.579280806370772	0.914334822374971	0.244226790366572	0.610102054773767	0.8238806479385	0.396323461609034
"53"	23.5175879396985	0.541238155429622	0.809908861302872	0.272567449556372	0.566985478293953	0.896108958007372	0.237861998580534	0.604475027482452	0.816754049394068	0.392196005570836
"54"	23.9698492462312	0.544998148744395	0.810245187038094	0.279751110450696	0.554690150217134	0.877893736888826	0.231486563545442	0.598848000191136	0.809702886970135	0.387993113412137
"55"	24.4221105527638	0.548758142059168	0.810625963257713	0.286890320860623	0.542394822140316	0.859689754745409	0.225099889535222	0.593220972899821	0.802728699010313	0.383713246789328
"56"	24.8743718592965	0.552518135373941	0.811052932957385	0.293983337790497	0.530099494063497	0.841497651342798	0.218701336784195	0.587593945608505	0.795832979432537	0.379354911784474
"57"	25.3266331658291	0.556278128688714	0.811527905711726	0.301028351665703	0.517804165986678	0.8233181145024	0.212290217470956	0.58196691831719	0.789017170677614	0.374916665956765
"58"	25.7788944723618	0.560038122003487	0.812052758692762	0.308023485314213	0.505508837909859	0.805151884548753	0.205865791270966	0.576339891025874	0.78228265657892	0.370397125472827
"59"	26.2311557788945	0.56379811531826	0.812629437437286	0.314966793199235	0.493213509833041	0.786999759240766	0.199427260425315	0.570712863734558	0.7756307552212	0.365794972247916
"60"	26.6834170854271	0.567558108633033	0.813259956318237	0.32185626094783	0.480918181756222	0.768862599246346	0.192973764266097	0.565085836443243	0.769062711861996	0.36110896102449
"61"	27.1356783919598	0.571318101947807	0.813946398671188	0.328689805224426	0.468622853679403	0.750741334227992	0.186504373130814	0.559458809151927	0.762579691993737	0.356337926310118
"62"	27.5879396984925	0.57507809526258	0.814690916523046	0.335465274002113	0.456327525602584	0.732636969616015	0.180018081589154	0.553831781860611	0.756182774627752	0.351480789093471
"63"	28.0402010050251	0.578838088577353	0.815495729866319	0.342180447288387	0.444032197525766	0.714550594156432	0.1735138008951	0.548204754569296	0.749872945883224	0.346536563255368
"64"	28.4924623115578	0.582598081892126	0.816363125418866	0.348833038365385	0.431736869448947	0.696483388332369	0.166990350565525	0.54257772727798	0.743651092964206	0.341504361591754
"65"	28.9447236180905	0.586358075206899	0.817295454806231	0.355420695607567	0.419441541372128	0.678436633771198	0.160446448973058	0.536950699986665	0.737517998606143	0.336383401367187
"66"	29.3969849246231	0.590118068521672	0.818295132101469	0.361941004941875	0.40714621329531	0.660411723764786	0.153880702825833	0.531323672695349	0.731474336069757	0.331173009320941
"67"	29.8492462311558	0.593878061836445	0.819364630656268	0.368391493016622	0.394850885218491	0.642410175047361	0.14729159538962	0.525696645404033	0.725520664754782	0.325872626053284
"68"	30.3015075376884	0.597638055151218	0.820506479157222	0.374769631145214	0.382555557141672	0.624433640994744	0.1406774732886	0.520069618112718	0.719657426498736	0.3204818097267
"69"	30.7537688442211	0.601398048465991	0.821723256842719	0.381072840089264	0.370260229064853	0.606483926430172	0.134036531699535	0.514442590821402	0.713884942616981	0.315000239025823
"70"	31.2060301507538	0.605158041780764	0.823017587819312	0.387298495742216	0.357964900988035	0.588563004245842	0.127366797730228	0.508815563530087	0.708203411729875	0.309427715330299
"71"	31.6582914572864	0.608918035095537	0.824392134421979	0.393443935769095	0.345669572911216	0.570673034075492	0.120666111746941	0.503188536238771	0.702612908411041	0.303764164066501
"72"	32.1105527638191	0.61267802841031	0.825849589570578	0.399506467250042	0.333374244834397	0.552816383281774	0.11393210638702	0.497561508947456	0.697113382678169	0.298009635216742
"73"	32.5628140703518	0.616438021725083	0.827392668085422	0.405483375364744	0.321078916757578	0.534995650552437	0.107162182962719	0.49193448165614	0.691704660334405	0.292164302977875
"74"	33.0150753768844	0.620198015039856	0.829024096938337	0.411371933141376	0.30878358868076	0.517213692430703	0.100353484930816	0.486307454364824	0.68638644415492	0.286228464574728
"75"	33.4673366834171	0.623958008354629	0.830746604432052	0.417169412277207	0.296488260603941	0.499473653136539	0.0935028680713432	0.480680427073509	0.681158315899876	0.280202538247142
"76"	33.9195979899498	0.627718001669403	0.832562908320306	0.4228730950185	0.284192932527122	0.481778998064807	0.086606866989438	0.475053399782193	0.676019739122147	0.27408706044224
"77"	34.3718592964824	0.631477994984176	0.834475702903522	0.428480287064829	0.271897604450303	0.464133551370644	0.0796616575299623	0.469426372490878	0.670970062726266	0.26788268225549
"78"	34.8241206030151	0.635237988298949	0.836487645160134	0.433988331437764	0.259602276373485	0.44654153806751	0.0726630146794602	0.463799345199562	0.666008525224275	0.261590165174849
"79"	35.2763819095477	0.638997981613722	0.838601340001116	0.439394623226328	0.247306948296666	0.429007631062865	0.0656062655304679	0.458172317908246	0.661134259624934	0.255210376191559
"80"	35.7286432160804	0.642757974928495	0.840819324764483	0.444696625092507	0.235011620219848	0.411537003531561	0.058486236908135	0.452545290616931	0.656346298885099	0.248744282348763
"81"	36.1809045226131	0.646517968243268	0.84314405309654	0.449891883389996	0.222716292143029	0.394135386965164	0.0512971973208935	0.446918263325615	0.65164358184633	0.242192944804901
"82"	36.6331658291457	0.650277961558041	0.845577878396589	0.454978044719493	0.21042096406621	0.37680913511987	0.0440327930125499	0.4412912360343	0.647024959575839	0.235557512492761
"83"	37.0854271356784	0.654037954872814	0.848123037030374	0.459952872715254	0.198125635989391	0.359565293893429	0.0366859780853538	0.435664208742984	0.642489202028847	0.228839215457122
"84"	37.5376884422111	0.657797948187587	0.8507816315435	0.464814264831674	0.185830307912573	0.342411676863072	0.0292489389620733	0.430037181451668	0.638035004949176	0.222039357954161
"85"	37.9899497487437	0.66155794150236	0.853555614128017	0.469560268876703	0.173534979835754	0.325356945773824	0.0217130138976836	0.424410154160353	0.63366099692634	0.215159311394366
"86"	38.4422110552764	0.665317934817133	0.856446770611913	0.474189099022353	0.161239651758935	0.308410694633671	0.0140686088841985	0.418783126869037	0.629365746530356	0.208200507207718
"87"	38.894472361809	0.669077928131906	0.859456705251133	0.478699151012679	0.148944323682116	0.291583535195022	0.00630511216921095	0.413156099577722	0.62514776944978	0.201164429705663
"88"	39.3467336683417	0.672837921446679	0.862586826605845	0.483089016287514	0.136648995605298	0.274887180423596	-0.00158918921300069	0.407529072286406	0.621005535563828	0.194052609008984
"89"	39.7989949748744	0.676597914761452	0.865838334776144	0.487357494746761	0.124353667528479	0.258334521023826	-0.00962718596686735	0.401902044995091	0.61693747588568	0.186866614104501
"90"	40.251256281407	0.680357908076225	0.869212210256814	0.491503605895636	0.11205833945166	0.241939688172227	-0.0178230092689068	0.396275017703775	0.612941989320906	0.179608046086644
"91"	40.7035175879397	0.684117901390999	0.872709204646061	0.495526598135936	0.0997630113748413	0.225718093321758	-0.0261920705720752	0.390647990412459	0.609017449192181	0.172278531632738
"92"	41.1557788944724	0.687877894705772	0.876329833409818	0.499425956001725	0.0874676832980228	0.209686433380341	-0.0347510667842952	0.385020963121144	0.605162209488857	0.16487971675343
"93"	41.608040201005	0.691637888020545	0.880074370862191	0.503201405178898	0.0751723552212042	0.193862646971467	-0.043517936529059	0.379393935829828	0.60137461080737	0.157413260852287
"94"	42.0603015075377	0.695397881335318	0.883942847475206	0.506852915195429	0.0628770271443853	0.178265805283726	-0.0525117509949553	0.373766908538512	0.597652985955603	0.149880831121422
"95"	42.5125628140703	0.699157874650091	0.887935049579155	0.510380699721026	0.0505816990675667	0.162915919881466	-0.0617525217463324	0.368139881247197	0.593995665201274	0.14228409729312
"96"	42.964824120603	0.702917867964864	0.892050521460369	0.513785214469359	0.0382863709907477	0.147833650700883	-0.0712609087193877	0.362512853955881	0.590400981150745	0.134624726761018
"97"	43.4170854271357	0.706677861279637	0.896288569808582	0.517067152750692	0.0259910429139292	0.133039901378484	-0.0810578155506261	0.356885826664566	0.586867273250646	0.126904380078486
"98"	43.8693467336683	0.71043785459441	0.90064827041329	0.52022743877553	0.0136957148371104	0.118555297069192	-0.0911638673949716	0.35125879937325	0.583392891909961	0.119124706836539
"99"	44.321608040201	0.714197847909183	0.90512847695984	0.523267218858526	0.00140038676029164	0.10439955255234	-0.101598779031757	0.345631772081935	0.579976202244955	0.111287341918914
"100"	44.7738693467337	0.717957841223956	0.909727831733194	0.526187850714719	-0.0108949413165269	0.0905907552247983	-0.112380637857852	0.340004744790619	0.576615587453401	0.103393902127837
"101"	45.2261306532663	0.721717834538729	0.914444778001993	0.528990891075466	-0.0231902693933455	0.0771446065558801	-0.123525145342571	0.334377717499303	0.573309451828013	0.0954459831705936
"102"	45.678391959799	0.725477827853502	0.919277573828609	0.531678081878395	-0.0354855974701644	0.0640736830699439	-0.135044878010273	0.328750690207988	0.570056223421859	0.0874451569941164
"103"	46.1306532663317	0.729237821168275	0.924224307033028	0.534251335303522	-0.0477809255469834	0.0513867891197882	-0.146948640213755	0.323123662916672	0.566854356380808	0.0793929694525356
"104"	46.5829145728643	0.732997814483048	0.929282911029629	0.536712717936468	-0.060076253623802	0.0390884739936598	-0.159240981241264	0.317496635625357	0.56370233295984	0.071290938290873
"105"	47.035175879397	0.736757807797821	0.934451181255964	0.539064434339679	-0.0723715817006205	0.027178772669965	-0.171921936071206	0.311869608334041	0.560598665241315	0.0631405514267665
"106"	47.4874371859297	0.740517801112595	0.939726791920655	0.541308810304534	-0.0846669097774391	0.0156532037981634	-0.184987023353042	0.306242581042725	0.557541896574179	0.0549432655112715
"107"	47.9396984924623	0.744277794427368	0.945107312812531	0.543448276042204	-0.0969622378542583	0.00450302517197837	-0.198427500880495	0.30061555375141	0.554530602753521	0.0467005047492982
"108"	48.391959798995	0.748037787742141	0.950590225933867	0.545485349550415	-0.109257565931077	-0.00628428641258666	-0.212230845449567	0.294988526460094	0.551563392960078	0.0384136599601101
"109"	48.8442211055276	0.751797781056914	0.956172941745668	0.547422620368159	-0.121552894007895	-0.0167243899202565	-0.226381398095534	0.289361499168779	0.548638910479129	0.0300840878584282
"110"	49.2964824120603	0.755557774371687	0.961852814841013	0.54926273390236	-0.133848222084714	-0.0268353419049905	-0.240861102264437	0.283734471877463	0.545755833217872	0.0217131105370539
"111"	49.748743718593	0.75931776768646	0.967627158892121	0.551008376480799	-0.146143550161533	-0.0366368377639982	-0.255650262559068	0.278107444586148	0.542912874039809	0.0133020151324857
"112"	50.2010050251256	0.763077761001233	0.973493260746976	0.55266226125549	-0.158438878238352	-0.0461494937154973	-0.270728262761206	0.272480417294832	0.540108780933979	0.00485205365568464
"113"	50.6532663316583	0.766837754316006	0.979448393580774	0.554227115051238	-0.17073420631517	-0.0553942133657353	-0.286074199264606	0.266853390003516	0.537342337036051	-0.00363555702901819
"114"	51.105527638191	0.770597747630779	0.985489829035472	0.555705666226086	-0.183029534391989	-0.0643916637465732	-0.301667405037405	0.261226362712201	0.534612360517398	-0.0121596350929963
"115"	51.5577889447236	0.774357740945552	0.991614848306519	0.557100633584585	-0.195324862468808	-0.0731618688511421	-0.317487856086473	0.255599335420885	0.531917704357316	-0.0207190335155459
"116"	52.0100502512563	0.778117734260325	0.997820752159064	0.558414716361587	-0.207620190545627	-0.0817239159834698	-0.333516465107783	0.249972308129569	0.529257256012567	-0.0293126397534275
"117"	52.4623115577889	0.781877727575098	1.00410486987621	0.559650585273989	-0.219915518622445	-0.0900957621588027	-0.349735275086088	0.244345280838254	0.526629936997422	-0.0379393753209138
"118"	52.9145728643216	0.785637720889871	1.0104645671591	0.560810874620644	-0.232210846699264	-0.0982941238130702	-0.366127569585458	0.238718253546938	0.524034702386404	-0.046598195292527
"119"	53.3668341708543	0.789397714204644	1.01689725301288	0.561898175396405	-0.244506174776083	-0.106334432189097	-0.382677917363068	0.233091226255623	0.521470540250921	-0.0552880877396756
"120"	53.8190954773869	0.793157707519417	1.02340038566381	0.562915029375027	-0.256801502852901	-0.114230837878932	-0.399372167826871	0.227464198964307	0.518936471040069	-0.0640080731114549
"121"	54.2713567839196	0.796917700834191	1.02997147756134	0.563863924107044	-0.26909683092972	-0.121996250192036	-0.416197411667404	0.221837171672991	0.516431546914929	-0.0727572035689464
"122"	54.7236180904523	0.800677694148964	1.03660809952525	0.56474728877268	-0.281392159006539	-0.129642399612143	-0.433141918400935	0.216210144381676	0.513954851044852	-0.0815345622815001
"123"	55.1758793969849	0.804437687463737	1.04330788410156	0.565567490825911	-0.293687487083357	-0.137179914168182	-0.450195059998532	0.21058311709036	0.511505496873363	-0.0903392626926428
"124"	55.6281407035176	0.80819768077851	1.05006852819323	0.56632683336379	-0.305982815160176	-0.144618402838286	-0.467347227482067	0.204956089799045	0.509082627360573	-0.0991704477624835
"125"	56.0804020100502	0.811957674093283	1.05688779503185	0.567027553154715	-0.318278143236995	-0.151966541029486	-0.484589745444505	0.199329062507729	0.506685414208217	-0.108027289192758
"126"	56.5326633165829	0.815717667408056	1.06376351555592	0.567671819260192	-0.330573471313814	-0.159232154713535	-0.501914787914093	0.193702035216414	0.504313057072812	-0.116908986639985
"127"	56.9849246231156	0.819477660722829	1.07069358925912	0.568261732186539	-0.342868799390633	-0.166422300982606	-0.519315297798659	0.188075007925098	0.501964782771764	-0.125814766921568
"128"	57.4371859296482	0.823237654037602	1.07767598456949	0.568799323505717	-0.355164127467451	-0.173543343669893	-0.536784911265009	0.182447980633782	0.499639844486685	-0.13474388321912
"129"	57.8894472361809	0.826997647352375	1.08470873881702	0.569286555887726	-0.36745945554427	-0.180601023316355	-0.554317887772185	0.176820953342467	0.497337520967664	-0.14369561428273
"130"	58.3417085427136	0.830757640667148	1.09178995784357	0.569725323490723	-0.379754783621089	-0.18760052120998	-0.571909046032197	0.171193926051151	0.495057115741751	-0.152669263639448
"131"	58.7939698492462	0.834517633981921	1.09891781530492	0.570117452658927	-0.392050111697907	-0.194546517524309	-0.589553705871505	0.165566898759836	0.492797956328449	-0.161664158808778
"132"	59.2462311557789	0.838277627296694	1.10609055171095	0.570464702882438	-0.404345439774726	-0.201443243776579	-0.607247635772872	0.15993987146852	0.490559393464651	-0.170679650527611
"133"	59.6984924623116	0.842037620611467	1.1133064732458	0.570768767977138	-0.416640767851545	-0.208294529942386	-0.624987005760704	0.154312844177204	0.488340800341054	-0.179715111986646
"134"	60.1507537688442	0.84579761392624	1.12056395040566	0.571031277446824	-0.428936095928364	-0.215103846626305	-0.642768345230423	0.148685816885889	0.48614157185181	-0.188769938080033
"135"	60.6030150753769	0.849557607241013	1.12786141648846	0.571253797993566	-0.441231424005182	-0.221874342713273	-0.660588505297092	0.143058789594573	0.483961123858822	-0.197843544669676
"136"	61.0552763819096	0.853317600555787	1.13519736596562	0.571437835145949	-0.453526752082001	-0.228608878926306	-0.678444625237695	0.137431762303257	0.48179889247189	-0.206935367865375
"137"	61.5075376884422	0.85707759387056	1.14257035276282	0.571584834978297	-0.46582208015882	-0.235310057701193	-0.696334102616446	0.131804735011942	0.479654333345645	-0.216044863321761
"138"	61.9597989949749	0.860837587185333	1.14997898847348	0.571696185897189	-0.478117408235638	-0.241980249764594	-0.714254566706683	0.126177707720627	0.477526920994015	-0.225171505552762
"139"	62.4120603015075	0.864597580500106	1.15742194052565	0.571773220474557	-0.490412736312457	-0.248621617772712	-0.732203854852202	0.120550680429311	0.475416148122791	-0.234314787264169
"140"	62.8643216080402	0.868357573814879	1.1648979303204	0.571817217309363	-0.502708064389276	-0.255236137336383	-0.750179991442169	0.114923653137995	0.473321524980683	-0.243474218704693
"141"	63.3165829145729	0.872117567129652	1.17240573135697	0.571829402902338	-0.515003392466095	-0.261825615727116	-0.768181169205074	0.109296625846679	0.471242578729144	-0.252649327035785
"142"	63.7688442211055	0.875877560444425	1.17994416735835	0.5718109535305	-0.527298720542913	-0.26839170852825	-0.786205732557577	0.103669598555364	0.469178852831088	-0.26183965572036
"143"	64.2211055276382	0.879637553759198	1.18751211040822	0.571762997110179	-0.539594048619732	-0.274935934467004	-0.804252162772459	0.0980425712640487	0.467129906458537	-0.271044763930439
"144"	64.6733668341708	0.883397547073971	1.19510847910886	0.571686615039084	-0.55188937669655	-0.281459688636891	-0.82231906475621	0.092415543972733	0.465095313919149	-0.280264225973683
"145"	65.1256281407035	0.887157540388744	1.20273223676795	0.571582844009534	-0.564184704773369	-0.287964254296111	-0.840405155250628	0.0867885166814171	0.463074664101477	-0.289497630738642
"146"	65.5778894472362	0.890917533703517	1.21038238962064	0.571452677786393	-0.576480032850188	-0.294450813405955	-0.858509252294421	0.0811614893901014	0.461067559938758	-0.298744581158555
"147"	66.0301507537689	0.89467752701829	1.21805798509208	0.571297068944503	-0.588775360927007	-0.300920456054022	-0.876630265799992	0.0755344620987859	0.459073617890972	-0.3080046936934
"148"	66.4824120603015	0.898437520333063	1.22575811010465	0.571116930561473	-0.601070689003826	-0.307374188889853	-0.894767189117799	0.0699074348074706	0.45709246744486	-0.317277597829919
"149"	66.9346733668342	0.902197513647836	1.23348188943302	0.570913137862657	-0.613366017080644	-0.31381294268546	-0.912919091475828	0.0642804075161549	0.455123750631556	-0.326562935599247
"150"	67.3869346733668	0.905957506962609	1.24122848410927	0.57068652981595	-0.625661345157463	-0.320237579119741	-0.931085111195186	0.0586533802248392	0.45316712156144	-0.335860361111762
"151"	67.8391959798995	0.909717500277383	1.24899708988	0.570437910674765	-0.637956673234282	-0.326648896874017	-0.949264449594547	0.0530263529335238	0.451222245975823	-0.345169540108775
"152"	68.2914572864322	0.913477493592156	1.25678693571618	0.570168051468128	-0.650252001311101	-0.333047637115509	-0.967456365506692	0.0473993256422083	0.44928880081502	-0.354490149530603
"153"	68.7437185929648	0.917237486906929	1.26459728237648	0.56987769143738	-0.662547329387919	-0.339434488436442	-0.985660170339397	0.0417722983508926	0.447366473802383	-0.363821877100598
"154"	69.1959798994975	0.920997480221702	1.27242742102403	0.569567539419374	-0.674842657464738	-0.345810091308456	-1.00387522362102	0.0361452710595769	0.445454963043828	-0.373164420924675
"155"	69.6482412060301	0.924757473536475	1.2802766718965	0.569238275176451	-0.687137985541557	-0.352175042104987	-1.02210092897813	0.0305182437682614	0.443553976642408	-0.382517489105886
"156"	70.1005025125628	0.928517466851248	1.28814438302873	0.568890550673766	-0.699433313618375	-0.358529896738106	-1.04033673049864	0.0248912164769459	0.441663232327455	-0.391880799373563
"157"	70.5527638190955	0.932277460166021	1.29602992902725	0.568524991304788	-0.711728641695194	-0.364875173950898	-1.05858210943949	0.0192641891856302	0.439782457097837	-0.401254078726576
"158"	71.0050251256281	0.936037453480794	1.30393270989558	0.568142197066003	-0.724023969772013	-0.371211358301714	-1.07683658124231	0.0136371618943145	0.437911386878865	-0.410637063090236
"159"	71.4572864321608	0.939797446795567	1.31185214990912	0.567742743682017	-0.736319297848831	-0.377538902872476	-1.09509969282519	0.00801013460299904	0.436049766192378	-0.42002949698638
"160"	71.9095477386935	0.94355744011034	1.31978769653832	0.567327183682358	-0.748614625925651	-0.383858231729556	-1.11337102012175	0.00238310731168334	0.434197347839568	-0.429431133216202
"161"	72.3618090452261	0.947317433425113	1.32773881941881	0.566896047431419	-0.760909954002469	-0.390169742162519	-1.13165016584242	-0.00324391997963214	0.432353892596084	-0.438841732555348
"162"	72.8140703517588	0.951077426739886	1.33570500936678	0.566449844112994	-0.773205282079288	-0.396473806723199	-1.14993675743538	-0.00887094727094784	0.430519168918978	-0.448261063460874
"163"	73.2663316582915	0.954837420054659	1.34368577743835	0.565989062670967	-0.785500610156107	-0.402770775085115	-1.1682304452271	-0.0144979745622635	0.428692952665062	-0.457688901789589
"164"	73.7185929648241	0.958597413369432	1.35168065403116	0.5655141727077	-0.797795938232925	-0.409060975740985	-1.18653090072487	-0.020125001853579	0.426875026820255	-0.467125030527413
"165"	74.1708542713568	0.962357406684205	1.35968918802671	0.5650256253417	-0.810091266309744	-0.415344717554216	-1.20483781506527	-0.0257520291448945	0.425065181239506	-0.476569239529295
"166"	74.6231155778895	0.966117399998978	1.36771094597181	0.564523854026146	-0.822386594386562	-0.421622291178504	-1.22315089759462	-0.0313790564362102	0.423263212396891	-0.486021325269312
"167"	75.0753768844221	0.969877393313752	1.37574551129767	0.564009275329838	-0.834681922463381	-0.427893970358199	-1.24146987456856	-0.0370060837275259	0.421468923145498	-0.49548109060055
"168"	75.5276381909548	0.973637386628525	1.38379248357494	0.563482289682114	-0.8469772505402	-0.434160013120704	-1.2597944879597	-0.0426331110188414	0.419682122486719	-0.504948344524402
"169"	75.9798994974874	0.977397379943298	1.39185147780334	0.562943282083257	-0.859272578617019	-0.440420662871071	-1.27812449436297	-0.0482601383101569	0.417902625348584	-0.514422901968898
"170"	76.4321608040201	0.981157373258071	1.39992212373426	0.56239262278188	-0.871567906693837	-0.446676149397835	-1.29645966398984	-0.0538871656014726	0.416130252372778	-0.523904583575723
"171"	76.8844221105528	0.984917366572844	1.40800406522495	0.561830667920738	-0.883863234770656	-0.452926689798235	-1.31479977974308	-0.0595141928927883	0.414364829710007	-0.533393215495583
"172"	77.3366834170854	0.988677359887617	1.41609695962286	0.561257760152375	-0.896158562847475	-0.459172489330138	-1.33314463636481	-0.0651412201841037	0.412606188823366	-0.542888629191574
"173"	77.7889447236181	0.99243735320239	1.42420047717881	0.560674229225971	-0.908453890924294	-0.465413742197251	-1.35149403965134	-0.0707682474754192	0.410854166299412	-0.55239066125025
"174"	78.2412060301507	0.996197346517163	1.43231430048761	0.560080392546713	-0.920749219001112	-0.471650632273532	-1.36984780572869	-0.0763952747667349	0.4091086036666	-0.56189915320007
"175"	78.6934673366834	0.999957339831936	1.44043812395492	0.559476555708955	-0.933044547077931	-0.477883333772153	-1.38820576038371	-0.0820223020580506	0.407369347220826	-0.571413951336927
"176"	79.1457286432161	1.00371733314671	1.44857165328902	0.558863013004402	-0.94533987515475	-0.484112011863821	-1.40656773844568	-0.0876493293493661	0.405636247857752	-0.580934906556484
"177"	79.5979899497488	1.00747732646148	1.45671460501648	0.558240047906488	-0.957635203231569	-0.490336823248831	-1.42493358321431	-0.0932763566406818	0.403909160911662	-0.590461874193026
"178"	80.0502512562814	1.01123731977626	1.46486670602043	0.55760793353208	-0.969930531308387	-0.49655791668676	-1.44330314593001	-0.0989033839319975	0.402187946000579	-0.599994713864574
"179"	80.5025125628141	1.01499731309103	1.47302769310046	0.556966933081601	-0.982225859385206	-0.502775433487399	-1.46167628528301	-0.104530411223313	0.400472466877372	-0.609533289323998
"180"	80.9547738693467	1.0187573064058	1.48119731255302	0.556317300258583	-0.994521187462024	-0.508989507966122	-1.48005286695793	-0.110157438514628	0.398762591286641	-0.619077468315898
"181"	81.4070351758794	1.02251729972057	1.48937531977147	0.555659279669677	-1.00681651553884	-0.515200267866656	-1.49843276321103	-0.115784465805944	0.397058190827109	-0.628627122438997
"182"	81.8592964824121	1.02627729303535	1.49756147886466	0.554993107206039	-1.01911184361566	-0.521407834753867	-1.51681585247746	-0.12141149309726	0.395359140819319	-0.638182127013839
"183"	82.3115577889447	1.03003728635012	1.50575556229324	0.554319010407005	-1.03140717169248	-0.527612324379043	-1.53520201900592	-0.127038520388575	0.393665320178411	-0.647742360955561
"184"	82.7638190954774	1.03379727966489	1.51395735052286	0.553637208806924	-1.0437024997693	-0.533813847019812	-1.55359115251879	-0.132665547679891	0.391976611291774	-0.657307706651555
"185"	83.21608040201	1.03755727297967	1.52216663169338	0.552947914265954	-1.05599782784612	-0.540012507796746	-1.57198314789549	-0.138292574971207	0.390292899901364	-0.666878049843777
"186"	83.6683417085427	1.04131726629444	1.53038320130326	0.552251331285624	-1.06829315592294	-0.546208406968452	-1.59037790487742	-0.143919602262522	0.388614074990517	-0.676453279515562
"187"	84.1206030150754	1.04507725960921	1.53860686190853	0.551547657309894	-1.08058848399976	-0.552401640206831	-1.60877532779268	-0.149546629553838	0.386940028675052	-0.686033287782728
"188"	84.572864321608	1.04883725292399	1.54683742283555	0.550837083012423	-1.09288381207657	-0.558592298854023	-1.62717532529913	-0.155173656845153	0.385270656098494	-0.6956179697888
"189"	85.0251256281407	1.05259724623876	1.55507469990679	0.550119792570723	-1.10517914015339	-0.564780470162427	-1.64557781014436	-0.160800684136469	0.383605855331264	-0.705207223604202
"190"	85.4773869346734	1.05635723955353	1.56331851517922	0.549395963927843	-1.11747446823021	-0.570966237519077	-1.66398269894135	-0.166427711427785	0.381945527273655	-0.714800950129224
"191"	85.929648241206	1.06011723286831	1.57156869669443	0.548665769042182	-1.12976979630703	-0.577149680655534	-1.68238991195853	-0.1720547387191	0.380289575562446	-0.724399053000646
"192"	86.3819095477387	1.06387722618308	1.57982507824013	0.547929374126025	-1.14206512438385	-0.583330875844365	-1.70079937292333	-0.177681766010416	0.378637906481013	-0.734001438501844
"193"	86.8341708542714	1.06763721949785	1.58808749912237	0.547186939873337	-1.15436045246067	-0.589509896083198	-1.71921100883814	-0.183308793301731	0.376990428872779	-0.743608015476241
"194"	87.286432160804	1.07139721281262	1.5963558039479	0.546438621677353	-1.16665578053749	-0.595686811267228	-1.73762474980775	-0.188935820593047	0.375347054057889	-0.753218695243983
"195"	87.7386934673367	1.0751572061274	1.60462984241634	0.54568456983845	-1.17895110861431	-0.601861688351037	-1.75604052887757	-0.194562847884363	0.373707695752961	-0.762833391521686
"196"	88.1909547738694	1.07891719944217	1.61290946912157	0.544924929762775	-1.19124643669112	-0.60803459150046	-1.77445828188179	-0.200189875175678	0.372072269993795	-0.772452020345151
"197"	88.643216080402	1.08267719275694	1.62119454336181	0.544159842152079	-1.20354176476794	-0.614205582235214	-1.79287794730067	-0.205816902466994	0.370440695060924	-0.782074499994911
"198"	89.0954773869347	1.08643718607172	1.62948492895825	0.543389443185184	-1.21583709284476	-0.620374719562914	-1.81129946612661	-0.211443929758309	0.368812891407888	-0.791700750924506
"199"	89.5477386934673	1.09019717938649	1.6377804940815	0.542613864691476	-1.22813242092158	-0.626542060105103	-1.82972278173806	-0.217070957049625	0.367188781592124	-0.801330695691374
"200"	90	1.09395717270126	1.6460811110857	0.541833234316824	-1.2404277489984	-0.632707658215811	-1.84814783978099	-0.22269798434094	0.365568290208368	-0.810964258890249
