"Latitude"	"Marginal"	"Upper"	"Lower"	"Marine"	"Marine_upper"	"Marine_lower"	"Lakeweb"	"Lakeweb_upper"	"Lakeweb_lower"	"Stream"	"Stream_upper"	"Stream_lower"
"1"	0	0.658494435698455	0.758969338023804	0.558019533373107	0.777226530301024	0.885426466475871	0.669026594126177	0.570736020059542	0.686457861380638	0.455014178738447	0.500291160354887	0.627273514350219	0.373308806359556
"2"	0.452261306532663	0.658009562951542	0.757943412518679	0.558075713384404	0.77674165755411	0.884428033960133	0.669055281148088	0.572413786789106	0.688606193423151	0.456221380155061	0.502101705006637	0.629543102289162	0.374660307724113
"3"	0.904522613065327	0.657524690204628	0.756920823712206	0.55812855669705	0.776256784807197	0.88343296645969	0.669080603154703	0.57409155351867	0.69076066521805	0.457422441819289	0.503912249658387	0.631821423135964	0.376003076180811
"4"	1.35678391959799	0.657039817457715	0.75590162604999	0.55817800886544	0.775771912060284	0.882441312258687	0.66910251186188	0.575769320248233	0.69292120181519	0.458617438681277	0.505722794310137	0.634108381434937	0.377337207185338
"5"	1.80904522613065	0.656554944710802	0.754885874813923	0.55822401460768	0.77528703931337	0.881453120237063	0.669120958389677	0.577447086977797	0.695087728548976	0.459806445406618	0.507533338961887	0.636403881392307	0.378662796531468
"6"	2.26130653266332	0.656070071963888	0.75387362612571	0.558266517802066	0.774802166566457	0.880468439868941	0.669135893263972	0.579124853707361	0.697260171070644	0.460989536344077	0.509343883613637	0.638707826946042	0.379979940281233
"7"	2.71356783919598	0.655585199216975	0.752864936949733	0.558305461484217	0.774317293819543	0.879487321220437	0.66914726641865	0.580802620436924	0.699438455379042	0.462166785494806	0.511154428265387	0.641020121833692	0.381288734697083
"8"	3.16582914572864	0.655100326470061	0.751859865095223	0.5583407878449	0.77383242107263	0.878509814946877	0.669155027198383	0.582480387166488	0.701622507849929	0.463338266483046	0.512964972917137	0.64334066965818	0.382589276176095
"9"	3.61809045226131	0.654615453723148	0.750858469217697	0.558372438228599	0.773347548325717	0.877535972289389	0.669159124362044	0.584158153896051	0.703812255263814	0.464504052528289	0.514775517568888	0.645669373951515	0.38388166118626
"10"	4.07035175879397	0.654130580976235	0.749860808819608	0.558400353132861	0.772862675578803	0.876565845070838	0.669159506086768	0.585835920625615	0.706007624832347	0.465664216418883	0.516586062220638	0.648006138236396	0.385165986204879
"11"	4.52261306532663	0.653645708229321	0.748866944250151	0.558424472208491	0.77237780283189	0.875599485691083	0.669156119972697	0.587513687355179	0.70820854422331	0.466818830487048	0.518396606872388	0.650350866085676	0.386442347659099
"12"	4.9748743718593	0.653160835482408	0.747876936704191	0.558444734260625	0.771892930084976	0.874636947121512	0.66914891304844	0.589191454084742	0.710414941584201	0.467967966585283	0.520207151524138	0.652703461179674	0.387710841868601
"13"	5.42713567839196	0.652675962735495	0.746890848220251	0.558461077250738	0.771408057338063	0.87367828289885	0.669137831777276	0.590869220814306	0.712626745564479	0.469111696064132	0.522017696175888	0.655063827361324	0.388971564990452
"14"	5.87939698492462	0.652191089988581	0.745908741677506	0.558473438299657	0.77092318459115	0.87272354711818	0.669122822064119	0.592546987543869	0.71484388533646	0.470250089751279	0.523828240827638	0.657431868689147	0.390224612966128
"15"	6.33165829145729	0.651706217241668	0.744930680791734	0.558481753691602	0.770438311844236	0.871772794425169	0.669103829263303	0.594224754273433	0.717066290614925	0.471383217931941	0.525638785479388	0.65980748948807	0.391470081470705
"16"	6.78391959798995	0.651221344494754	0.743956730110164	0.558485958879345	0.769953439097323	0.870826080007464	0.669080798187182	0.595902521002997	0.719293891675462	0.472511150330532	0.527449330131138	0.662190594398066	0.392708065864209
"17"	7.23618090452261	0.650736471747841	0.742986955005166	0.558485988490516	0.769468566350409	0.869883459585214	0.669053673115605	0.59758028773256	0.721526619371563	0.473633956093557	0.529259874782888	0.664581088420659	0.393938661145117
"18"	7.68844221105528	0.650251599000928	0.742021421666723	0.558481776335132	0.768983693603496	0.868944989400711	0.669022397806281	0.599258054462124	0.723764405150539	0.474751703773709	0.531070419434638	0.666978876963286	0.395161961905989
"19"	8.14070351758794	0.649766726254014	0.741060197093627	0.558473255414402	0.768498820856583	0.868010726207097	0.668986915506069	0.600935821191688	0.726007181068247	0.475864461315128	0.532880964086388	0.669383865881558	0.396378062291218
"20"	8.5929648241206	0.649281853507101	0.740103349083341	0.558460357930861	0.768013948109669	0.867080727256117	0.668947168963221	0.602613587921251	0.72825487980271	0.476972296039792	0.534691508738138	0.671795961519422	0.397587055956854
"21"	9.04522613065327	0.648796980760188	0.739150946220465	0.558443015299911	0.767529075362756	0.866155050284897	0.668903100440616	0.604291354650815	0.730507434666622	0.478075274635008	0.536502053389888	0.674215070747279	0.398789036032497
"22"	9.49748743718593	0.648312108013274	0.73820305786374	0.558421158162808	0.767044202615843	0.86523375350169	0.668854651729995	0.605969121380378	0.732764779618805	0.479173463141951	0.538312598041638	0.676641100998068	0.399984095085208
"23"	9.94974874371859	0.647827235266361	0.737259754131544	0.558394716401178	0.766559329868929	0.8643168955706	0.668801764167259	0.607646888109942	0.73502684927464	0.480266926945244	0.540123142693388	0.679073960301364	0.401172325085412
"24"	10.4020100502513	0.647342362519447	0.736321105885792	0.558363619153103	0.766074457122016	0.863404535595212	0.66874437864882	0.609324654839506	0.737293578915504	0.481355730763508	0.541933687345138	0.681513557315529	0.402353817374747
"25"	10.8542713567839	0.646857489772534	0.735387184714211	0.558327794830857	0.765589584375102	0.862496733101142	0.668682435649063	0.611002421569069	0.739564904497262	0.482439938640877	0.543744231996888	0.683959801357946	0.40352866263583
"26"	11.3065326633166	0.646372617025621	0.734458062910903	0.558287171140338	0.765104711628189	0.861593548017448	0.66861587523893	0.612680188298633	0.741840762657838	0.483519613939428	0.545554776648638	0.686412602433393	0.404696950863883
"27"	11.7587939698492	0.645887744278707	0.733533813455151	0.558241675102263	0.764619838881276	0.860695040656894	0.668544637105658	0.614357955028197	0.744121090723903	0.48459481933249	0.547365321300388	0.68887187126059	0.405858771340186
"28"	12.2110552763819	0.645402871531794	0.732614509988396	0.558191233075192	0.764134966134362	0.859801271695038	0.668468660573687	0.61603572175776	0.746405826716718	0.485665616798803	0.549175865952138	0.691337519296976	0.407014212607299
"29"	12.6633165829146	0.64491799878488	0.731700226789342	0.558135770780419	0.763650093387449	0.858912302148118	0.668387884626779	0.617713488487324	0.748694909357161	0.486732067617487	0.550986410603888	0.693809458761758	0.408163362446018
"30"	13.1155778894472	0.644433126037967	0.73079103874712	0.558075213328814	0.763165220640536	0.858028193349725	0.668302247931346	0.619391255216887	0.750988278069982	0.487794232363793	0.552796955255638	0.696287602657273	0.409306307854002
"31"	13.5678391959799	0.643948253291054	0.729887021332464	0.558009485249644	0.762680347893622	0.857149006926222	0.668211688861022	0.621069021946451	0.753285872987304	0.488852170905599	0.554607499907388	0.698771864788741	0.410443135026035
"32"	14.0201005025126	0.64346338054414	0.728988250566836	0.557938510521444	0.762195475146709	0.85627480477092	0.668116145522497	0.622746788676015	0.755587634951416	0.489905942400614	0.556418044559138	0.70126215978242	0.411573929335855
"33"	14.4723618090452	0.642978507797227	0.728094802989469	0.557862212604985	0.761710602399795	0.85540564901697	0.668015555782621	0.624424555405578	0.757893505516888	0.490955605294269	0.558228589210888	0.703758403102253	0.412698775319523
"34"	14.9246231155779	0.642493635050314	0.727206755622259	0.557780514478368	0.761225729652882	0.854541602008973	0.667909857296791	0.626102322135142	0.760203426952031	0.492001217318253	0.560039133862638	0.706260511065027	0.413817756660249
"35"	15.3768844221106	0.6420087623034	0.72632418593248	0.557693338674321	0.760740856905969	0.85368272627329	0.667798987538648	0.627780088864706	0.762517342239746	0.493042835489665	0.561849678514388	0.708768400854121	0.414930956174655
"36"	15.8291457286432	0.641523889556487	0.725447171793274	0.557600607319699	0.760255984159055	0.852829084487046	0.667682883831065	0.629457855594269	0.764835195077782	0.494080516110756	0.563660223166138	0.711281990531875	0.416038455800401
"37"	16.2814070351759	0.641039016809573	0.724575791441888	0.557502242177259	0.759771111412142	0.851980739445826	0.667561483378458	0.631135622323833	0.767156929878433	0.495114314769232	0.565470767817888	0.713801199050648	0.417140336585129
"38"	16.7336683417085	0.64055414406266	0.723710123435611	0.557398164689709	0.759286238665228	0.851137754030053	0.667434723300404	0.632813389053396	0.769482491767715	0.496144286339078	0.567281312469638	0.716325946262596	0.41823667867668
"39"	17.1859296482412	0.640069271315747	0.72285024660542	0.557288296026073	0.758801365918315	0.850300191170059	0.667302540666571	0.63449115578296	0.771811826584027	0.497170484981893	0.569091857121388	0.718856152928252	0.419327561314524
"40"	17.6381909547739	0.639584398568833	0.721996240007273	0.557172557130393	0.758316493171402	0.84946811380984	0.667164872532963	0.636168922512524	0.774144880876356	0.498192964148691	0.570902401773138	0.721391740723919	0.420413062822357
"41"	18.0904522613065	0.63909952582192	0.721148182871074	0.557050868772766	0.757831620424488	0.848641584869524	0.667021655979453	0.637846689242087	0.776481601902014	0.49921177658216	0.572712946424888	0.723932632247959	0.421493260601817
"42"	18.5427135678392	0.638614653075007	0.720306154547284	0.556923151602729	0.757346747677575	0.84782066720654	0.66687282814861	0.639524455971651	0.778821937623969	0.500226974319333	0.574523491076638	0.726478751026011	0.422568231127265
"43"	18.9949748743719	0.638129780328093	0.719470234451183	0.556789326205003	0.756861874930662	0.847005423575525	0.666718326285799	0.641202222701215	0.781165836707765	0.501238608694664	0.576334035728388	0.72903002151519	0.423638049941586
"44"	19.4472361809045	0.63764490758118	0.718640502004804	0.556649313157556	0.756377002183748	0.846195916586975	0.666558087780522	0.642879989430778	0.78351324851808	0.502246730343477	0.578144580380138	0.731586369107306	0.42470279165297
"45"	19.8994974874372	0.637160034834266	0.717817036576533	0.556503033092	0.755892129436835	0.845392208664674	0.666392050208995	0.644557756160342	0.785864123114921	0.503251389205762	0.579955125031888	0.734147720131169	0.425762529932607
"46"	20.3517587939699	0.636675162087353	0.716999917418434	0.556350406756272	0.755407256689921	0.844594362001929	0.666220151377914	0.646235522889905	0.7882184112495	0.504252634530311	0.581765669683638	0.736714001854	0.426817337513276
"47"	20.8040201005025	0.63619028934044	0.716189223601304	0.556191355079575	0.754922383943008	0.843802438516636	0.666042329369381	0.647913289619469	0.790576064359793	0.505250514879145	0.583576214335388	0.739285142482014	0.427867286188762
"48"	21.2562814070352	0.635705416593526	0.71538503394753	0.556025799239523	0.754437511196095	0.843016499805228	0.665858522586962	0.649591056349033	0.792937034565823	0.506245078132242	0.585386758987138	0.741861071160202	0.428912446814074
"49"	21.7085427135678	0.635220543846613	0.714587426961782	0.555853660731444	0.753952638449181	0.84223660709555	0.665668669802813	0.651268823078596	0.795301274664665	0.507236371492528	0.587197303638888	0.744441717971366	0.42995288930641
"50"	22.1608040201005	0.634735671099699	0.713796480759628	0.555674861439771	0.753467765702268	0.841462821198695	0.665472710205841	0.65294658980816	0.797668738125211	0.508224441491109	0.589007848290638	0.747027013934439	0.430988682646838
"51"	22.6130653266332	0.634250798352786	0.713012272994137	0.555489323711435	0.752982892955355	0.840695202459869	0.66527058345084	0.654624356537724	0.800039379082702	0.509209333992745	0.590818392942388	0.74961689100213	0.432019894882646
"52"	23.0653266331658	0.633765925605873	0.71223488078056	0.555296970431185	0.752498020208441	0.839933810708341	0.665062229708542	0.656302123267287	0.802413152333046	0.510191094201528	0.592628937594138	0.752211282057945	0.433046593130332
"53"	23.5175879396985	0.633281052858959	0.711464380619194	0.555097725098725	0.752013147461528	0.83917870520654	0.664847589716516	0.657979889996851	0.804790013326948	0.511169766666753	0.594439482245888	0.754810120912598	0.434068843579179
"54"	23.9698492462312	0.632796180112046	0.710700848316535	0.554891511907557	0.751528274714614	0.838429944598374	0.664626604830855	0.659657656726414	0.80716991816385	0.512145395288979	0.596250026897638	0.757413342299872	0.435086711495405
"55"	24.4221105527638	0.632311307365133	0.709944358904853	0.554678255825412	0.751043401967701	0.837687586856839	0.664399217078563	0.661335423455978	0.809552823585716	0.51311802332624	0.598060571549388	0.760020881871946	0.43610026122683
"56"	24.8743718592965	0.631826434618219	0.709194986560313	0.554457882676125	0.750558529220788	0.836951689231001	0.664165369210575	0.663013190185542	0.811938686970666	0.514087693400417	0.599871116201138	0.762632676194237	0.437109556208039
"57"	25.3266331658291	0.631341561871306	0.708452804519795	0.554230319222816	0.750073656473874	0.836222308192445	0.663925004755303	0.664690956915105	0.814327466326472	0.515054447503739	0.601681660852888	0.76524866273977	0.438114658966007
"58"	25.7788944723618	0.630856689124392	0.707717884996576	0.553995493252209	0.749588783726961	0.835499499381268	0.663678068072654	0.666368723644669	0.816719120283934	0.516018327005404	0.603492205504638	0.767868779883129	0.439115631126148
"59"	26.2311557788945	0.630371816377479	0.706990299095034	0.553753333659925	0.749103910980048	0.834783317551714	0.663424504408381	0.668046490374233	0.819113608090152	0.516979372658313	0.605302750156388	0.770492966894002	0.440112533418775
"60"	26.6834170854271	0.629886943630566	0.706270116724569	0.553503770536563	0.748619038233134	0.834073816517563	0.663164259948706	0.669724257103796	0.821510889601692	0.5179376246059	0.607113294808138	0.773121163930359	0.441105425685918
"61"	27.1356783919598	0.629402070883652	0.705557406512922	0.553246735254382	0.748134165486221	0.83337104909736	0.662897281875082	0.67140202383336	0.823910925277675	0.518893122389045	0.608923839459888	0.775753312031281	0.442094366888496
"62"	27.5879396984925	0.628917198136739	0.704852235719105	0.552982160554373	0.747649292739307	0.83267506705961	0.662623518419005	0.673079790562923	0.826313676172787	0.51984590495306	0.610734384111638	0.778389353109476	0.443079415113801
"63"	28.0402010050251	0.628432325389826	0.704154670146139	0.552709980633512	0.747164419992394	0.831985921068038	0.66234291891675	0.674757557292487	0.828719103930232	0.520796010654742	0.612544928763388	0.781029229943501	0.444060627583276
"64"	28.4924623115578	0.627947452642912	0.70346477405385	0.552430131231974	0.746679547245481	0.831303660627034	0.662055433863928	0.676435324022051	0.831127170774621	0.52174347726948	0.614355473415138	0.783672886169716	0.445038060660561
"65"	28.9447236180905	0.627462579895999	0.702782610071921	0.552142549720076	0.746194674498567	0.83062833402741	0.661761014969724	0.678113090751614	0.833537839504829	0.5226883419984	0.616166018066888	0.786320266273994	0.446011769859782
"66"	29.3969849246231	0.626977707149085	0.702108239113468	0.551847175184703	0.745709801751654	0.829959988292584	0.661459615210724	0.679790857481178	0.835951073486803	0.523630641475553	0.617976562718639	0.788971315583207	0.44698180985407
"67"	29.8492462311558	0.626492834402172	0.701441720289358	0.551543948514986	0.74522492900474	0.829298669125306	0.661151188884175	0.681468624210742	0.838366836646357	0.524570411775126	0.619787107370388	0.79162598025651	0.447948234484267
"68"	30.3015075376884	0.626007961655259	0.700783110823548	0.551232812486969	0.744740056257827	0.828644420855085	0.660835691660569	0.683146390940305	0.84078509346194	0.52550768841867	0.621597652022139	0.794284207276445	0.448911096767832
"69"	30.7537688442211	0.625523088908345	0.700132465969674	0.550913711847016	0.744255183510914	0.827997286386402	0.660513080635425	0.684824157669869	0.843205808957391	0.526442506382347	0.623408196673888	0.79694594443988	0.449870448907897
"70"	31.2060301507538	0.625038216161432	0.699489838929169	0.550586593393695	0.743770310764	0.827357307147878	0.660183314380123	0.686501924399432	0.845628948694693	0.527374900104172	0.625218741325639	0.799611140348804	0.450826342302473
"71"	31.6582914572864	0.624553343414518	0.698855280771154	0.550251406057883	0.743285438017087	0.8267245230425	0.659846352991674	0.688179691128996	0.848054478766732	0.52830490349126	0.627029285977388	0.802279744400998	0.451778827553779
"72"	32.1105527638191	0.624068470667605	0.698228840354383	0.549908100980827	0.742800565270174	0.826098972399049	0.659502158141298	0.68985745785856	0.850482365790059	0.52923254992706	0.628839830629139	0.80495170678059	0.452727954477688
"73"	32.5628140703518	0.623583597920692	0.697610564251481	0.549556631589902	0.74231569252326	0.825480691924858	0.659150693121662	0.691535224588123	0.852912576897668	0.530157872278579	0.630650375280889	0.807626978448513	0.453673772113264
"74"	33.0150753768844	0.623098725173778	0.697000496675754	0.549196953671802	0.741830819776347	0.824869716660024	0.65879192289267	0.693212991317687	0.855345079731793	0.531080902903581	0.632460919932639	0.810305511132894	0.454616328732384
"75"	33.4673366834171	0.622613852426865	0.696398679410812	0.548829025442918	0.741345947029433	0.824266079933199	0.658425814125667	0.69489075804725	0.857779842436736	0.532001673657765	0.634271464584389	0.812987257319359	0.455555671849418
"76"	33.9195979899498	0.622128979679952	0.695805151743257	0.548452807616646	0.74086107428252	0.823669813319101	0.658052335245939	0.696568524776814	0.860216833651715	0.532920215901913	0.636082009236139	0.815672170241301	0.456491848230976
"77"	34.3718592964824	0.621644106933038	0.695219950398694	0.548068263467382	0.740376201535607	0.823080946597841	0.657671456473372	0.698246291506378	0.862656022503754	0.533836560509001	0.637892553887889	0.818360203870094	0.457424903905684
"78"	34.8241206030151	0.621159234186125	0.694643109481279	0.547675358890971	0.739891328788693	0.822499507716206	0.65728314986118	0.699924058235941	0.865097378600609	0.534750737871274	0.639703098539639	0.821051312905282	0.458354884173995
"79"	35.2763819095477	0.620674361439211	0.694074660417043	0.54727406246138	0.73940645604178	0.821925522751001	0.656887389332558	0.701601824965505	0.867540872023734	0.535662777907276	0.641513643191389	0.823745452764754	0.459281833618024
"80"	35.7286432160804	0.620189488692298	0.693514631901203	0.546864345483393	0.738921583294867	0.821359015874563	0.65648415071517	0.703279591695069	0.869986473321298	0.536572710068839	0.643324187843139	0.826442579574901	0.460205796111376
"81"	36.1809045226131	0.619704615945385	0.692963049849667	0.546446182041103	0.738436710547953	0.820800009322549	0.656073411773358	0.704957358424632	0.872434153501249	0.537480563348016	0.645134732494889	0.829142650160785	0.461126814828992
"82"	36.6331658291457	0.619219743198471	0.692419937354906	0.546019549042036	0.73795183780104	0.820248523364097	0.655655152237983	0.706635125154196	0.874883884024426	0.538386366283966	0.646945277146639	0.831845622036311	0.462044932256967
"83"	37.0854271356784	0.618734870451558	0.691885314646393	0.545584426256722	0.737466965054126	0.819704576274457	0.655229353833796	0.708312891883759	0.877335636797737	0.539290146969782	0.648755821798389	0.83455145339442	0.462960190202357
"84"	37.5376884422111	0.618249997704645	0.691359199055732	0.545140796353557	0.736982092307213	0.819168184310167	0.654796000304259	0.709990658613323	0.879789384167382	0.540191933059264	0.650566366450139	0.837260103097314	0.463872629802963
"85"	37.9899497487437	0.617765124957731	0.690841604986643	0.544688644928819	0.7364972195603	0.818639361686859	0.65435507743374	0.711668425342887	0.882245098912149	0.541091751773625	0.652376911101889	0.839971530666709	0.464782291537068
"86"	38.4422110552764	0.617280252210818	0.690332543889918	0.544227960531717	0.736012346813386	0.818118120559767	0.653906573067005	0.71334619207245	0.88470275423676	0.54198962990814	0.654187455753639	0.842685696274135	0.465689215233142
"87"	38.894472361809	0.616795379463904	0.689832024243432	0.543758734684376	0.735527474066473	0.817604471006993	0.653450477125953	0.715023958802014	0.887162323765296	0.542885593838732	0.655998000405389	0.84540256073128	0.466593440079498
"88"	39.3467336683417	0.616310506716991	0.689340051537315	0.543280961896667	0.735042601319559	0.817098421015584	0.652986781623535	0.716701725531578	0.889623781534674	0.543779669528481	0.657808545057139	0.848122085480393	0.467495004633885
"89"	39.7989949748744	0.615825633970078	0.688856628264326	0.542794639675829	0.734557728572646	0.816599976470476	0.652515480674816	0.718379492261141	0.8920871019882	0.544671882534082	0.659619089708889	0.850844232584744	0.468393946833034
"90"	40.251256281407	0.615340761223164	0.688381753915485	0.542299768530844	0.734072855825733	0.816109141146326	0.65203657050514	0.720057258990705	0.894552259969195	0.545562258012214	0.661429634360639	0.853568964719149	0.469290304002128
"91"	40.7035175879397	0.614855888476251	0.687915424980959	0.541796351971543	0.733587983078819	0.815625916702263	0.651550049455375	0.721735025720268	0.897019230714681	0.546450820725856	0.663240179012389	0.85629624516057	0.470184112864208
"92"	41.1557788944724	0.614371015729337	0.687457634956226	0.541284396502449	0.733103110331906	0.815150302679588	0.651055917984224	0.723412792449832	0.899487989849146	0.547337595050518	0.665050723664139	0.859026037778778	0.4710754095495
"93"	41.608040201005	0.613886142982424	0.687008374353462	0.540763911611386	0.732618237584993	0.814682296502406	0.650554178667579	0.725090559179396	0.901958513378387	0.548222604980404	0.666861268315889	0.86175830702711	0.471964229604668
"94"	42.0603015075377	0.613401270235511	0.686567630718135	0.540234909752886	0.732133364838079	0.81422189348121	0.650044836194948	0.726768325908959	0.904430777683413	0.549105874134506	0.668671812967639	0.864493017933295	0.472850608001983
"95"	42.5125628140703	0.612916397488597	0.686135388650708	0.539697406326487	0.731648492091166	0.813769086819392	0.649527897362939	0.728446092638523	0.906904759514437	0.549987425762609	0.670482357619389	0.867230136090375	0.473734579148403
"96"	42.964824120603	0.612431524741684	0.685711629833388	0.53915141964998	0.731163619344252	0.81332386762267	0.649003371065835	0.730123859368087	0.909380435984933	0.55086728275124	0.672292902271139	0.869969627647707	0.474616176894571
"97"	43.4170854271357	0.61194665199477	0.685296333061803	0.538596970927738	0.730678746597339	0.81288622491139	0.648471268283288	0.73180162609765	0.911857784565776	0.551745467629524	0.674103446922889	0.872711459302062	0.475495434543715
"98"	43.8693467336683	0.611461779247857	0.684889474281473	0.538034084214242	0.730193873850426	0.812456145635668	0.647931602065184	0.733479392827214	0.914336783079454	0.552622002574974	0.675913991574639	0.87545559828882	0.476372384860457
"99"	44.321608040201	0.610976906500944	0.684491026628945	0.537462786372943	0.729709001103512	0.812033614693332	0.647384387513692	0.735157159556777	0.916817409694357	0.553496909419198	0.677724536226389	0.878202012373253	0.477247060079525
"100"	44.7738693467337	0.61049203375403	0.684100960477416	0.536883107030645	0.729224128356599	0.811618614950591	0.646829641762607	0.736834926286341	0.919299642919145	0.554370209653537	0.679535080878139	0.880950669841913	0.478119491914365
"101"	45.2261306532663	0.610007161007117	0.683719243486678	0.536295078527556	0.728739255609686	0.811211127265372	0.646267383954	0.738512693015905	0.921783461597191	0.555241924434618	0.681345625529889	0.883701539494121	0.478989711565657
"102"	45.678391959799	0.609522288260204	0.683345840657176	0.535698735863231	0.728254382862772	0.810811130513261	0.645697635212283	0.740190459745468	0.924268844901103	0.556112074589833	0.683156170181639	0.886454590633553	0.479857749729725
"103"	46.1306532663317	0.60903741551329	0.682980714387993	0.535094116638587	0.727769510115859	0.810418601615955	0.645120418615762	0.741868226475032	0.926755772327319	0.556980680622745	0.684966714833389	0.889209793059936	0.480723636606842
"104"	46.5829145728643	0.608552542766377	0.682623824538525	0.534481260994229	0.727284637368945	0.810033515572135	0.644535759165756	0.743545993204596	0.929244223690785	0.557847762718407	0.686777259485139	0.891967117060838	0.48158740190944
"105"	47.035175879397	0.608067670019463	0.682275128493625	0.533860211545302	0.726799764622032	0.809655845490677	0.643943683753387	0.745223759934159	0.931734179119701	0.558713340748618	0.688587804136889	0.894726533403575	0.482449074870203
"106"	47.4874371859297	0.60758279727255	0.681934581231982	0.533231013313119	0.726314891875119	0.809285562626093	0.643344221124144	0.746901526663723	0.934225619050356	0.55957743427709	0.690398348788639	0.897488013327216	0.483308684250062
"107"	47.9396984924623	0.607097924525637	0.681602135397478	0.532593713653796	0.725830019128205	0.808922636416097	0.642737401840313	0.748579293393286	0.936718524222026	0.560440062564547	0.692208893440389	0.900251528534701	0.484166258346077
"108"	48.391959798995	0.606613051778723	0.681277741373281	0.531948362184166	0.725345146381292	0.808567034521178	0.642123258241406	0.75025706012285	0.939212875671958	0.561301244573742	0.694019438092139	0.90301705118506	0.485021824999219
"109"	48.8442211055276	0.60612817903181	0.680961347358413	0.531295010705206	0.724860273634378	0.808218722866075	0.641501824402681	0.751934826852414	0.941708654730421	0.562160998974406	0.695829982743889	0.905784553885741	0.485875411602037
"110"	49.2964824120603	0.605643306284897	0.680652899446532	0.530633713123261	0.724375400887465	0.807877665683034	0.640873136091896	0.753612593581977	0.944205843015842	0.563019344148112	0.697640527395639	0.908554009685057	0.486727045106222
"111"	49.748743718593	0.605158433537983	0.680352341706667	0.529964525369299	0.723890528140552	0.807543825556705	0.640237230724399	0.755290360311541	0.946704422430007	0.563876298193074	0.699451072047389	0.911325392064719	0.48757675203006
"112"	50.2010050251256	0.60467356079107	0.680059616265653	0.529287505316486	0.723405655393638	0.807217163470582	0.639594147316695	0.756968127041104	0.949204375153341	0.564731878928868	0.701261616699139	0.914098674932501	0.488424558465778
"113"	50.6532663316583	0.604188688044156	0.679774663391993	0.52860271269632	0.722920782646725	0.806897638854837	0.638943926438613	0.758645893770668	0.951705683640261	0.565586103901076	0.703072161350889	0.916873832614996	0.489270490086783
"114"	51.105527638191	0.603703815297243	0.679497421580891	0.527910209013595	0.722435909899812	0.806585209635427	0.638286610164196	0.760323660500232	0.954208330614601	0.566438990385863	0.704882706002639	0.919650839850487	0.490114572154791
"115"	51.5577889447236	0.60321894255033	0.679227827640217	0.527210057460443	0.721951037152898	0.806279832284343	0.637622242021453	0.762001427229795	0.956712299065111	0.567290555394479	0.706693250654389	0.922429671781924	0.490956829526854
"116"	52.0100502512563	0.602734069803416	0.678965816777134	0.526502322829699	0.721466164405985	0.80598146187087	0.636950866941099	0.763679193959359	0.959217572241027	0.568140815677691	0.708503795306139	0.925210303950008	0.49179728666227
"117"	52.4623115577889	0.602249197056503	0.678711322685158	0.525787071427848	0.720981291659071	0.805690052113732	0.636272531204411	0.765356960688923	0.961724133647707	0.568989787730139	0.710314339957889	0.927992712286382	0.492635967629397
"118"	52.9145728643216	0.60176432430959	0.678464277631412	0.525064370987767	0.720496418912158	0.805405555433985	0.635587282390331	0.767034727418486	0.964231967042346	0.569837487794626	0.712124884609639	0.930776873106924	0.493472896112355
"119"	53.3668341708543	0.601279451562676	0.678224612543842	0.524334290581511	0.720011546165245	0.805127923008539	0.63489516932195	0.76871249414805	0.966741056429756	0.570683931866343	0.713935429261389	0.933562763105151	0.494308095417627
"120"	53.8190954773869	0.600794578815763	0.677992257098178	0.523596900533347	0.719526673418331	0.804857104824174	0.634196242012489	0.770390260877614	0.969251386058213	0.571529135697014	0.715745973913139	0.936350359345728	0.49514158848055
"121"	54.2713567839196	0.600309706068849	0.677767139804439	0.522852272333259	0.719041800671418	0.804593049731936	0.6334905516109	0.772068027607177	0.971762940415373	0.572373114798981	0.717556518564889	0.939139639258072	0.495973397871707
"122"	54.7236180904523	0.599824833321936	0.677549188092764	0.522100478551108	0.718556927924505	0.804335705501786	0.632778150347223	0.773745794336741	0.97427570422426	0.573215884449221	0.719367063216639	0.941930580630066	0.496803545803213
"123"	55.1758793969849	0.599339960575023	0.677338328398393	0.521341592751652	0.718072055177591	0.804085018877377	0.632059091477805	0.775423561066304	0.976789662439314	0.574057459693295	0.721177607868389	0.944723161601879	0.4976320541349
"124"	55.6281407035176	0.598855087828109	0.677134486245626	0.520575689410593	0.717587182430678	0.803840935630865	0.631333429230491	0.777101327795868	0.979304800242505	0.574897855349231	0.722988152520139	0.947517360659873	0.498458944380406
"125"	56.0804020100502	0.598370215081196	0.67693758633057	0.519802843831822	0.717102309683764	0.80360340061762	0.630601218749909	0.778779094525432	0.981821103039521	0.575737086011342	0.724798697171889	0.95031315663063	0.499284237713149
"126"	56.5326633165829	0.597885342334282	0.676747552602546	0.519023132066019	0.716617436936851	0.803372357830744	0.629862516042958	0.780456861254995	0.984338556456006	0.576575166053985	0.72660924182364	0.953110528675056	0.500107954972223
"127"	56.9849246231156	0.597400469587369	0.676564308343993	0.518236630830745	0.716132564189938	0.803147750455292	0.629117377924584	0.782134627984559	0.986857146333871	0.577412109635246	0.72841978647539	0.955909456282605	0.500930116668174
"128"	57.4371859296482	0.596915596840456	0.676387776248749	0.517443417432163	0.715647691443024	0.802929520922092	0.628365861963957	0.783812394714122	0.989376858727667	0.578247930700577	0.73023033112714	0.958709919265582	0.501750742988697
"129"	57.8894472361809	0.596430724093542	0.676217878498579	0.516643569688505	0.715162818696111	0.802717610961081	0.627608026431141	0.785490161443686	0.991897679901014	0.579082642986358	0.73204087577889	0.961511897753554	0.502569853804225
"130"	58.3417085427136	0.595945851346629	0.676054536837858	0.5158371658554	0.714677945949197	0.802511961654055	0.62684393024434	0.78716792817325	0.994419596323093	0.579916260023406	0.733851420430639	0.964315372187849	0.50338746867343
"131"	58.7939698492462	0.595460978599716	0.67589767264629	0.515024284553141	0.714193073202284	0.802312513486766	0.626073632917802	0.788845694902813	0.996942594665204	0.580748795140423	0.73566196508239	0.967120323316156	0.504203606848623
"132"	59.2462311557789	0.594976105852802	0.675747207009603	0.514205004696002	0.713708200455371	0.802119206400275	0.625297194510467	0.790523461632377	0.99946666179737	0.581580261467384	0.73747250973414	0.969926732187206	0.505018287281073
"133"	59.6984924623116	0.594491233105889	0.67560306078812	0.513379405423657	0.713223327708457	0.80193197984149	0.624514675575425	0.792201228361941	1.00199178478501	0.582410671938866	0.73928305438589	0.972734580145557	0.505831528626222
"134"	60.1507537688442	0.594006360358975	0.675465154683174	0.512547566034777	0.712738454961544	0.801750772812834	0.623726137110253	0.793878995091504	1.00451795088568	0.583240039297324	0.74109359903764	0.975543848826464	0.506643349248815
"135"	60.6030150753769	0.593521487612062	0.675333409301278	0.511709565922846	0.712253582214631	0.801575523920961	0.6229316405083	0.795556761821068	1.00704514754583	0.584068376096304	0.74290414368939	0.978354520150834	0.507453767227945
"136"	61.0552763819096	0.593036614865149	0.675207745216038	0.51086548451426	0.711768709467717	0.801406171424475	0.62213124751096	0.797234528550631	1.00957336239766	0.584895694703605	0.74471468834114	0.981166576320275	0.508262800362004
"137"	61.5075376884422	0.592551742118235	0.675088083027761	0.51001540120871	0.711283836720804	0.801242653280602	0.621325020161006	0.798912295280195	1.012102583256	0.585722007304386	0.74652523299289	0.98397999981223	0.509070466173549
"138"	61.9597989949749	0.592066869371322	0.674974343420735	0.509159395321909	0.71079896397389	0.80108490719076	0.620513020757021	0.800590062009759	1.0146327981153	0.586547325904218	0.74833577764464	0.986794773375196	0.509876781914083
"139"	62.4120603015075	0.591581996624409	0.674866447218172	0.508297546030645	0.710314091226977	0.800932870644989	0.619695311808965	0.802267828739322	1.01716399514656	0.587371662332081	0.75014632229639	0.989610880024025	0.510681764568755
"140"	62.8643216080402	0.591097123877495	0.674764315434796	0.507429932320194	0.709829218480064	0.800786480965206	0.618871955994921	0.803945595468886	1.01969616269446	0.588195028243314	0.75195686694814	0.992428303035311	0.511485430860969
"141"	63.3165829145729	0.590612251130582	0.674667869327091	0.506556632934073	0.70934434573315	0.800645675347247	0.618043016119053	0.80562336219845	1.02222928927439	0.589017435122508	0.75376741159989	0.995247025942859	0.512287797256921
"142"	63.7688442211055	0.590127378383668	0.674577030441203	0.505677726326134	0.708859472986237	0.800510390901679	0.617208555070795	0.807301128928013	1.02476336356967	0.589838894286353	0.75557795625164	0.998067032533232	0.513088879970048
"143"	64.2211055276382	0.589642505636755	0.674491720658523	0.504793290614987	0.708374600239324	0.800380564693343	0.616368635785304	0.808978895657577	1.02729837442872	0.590659416886429	0.75738850090339	1.00088830684138	0.5138886949654
"144"	64.6733668341708	0.589157632889842	0.674411862238959	0.503903403540724	0.70788972749241	0.800256133779629	0.615523321205191	0.81065666238714	1.02983431086232	0.591479013911956	0.75919904555514	1.00371083314634	0.514687257963936
"145"	65.1256281407035	0.588672760142928	0.674337377861936	0.50300814242392	0.707404854745497	0.800137035247452	0.614672674243542	0.812334429116704	1.03237116204092	0.59229769619249	0.76100959020689	1.00653459596704	0.515484584446741
"146"	65.5778894472362	0.588187887396015	0.674268190665148	0.502107584126882	0.706919981998583	0.800023206248922	0.613816757748245	0.814012195846268	1.03490891729196	0.593115474400573	0.76282013485864	1.00935958005811	0.516280689659165
"147"	66.0301507537689	0.587703014649101	0.674204224281095	0.501201805017108	0.70643510925167	0.799914584035714	0.612955634467626	0.815689962575831	1.03744756609733	0.593932359054336	0.76463067951039	1.01218577040588	0.517075588614895
"148"	66.4824120603015	0.587218141902188	0.674145402871463	0.500290880932914	0.705950236504757	0.799811105992114	0.6120893670174	0.817367729305395	1.03998709809073	0.59474836052006	0.76644122416214	1.01501315222433	0.517869296099946
"149"	66.9346733668342	0.586733269155275	0.674091651159367	0.499374887151183	0.705465363757843	0.799712709666759	0.611218017848927	0.819045496034958	1.04252750305523	0.595563489014684	0.76825176881389	1.0178417109512	0.518661826676583
"150"	67.3869346733668	0.586248396408361	0.674042894459524	0.498453898357199	0.70498049101093	0.799619332803067	0.610341649218793	0.820723262764522	1.04506877092077	0.596377754608278	0.77006231346564	1.02067143224411	0.519453194687171
"151"	67.8391959798995	0.585763523661448	0.673999058706397	0.497527988616499	0.704495618264017	0.79953091336836	0.609460323159673	0.822401029494086	1.04761089176171	0.597191167226463	0.77187285811739	1.02350230197682	0.520243414257962
"152"	68.2914572864322	0.585278650914535	0.673960070480368	0.496597231348701	0.704010745517103	0.799447389581698	0.608574101452508	0.824078796223649	1.0501538557945	0.598003736652796	0.77368340276914	1.02633430623548	0.521032499302801
"153"	68.7437185929648	0.584793778167621	0.673925857031993	0.49566169930325	0.70352587277019	0.799368699940433	0.607683045599947	0.825756562953213	1.05269765337531	0.598815472531112	0.77549394742089	1.02916743131501	0.521820463526774
"154"	69.1959798994975	0.584308905420708	0.673896346304393	0.494721464537022	0.703041000023276	0.799294783245486	0.606787216801067	0.827434329682777	1.05524227499774	0.599626384367815	0.77730449207264	1.03200166371549	0.522607320429791
"155"	69.6482412060301	0.583824032673794	0.673871466953852	0.493776598393737	0.702556127276363	0.799225578625386	0.60588667592734	0.82911209641234	1.05778771129054	0.600436481534144	0.77911503672439	1.03483699013869	0.523393083310092
"156"	70.1005025125628	0.583339159926881	0.673851148368661	0.492827171485101	0.70207125452945	0.799161025559072	0.604981483499827	0.830789863141904	1.06033395301542	0.601245773268383	0.78092558137614	1.03767339748457	0.524177765267708
"157"	70.5527638190955	0.582854287179968	0.673835320686291	0.491873253673644	0.701586381782536	0.799101063897477	0.604071699667596	0.832467629871467	1.06288099106489	0.602054268678049	0.78273612602789	1.04051087284794	0.524961379207836
"158"	71.0050251256281	0.582369414433054	0.673823914808939	0.49091491405717	0.701101509035623	0.799045633883934	0.603157384187312	0.834145396601031	1.06542881646004	0.60286197674202	0.78454667067964	1.0433494035151	0.525743937844176
"159"	71.4572864321608	0.581884541686141	0.673816862417518	0.489952220954764	0.700616636288709	0.798994676173408	0.602238596404011	0.835823163330595	1.06797742034854	0.603668906312647	0.78635721533139	1.04618897696059	0.526525453702188
"160"	71.9095477386935	0.581399668939228	0.673814095984149	0.488985241894306	0.700131763541796	0.79894813185059	0.601315395233002	0.837500930060158	1.0705267940025	0.604475066117816	0.78816775998314	1.04902958084398	0.527305939122302
"161"	72.3618090452261	0.580914796192314	0.673815548783214	0.488014043601415	0.699646890794883	0.798905942446877	0.600387839142888	0.839178696789722	1.07307692881647	0.605280464762971	0.78997830463489	1.05187120300672	0.528085406263059
"162"	72.8140703517588	0.580429923445401	0.673821154901037	0.487038691989765	0.699162018047969	0.798868049956263	0.599455986139676	0.840856463519286	1.07562781630546	0.606085110733114	0.79178884928664	1.05471383146907	0.528863867104207
"163"	73.2663316582915	0.579945050698487	0.673830849244247	0.486059252152728	0.698677145301056	0.798834396850168	0.598519893751944	0.842534230248849	1.07817944810294	0.606889012394756	0.79359939393839	1.05755745442705	0.52964133344973
"164"	73.7185929648241	0.579460177951574	0.673844567546887	0.485075788356261	0.698192272554143	0.798804926091243	0.597579619017042	0.844211996978413	1.08073181595898	0.607692177997842	0.79540993859014	1.06040206024946	0.530417816930824
"165"	74.1708542713568	0.578975305204661	0.673862246376325	0.484088364032996	0.697707399807229	0.798779581146168	0.59663521846829	0.845889763707977	1.08328491173831	0.608494615677641	0.79722048324189	1.06324763747496	0.531193329008822
"166"	74.6231155778895	0.578490432457747	0.673883823138025	0.483097041777469	0.697222527060316	0.798758305997478	0.595686748123154	0.84756753043754	1.08583872741849	0.609296333456593	0.79903102789364	1.06609417480922	0.531967880978062
"167"	75.0753768844221	0.578005559710834	0.673909236079238	0.48210188334243	0.696737654313402	0.798741045154449	0.594734263472356	0.849245297167104	1.08839325508806	0.610097339246143	0.80084157254539	1.06894166112208	0.532741483968705
"168"	75.5276381909548	0.57752068696392	0.673938424291661	0.48110294963618	0.696252781566489	0.798727743663074	0.593777819469904	0.850923063896667	1.09094848694482	0.610897640848518	0.80265211719714	1.07179008544478	0.533514148949496
"169"	75.9798994974874	0.577035814217007	0.673971327713129	0.480100300720885	0.695767908819576	0.798718347115155	0.592817470523996	0.852600830626231	1.09350441529397	0.611697245958496	0.80446266184889	1.0746394369673	0.534285886730485
"170"	76.4321608040201	0.576550941470094	0.674007887128383	0.479093995811805	0.695283036072662	0.798712801656547	0.591853270488777	0.854278597355795	1.09606103254647	0.612496162165123	0.80627320650064	1.0774897050356	0.535056707965685
"171"	76.8844221105528	0.57606606872318	0.674048044168967	0.478084093277394	0.694798163325749	0.798711053994583	0.590885272656915	0.855956364085358	1.0986183312173	0.613294396953419	0.80808375115239	1.08034087914909	0.535826623155695
"172"	77.3366834170854	0.575581195976267	0.674091741312312	0.477070650640222	0.694313290578836	0.798713051404706	0.589913529752965	0.857634130814922	1.10117630392381	0.614091957706037	0.80989429580414	1.08319294895802	0.53659564265026
"173"	77.7889447236181	0.575096323229354	0.674138921880042	0.476053724578665	0.693828417831922	0.798718741736346	0.588938093927498	0.859311897544485	1.10373494338407	0.614888851704903	0.81170484045589	1.08604590426098	0.537363776650799
"174"	78.2412060301507	0.57461145048244	0.674189530035562	0.475033370929319	0.693343545085009	0.798728073418067	0.58795901675195	0.860989664274049	1.10629424241527	0.615685086132825	0.81351538510764	1.0888997350024	0.538131035212877
"175"	78.6934673366834	0.574126577735527	0.674243510780964	0.47400964469009	0.692858672338095	0.798740995462012	0.586976349214179	0.862667431003613	1.10885419393215	0.616480668075072	0.81532592975939	1.09175443127015	0.538897428248634
"176"	79.1457286432161	0.573641704988613	0.674300809953298	0.472982600023929	0.692373799591182	0.798757457467681	0.585990141714683	0.864345197733176	1.11141479094543	0.617275604520924	0.81713647441114	1.09460998329311	0.539662965529173
"177"	79.5979899497488	0.5731568322417	0.674361374220251	0.471952290263149	0.691888926844269	0.798777409625065	0.585000444063472	0.86602296446274	1.11397602656028	0.6180699023652	0.81894701906289	1.09746638143888	0.540427656686901
"178"	80.0502512562814	0.572671959494787	0.674425151075275	0.470918767914299	0.691404054097355	0.798800802717169	0.584007305477541	0.867700731192304	1.11653789397486	0.618863568409752	0.82075756371464	1.10032361621146	0.541191511217823
"179"	80.5025125628141	0.572187086747873	0.674492088832194	0.469882084663553	0.690919181350442	0.798827588121946	0.583010774578937	0.869378497921867	1.11910038647879	0.619656609364939	0.82256810836639	1.10318167824897	0.541954538483809
"180"	80.9547738693467	0.57170221400096	0.674562136619346	0.468842291382574	0.690434308603528	0.798857717813678	0.582010899393378	0.871056264651431	1.12166349745179	0.620449031851075	0.82437865301814	1.10604055832148	0.5427167477148
"181"	81.4070351758794	0.571217341254047	0.674635244373274	0.467799438134819	0.689949435856615	0.798891144363821	0.58100772734941	0.872734031380994	1.12422722036215	0.621240842399843	0.82618919766989	1.10890024732879	0.54347814801099
"182"	81.8592964824121	0.570732468507133	0.674711362832019	0.466753574182247	0.689464563109702	0.798927820941343	0.58000130527806	0.874411798110558	1.12679154876542	0.622032047455694	0.82799974232164	1.11176073629832	0.544238748344958
"183"	82.3115577889447	0.57024759576022	0.674790443528031	0.465704747992409	0.688979690362788	0.798967701312592	0.578991679412985	0.876089564840122	1.12935647630303	0.622822653377218	0.82981028697339	1.11462201638301	0.544998557563766
"184"	82.7638190954774	0.569762723013306	0.674872438780746	0.464653007245867	0.688494817615875	0.799010739840692	0.577978895391058	0.877767331569685	1.13192199670088	0.623612666438491	0.83162083162514	1.11748407885926	0.545757584391021
"185"	83.21608040201	0.569277850266393	0.674957301688844	0.463598398843942	0.688009944868961	0.799056891484525	0.576962998253398	0.879445098299249	1.1344881037681	0.624402092830395	0.83343137627689	1.12034691512489	0.546515837428892
"186"	83.6683417085427	0.56879297751948	0.675044986122229	0.462540968916731	0.687525072122048	0.79910611179729	0.575944032446806	0.881122865028813	1.1370547913957	0.625190938661924	0.83524192092864	1.12321051669719	0.547273325160095
"187"	84.1206030150754	0.568308104772566	0.675135446713744	0.461480762831389	0.687040199375135	0.799158356924687	0.574922041825583	0.882800631758376	1.1396220535553	0.625979209961455	0.83705246558039	1.12607487521094	0.548030055949845
"188"	84.572864321608	0.567823232025653	0.675228638850663	0.460417825200642	0.686555326628221	0.799213583602731	0.573897069653712	0.88447839848794	1.14218988429787	0.626766912678009	0.83886301023214	1.12893998241651	0.548786038047768
"189"	85.0251256281407	0.56733835927874	0.675324518665973	0.459352199891506	0.686070453881308	0.799271749155228	0.572869158607388	0.886156165217504	1.14475827775253	0.62755405268248	0.840673554883891	1.13180583017801	0.549541279589776
"190"	85.4773869346734	0.566853486531826	0.675423043029465	0.458283930034187	0.685585581134395	0.799332811490926	0.571838350777863	0.887833931947067	1.14732722812528	0.628340635768849	0.842484099535641	1.13467241047137	0.550295788599916
"191"	85.929648241206	0.566368613784913	0.675524169538678	0.457213058031148	0.685100708387481	0.799396729100369	0.570804687674594	0.889511698676631	1.14989672969789	0.629126667655375	0.844294644187391	1.1375397153826	0.551049572992182
"192"	86.3819095477387	0.565883741037999	0.675627856509685	0.456139625566313	0.684615835640568	0.799463461052458	0.569768210228677	0.891189465406194	1.15246677682663	0.629912153985764	0.846105188839141	1.14040773710599	0.551802640572289
"193"	86.8341708542714	0.565398868291086	0.675734062967772	0.4550636736144	0.684130962893654	0.799532966990763	0.568728958796546	0.892867232135758	1.1550373639412	0.630697100330317	0.847915733490891	1.14327646794236	0.552554999039423
"194"	87.286432160804	0.564913995544173	0.675842748638003	0.453985242450342	0.683646090146741	0.799605207129575	0.567686973163907	0.894544998865322	1.15760848554358	0.631481512187068	0.849726278142641	1.14614590029733	0.553306655987956
"195"	87.7386934673367	0.564429122797259	0.675953873935703	0.452904371658815	0.683161217399828	0.799680142249734	0.566642292549922	0.896222765594885	1.16018013620689	0.632265394982882	0.851536822794391	1.14901602667965	0.554057618909127
"196"	88.1909547738694	0.563944250050346	0.676067399956875	0.451821100143817	0.682676344652914	0.799757733694247	0.565594955611582	0.897900532324449	1.16275231057434	0.633048754074557	0.853347367446141	1.15188683969958	0.554807895192701
"197"	88.643216080402	0.563459377303432	0.676183288468554	0.450735466138311	0.682191471906001	0.799837943363702	0.5645450004483	0.899578299054012	1.16532500335813	0.633831594749892	0.855157912097891	1.15475833206719	0.555557492128588
"198"	89.0954773869347	0.562974504556519	0.676301501899132	0.449647507213906	0.681706599159088	0.799920733711508	0.563492464606667	0.901256065783576	1.16789820933841	0.634613922228739	0.856968456749641	1.15763049659084	0.556306416908441
"199"	89.5477386934673	0.562489631809606	0.676422003328648	0.448557260290563	0.681221726412174	0.800006067738958	0.56243738508539	0.90293383251314	1.17047192336224	0.635395741664043	0.858779001401391	1.16050332617556	0.557054676627222
"200"	90	0.562004759062692	0.67654475647907	0.447464761646315	0.680736853665261	0.800093908990148	0.561379798340373	0.904611599242703	1.17304614034255	0.636177058142857	0.860589546053141	1.16337681382154	0.55780227828474
