"Latitude"	"Marginal"	"Upper"	"Lower"	"Stream"	"Stream_upper"	"Stream_lower"	"Marine"	"Marine_upper"	"Marine_lower"	"Terrestrial"	"Terr_upper"	"Terr_lower"
"1"	0	0.0188408574716163	0.192680601605607	-0.154998886662374	-0.156181598503416	0.0357662368165262	-0.348129433823358	-0.116489194026626	0.165692752304582	-0.398671140357834	-0.432246537081852	-0.215349329496692	-0.649143744667012
"2"	0.452261306532663	0.015246818494506	0.187697032444118	-0.157203395455106	-0.159775637480526	0.0308339426945896	-0.350385217655642	-0.115312483949146	0.16775937331839	-0.398384341216682	-0.428686812474601	-0.210576782528808	-0.646796842420394
"3"	0.904522613065327	0.0116527795173956	0.182718776029011	-0.15941321699422	-0.163369676457637	0.0259071891271619	-0.352646542042435	-0.114135773871666	0.1698523647605	-0.398123912503832	-0.425127087867351	-0.20578361628269	-0.644470559452012
"4"	1.35678391959799	0.00805874054028531	0.177745962375952	-0.161628481295382	-0.166963715434747	0.020986093975179	-0.354913524844673	-0.112959063794186	0.171971472224472	-0.397889599812843	-0.421567363260101	-0.200970176628429	-0.642164549891773
"5"	1.80904522613065	0.00446470156317497	0.172778725241095	-0.163849322114745	-0.170557754411857	0.0160707779442612	-0.357186286767976	-0.111782353716706	0.174116437454651	-0.397681144888063	-0.418007638652851	-0.196136807239734	-0.639878470065967
"6"	2.26130653266332	0.000870662586064636	0.167817202231382	-0.166075877059253	-0.174151793388968	0.0111613646493101	-0.359464951427245	-0.110605643639225	0.176286998643308	-0.397498285921759	-0.414447914045601	-0.191283849346044	-0.637611978745158
"7"	2.71356783919598	-0.0027233763910457	0.16286153491729	-0.168308287699381	-0.177745832366078	0.00625798067971273	-0.361749645411868	-0.109428933561745	0.178482890724286	-0.397340757847777	-0.41088818943835	-0.186411641501489	-0.635364737375212
"8"	3.16582914572864	-0.00631741536815603	0.157911868947958	-0.17054669968427	-0.181339871343188	0.00136075566506946	-0.364040498351446	-0.108252223484265	0.180703845662612	-0.397208292631142	-0.4073284648311	-0.181520519370332	-0.633136410291868
"9"	3.61809045226131	-0.00991145434526636	0.152968354168638	-0.17279126285917	-0.184933910320299	-0.00353017765864577	-0.366337642981951	-0.107075513406785	0.182949592739502	-0.397100619553072	-0.40376874022385	-0.176610815528457	-0.630926664919243
"10"	4.07035175879397	-0.0135054933223767	0.148031144740382	-0.175042131385136	-0.188527949297409	-0.00841468338259646	-0.368641215212221	-0.105898803329305	0.1852198588323	-0.397017465490909	-0.4002090156166	-0.171682859280472	-0.628735171952727
"11"	4.52261306532663	-0.017099532299487	0.143100399261863	-0.177299463860837	-0.192121988274519	-0.013292622358378	-0.37095135419066	-0.104722093251825	0.187514368688855	-0.396958555192504	-0.39664929100935	-0.166736976491941	-0.626561605526758
"12"	4.9748743718593	-0.0206935712765974	0.1381762808932	-0.179563423446395	-0.19571602725163	-0.0181638521312217	-0.373268202372037	-0.103545383174345	0.189832845195957	-0.396923611544646	-0.393089566402099	-0.161773489436228	-0.62440564336797
"13"	5.42713567839196	-0.0242876102537077	0.133258957481661	-0.181834177989076	-0.19931006622874	-0.023028226873245	-0.375591905584235	-0.102368673096864	0.192175009641425	-0.396912355835154	-0.389529841794849	-0.156792716655452	-0.622266966934246
"14"	5.87939698492462	-0.027881649230818	0.128348601689055	-0.184111900150691	-0.20290410520585	-0.0278855973168996	-0.377922613094801	-0.101191963019384	0.194540581969527	-0.396924508008295	-0.385970117187599	-0.151794972834995	-0.620145261540203
"15"	6.33165829145729	-0.0314756882079284	0.123445391120637	-0.186396767536493	-0.206498144182961	-0.032735810688781	-0.38026047767714	-0.100015252941904	0.196929281029424	-0.396959786913232	-0.382410392580349	-0.146780568691019	-0.618040216469678
"16"	6.78391959798995	-0.0350697271850387	0.118549508455288	-0.188688962825366	-0.210092183160071	-0.0375787106439802	-0.382605655676162	-0.0988385428644239	0.199340824816384	-0.397017910545232	-0.378850667973099	-0.141749810870449	-0.615951525075748
"17"	7.23618090452261	-0.038663766162149	0.113661141576732	-0.19098867390103	-0.213686222137181	-0.0424141372011733	-0.384958307073189	-0.0976618327869438	0.201774930705535	-0.397098596279422	-0.375290943365848	-0.136703001862831	-0.613878884868866
"18"	7.68844221105528	-0.0422578051392594	0.108780483705486	-0.193296093984004	-0.217280261114292	-0.0472419266786594	-0.387318595549924	-0.0964851227094636	0.204231315677967	-0.397201561096894	-0.371731218758598	-0.13164043992354	-0.611821997593656
"19"	8.14070351758794	-0.0458518441163697	0.103907733531233	-0.195611421763972	-0.220874300091402	-0.0520619116315785	-0.389686688551225	-0.0953084126319834	0.206709696539038	-0.397326521803005	-0.368171494151348	-0.126562419007752	-0.609780569294944
"20"	8.5929648241206	-0.04944588309348	0.0990430953452501	-0.19793486153221	-0.224468339068512	-0.0568739207905563	-0.392062757346468	-0.0941317025545033	0.209209790128748	-0.397473195237755	-0.364611769544098	-0.12146922871464	-0.607754310373555
"21"	9.04522613065327	-0.0530399220705904	0.0941867791724812	-0.200266623313662	-0.228062378045623	-0.0616777790020447	-0.3944469770892	-0.0929549924770232	0.211731313524107	-0.397641298478153	-0.361052044936847	-0.116361154241247	-0.605742935632448
"22"	9.49748743718593	-0.0566339610477007	0.0893390009028101	-0.202606922998212	-0.231656417022733	-0.066473307170643	-0.396839526874823	-0.091778282399543	0.214273984233416	-0.397830549032502	-0.357492320329597	-0.111238476345489	-0.603746164313705
"23"	9.94974874371859	-0.0602280000248111	0.0844999824210297	-0.204955982470652	-0.235250455999843	-0.0712603222037131	-0.399240589795973	-0.0906015723220629	0.216837520382453	-0.398040665026579	-0.353932595722347	-0.106101471317776	-0.601763720126918
"24"	10.4020100502513	-0.0638220390019214	0.0796699517349541	-0.207314029738797	-0.238844494976954	-0.0760386369586152	-0.401650352995292	-0.0894248622445827	0.219421640892537	-0.398271365381703	-0.350372871115097	-0.100950410960723	-0.599795331269471
"25"	10.8542713567839	-0.0674160779790317	0.0748491431010662	-0.20968129905913	-0.242438533954064	-0.0808080601929203	-0.404069007715207	-0.0882481521671026	0.2220260656505	-0.398522369984705	-0.346813146507847	-0.0957855625764631	-0.59784073043923
"26"	11.3065326633166	-0.071010116956142	0.0700377971470322	-0.212058031059316	-0.246032572931174	-0.0855683965179767	-0.406496749344372	-0.0870714420896224	0.224650515670606	-0.398793399849851	-0.343253421900596	-0.0906071889610635	-0.595899654840129
"27"	11.7587939698492	-0.0746041559332524	0.0652361609903492	-0.214444472856854	-0.249626611908285	-0.0903194463562308	-0.408933777460338	-0.0858947320121423	0.227294713248487	-0.399084177272771	-0.339693697293346	-0.0854155484055837	-0.593971846181109
"28"	12.2110552763819	-0.0781981949103627	0.0604444883523321	-0.216840878173058	-0.253220650885395	-0.0950610059027294	-0.41138029586806	-0.0847180219346621	0.22995838210717	-0.399394425976494	-0.336133972686096	-0.0802108947033182	-0.592057050668874
"29"	12.6633165829146	-0.0817922338874731	0.0556630396665676	-0.219247507441514	-0.256814689862505	-0.0997928670912554	-0.413836512633755	-0.083541311857182	0.232641247535304	-0.399723871249668	-0.332574248078846	-0.0749934771627849	-0.590155018994907
"30"	13.1155778894472	-0.0853862728645834	0.0508920821808971	-0.221664627910064	-0.260408728839616	-0.104514817565575	-0.416302640113656	-0.0823646017797018	0.235343036517702	-0.400072240077106	-0.329014523471596	-0.0697635406260393	-0.588265506317152
"31"	13.5678391959799	-0.0889803118416937	0.0461318900519087	-0.224092513735296	-0.264002767816726	-0.109226640656299	-0.418778894977153	-0.0811878917022217	0.238063477858337	-0.40043926126278	-0.325454798864345	-0.0645213254919108	-0.58638827223678
"32"	14.0201005025126	-0.0925743508188041	0.0413827444308421	-0.22653144606845	-0.267596806793836	-0.113928115363888	-0.421265498223785	-0.0800111816247415	0.240802302295927	-0.40082466554541	-0.321895074257095	-0.0592670677437749	-0.584523080770415
"33"	14.4723618090452	-0.0961683897959144	0.0366449335397269	-0.228981713131556	-0.271190845770947	-0.118619016348362	-0.423762675193531	-0.0788344715472613	0.243559242612287	-0.401228185706809	-0.318335349649845	-0.0540009989814925	-0.582669700318197
"34"	14.9246231155779	-0.0997624287730247	0.0319187527364913	-0.231443610282541	-0.274784884748057	-0.123299113926288	-0.426270655569826	-0.0776577614697812	0.246334033733595	-0.401649556673157	-0.314775625042595	-0.0487233464571635	-0.580827903628026
"35"	15.3768844221106	-0.103356467750135	0.0272045045676915	-0.233917440067962	-0.278378923725167	-0.127968174075661	-0.428789673374674	-0.0764810513923011	0.24912641282477	-0.402088515609372	-0.311215900435344	-0.0434343331143623	-0.578997467756327
"36"	15.8291457286432	-0.106950506727245	0.0225024988074277	-0.236403512261918	-0.281972962702278	-0.132625958449306	-0.431319966955249	-0.0753043413148209	0.251936119377133	-0.402544802006775	-0.307656175828094	-0.0381341776305354	-0.577178174025653
"37"	16.2814070351759	-0.110544545704356	0.0178130524809234	-0.238902143889635	-0.285567001679388	-0.137272224397458	-0.433861778961318	-0.0741276312373407	0.254762895289558	-0.403018157764239	-0.304096451220844	-0.0328230944622608	-0.575369807979427
"38"	16.7336683417085	-0.114138584681466	0.0131364898711607	-0.241413659234093	-0.289161040656498	-0.141906725000192	-0.436415356312805	-0.0729509211598606	0.257606484943294	-0.403508327263015	-0.300536726613594	-0.0275012938930846	-0.573572159334103
"39"	17.1859296482412	-0.117732623658576	0.00847314250687847	-0.243938389824031	-0.292755079633609	-0.146529209110412	-0.438980950156805	-0.0717742110823804	0.260466635270679	-0.40401505743544	-0.296977002006344	-0.0221689820836653	-0.571785021929022
"40"	17.6381909547739	-0.121326662635687	0.00382334913016136	-0.246476674401535	-0.296349118610719	-0.151139421408101	-0.441558815813337	-0.0705975010049003	0.263343095817941	-0.404538097827742	-0.293417277399093	-0.0168263611239704	-0.570008193674216
"41"	18.0904522613065	-0.124920701612797	-0.000812544358231415	-0.249028858867363	-0.299943157587829	-0.155737102466573	-0.444149212709086	-0.0694207909274202	0.266235618802292	-0.405077200657132	-0.289857552791843	-0.0114736290872899	-0.568241476496396
"42"	18.5427135678392	-0.128514740589907	-0.00543418497771597	-0.251595296202099	-0.30353719656494	-0.160321988831461	-0.446752404298418	-0.06824408084994	0.269143959163532	-0.405632120863412	-0.286297828184593	-0.00611098008583888	-0.566484676283347
"43"	18.9949748743719	-0.132108779567018	-0.0100412127728969	-0.254176346361139	-0.30713123554205	-0.164893813113206	-0.449368657970894	-0.0670673707724598	0.272067874610367	-0.406202616155287	-0.282738103577343	-0.000738604327738646	-0.564737602826947
"44"	19.4472361809045	-0.135702818544128	-0.0146332609467774	-0.256772376141479	-0.31072527451916	-0.169452304093784	-0.451998244944537	-0.0658906606949797	0.275007125661658	-0.406788447051617	-0.279178378970093	0.00464331182481847	-0.563000069765004
"45"	19.8994974874372	-0.139296857521238	-0.0192099560242436	-0.259383759018233	-0.314319313496271	-0.173997186848451	-0.45464144014409	-0.0647139506174995	0.277961475682793	-0.407389376917792	-0.275618654362842	0.0100345857964078	-0.561271894522092
"46"	20.3517587939699	-0.142890896498349	-0.0237709180479256	-0.262010874948772	-0.317913352473381	-0.178528182883234	-0.457298522063528	-0.0635372405400194	0.280930690917418	-0.408005171997457	-0.272058929755592	0.0154350387383846	-0.559552898249569
"47"	20.8040201005025	-0.146484935475459	-0.0283157608085464	-0.264654110142372	-0.321507391450491	-0.183045010288926	-0.459969772612057	-0.0623605304625393	0.283914540514698	-0.408635601439777	-0.268499205148342	0.0208444954682338	-0.557842905764918
"48"	21.2562814070352	-0.150078974452569	-0.0328440921118642	-0.267313856793275	-0.325101430427602	-0.187547383912288	-0.462655476942915	-0.0611838203850591	0.286912796552341	-0.409280437322459	-0.264939480541092	0.0262627844084017	-0.556141745490585
"49"	21.7085427135678	-0.15367301342968	-0.0373555140842746	-0.269990512775085	-0.328695469404712	-0.19203501554518	-0.465355923264244	-0.0600071103075789	0.289925234055559	-0.409939454670717	-0.261379755933841	0.0316897375247522	-0.554449249392435
"50"	22.1608040201005	-0.15726705240679	-0.04184962351909	-0.27268448129449	-0.332289508381822	-0.196507614132261	-0.468071402631383	-0.0588304002300988	0.292951631012185	-0.410612431472382	-0.257820031326591	0.0371251902647746	-0.552765252917957
"51"	22.6130653266332	-0.1608610913839	-0.0463260122654227	-0.275396170502378	-0.335883547358933	-0.200964885997895	-0.47080220871997	-0.0576536901526186	0.295991768384118	-0.411299148689355	-0.254260306719341	0.0425689814956607	-0.551089594934343
"52"	23.0653266331658	-0.164455130361011	-0.0507842676614858	-0.278125993060536	-0.339477586336043	-0.205406535092833	-0.473548637579253	-0.0564769800751385	0.299045430115299	-0.411999390265576	-0.250700582112091	0.0480209534423626	-0.549422117666544
"53"	23.5175879396985	-0.168049169338121	-0.0552239730139746	-0.280874365662268	-0.343071625313153	-0.20983226326119	-0.476310987365117	-0.0553002699976583	0.302112403136386	-0.412712943131702	-0.247140857504841	0.0534809516257313	-0.547762666635413
"54"	23.9698492462312	-0.171643208315231	-0.0596447081250065	-0.283641708505456	-0.346665664290264	-0.214241770528154	-0.479089558052373	-0.0541235599201782	0.305192477366324	-0.41343959720668	-0.24358113289759	0.0589488248008281	-0.546111090596009
"55"	24.4221105527638	-0.175237247292342	-0.0640460498678735	-0.28642844471681	-0.350259703267374	-0.218634755408799	-0.481884651125949	-0.0529468498426981	0.308285445710972	-0.414179145396368	-0.24002140829034	0.0644244248954947	-0.544467241476175
"56"	24.8743718592965	-0.178831286269452	-0.0684275728125942	-0.28923499972631	-0.353853742244484	-0.223010915238277	-0.484696569250691	-0.0517701397652179	0.311391104058954	-0.414931383589389	-0.23646168368309	0.0699076069492595	-0.542830974315439
"57"	25.3266331658291	-0.182425325246562	-0.0727888499019465	-0.292061800591178	-0.357447781221595	-0.227369946523558	-0.487525615919631	-0.0505934296877378	0.314509251274908	-0.415696110650383	-0.23290195907584	0.07539822905265	-0.541202147204329
"58"	25.7788944723618	-0.186019364223673	-0.077129453178311	-0.294909275269034	-0.361041820198705	-0.231711545316786	-0.490372095080623	-0.0494167196102576	0.317639689190284	-0.416473128410799	-0.22934223446859	0.0808961522869775	-0.539580621224157
"59"	26.2311557788945	-0.189613403200783	-0.081448954561257	-0.297777851840309	-0.364635859175815	-0.23603540761018	-0.49323631074145	-0.0482400095327774	0.320782222591841	-0.417262241657396	-0.225782509861339	0.0864012406646494	-0.537966260387328
"60"	26.6834170854271	-0.193207442177893	-0.0857469266753693	-0.300667957680418	-0.368229898152926	-0.240341229752291	-0.496118566553561	-0.0470632994552973	0.323936659208	-0.418063258118595	-0.222222785254089	0.0919133610700648	-0.536358931578243
"61"	27.1356783919598	-0.196801481155004	-0.0900229437273286	-0.303580018582679	-0.371823937130036	-0.244628708885264	-0.499019165374807	-0.0458865893778171	0.327102809693185	-0.418875988448819	-0.218663060646839	0.0974323832011373	-0.534758504494815
"62"	27.5879396984925	-0.200395520132114	-0.0942765824307393	-0.306514457833489	-0.375417976107146	-0.248897543402618	-0.501938408811675	-0.044709879300337	0.330280487610298	-0.419700246210972	-0.215103336039589	0.10295817951149	-0.533164851590668
"63"	28.0402010050251	-0.203989559109224	-0.0985074229766414	-0.309471695241807	-0.379012015084257	-0.253147433426856	-0.504876596741657	-0.0435331692228568	0.333469509411454	-0.420535847857168	-0.211543611432338	0.10849062515336	-0.531577848018037
"64"	28.4924623115578	-0.207583598086335	-0.102715050047054	-0.312452146125616	-0.382606054061367	-0.257378081306102	-0.507834026816632	-0.0423564591453767	0.336669694417098	-0.421382612707851	-0.207983886825088	0.114029597921241	-0.529997371571417
"65"	28.9447236180905	-0.211177637063445	-0.106899053868281	-0.315456220258609	-0.386200093038477	-0.26158919212871	-0.510810993948245	-0.0411797490678965	0.339880864793639	-0.422240362929432	-0.204424162217838	0.119574978196298	-0.528423302631974
"66"	29.3969849246231	-0.214771676040555	-0.111059031300079	-0.318484320781032	-0.389794132015588	-0.265780474254661	-0.513807789776514	-0.0400030389904164	0.343102845529703	-0.423108923510536	-0.200864437610588	0.125126648891581	-0.526855524112757
"67"	29.8492462311558	-0.218365715017666	-0.115194586956142	-0.32153684307919	-0.393388170992698	-0.269951639862347	-0.516824702123049	-0.0388263289129362	0.346335464411119	-0.423988122236991	-0.197304713003338	0.130684495398055	-0.52529392140473
"68"	30.3015075376884	-0.221959753994776	-0.11930533435071	-0.324614173638843	-0.396982209969808	-0.274102405509134	-0.519862014430483	-0.0376496188354561	0.349578551994751	-0.424877789665663	-0.193744988396087	0.13624840553146	-0.523738382323634
"69"	30.7537688442211	-0.225553792971886	-0.123390897065483	-0.32771668887829	-0.400576248946919	-0.278232492703934	-0.522920005189903	-0.036472908757976	0.352831941581267	-0.425777759097219	-0.190185263788837	0.141818269480029	-0.522188797057704
"70"	31.2060301507538	-0.229147831948997	-0.127450909930409	-0.330844753967584	-0.404170287924029	-0.282341628489799	-0.525998947358259	-0.0352961986804958	0.356095469186949	-0.42668786654794	-0.186625539181587	0.147393979753075	-0.520645058116249
"71"	31.6582914572864	-0.232741870926107	-0.131485020211321	-0.333998721640893	-0.407764326901139	-0.286429546034357	-0.529099107767922	-0.0341194886030157	0.359368973514625	-0.427607950720656	-0.183065814574337	0.152975431130437	-0.519107060279111
"72"	32.1105527638191	-0.236335909903217	-0.135492888796907	-0.337178931009528	-0.41135836587825	-0.290495985225756	-0.532220746530743	-0.0329427785255355	0.36265229592383	-0.428537852974901	-0.179506089967087	0.158562520612823	-0.517574700546996
"73"	32.5628140703518	-0.239929948880328	-0.139474191376993	-0.340385706383663	-0.41495240485536	-0.294540693271577	-0.535364116439143	-0.0317660684480553	0.36594528040025	-0.42947741729636	-0.175946365359836	0.164155147373034	-0.516047878092707
"74"	33.0150753768844	-0.243523987857438	-0.143428619603759	-0.343619356111117	-0.41854644383247	-0.298563425298039	-0.538529462366901	-0.0305893583705752	0.369247773524556	-0.430426490265706	-0.172386640752586	0.169753212708077	-0.514526494213249
"75"	33.4673366834171	-0.247118026834548	-0.147355882227188	-0.346880171441909	-0.422140482809581	-0.302563944946667	-0.541717020672494	-0.029412648293095	0.372559624440681	-0.431384921026871	-0.168826916145336	0.175356619992177	-0.513010452282849
"76"	33.9195979899498	-0.250712065811659	-0.151255706195846	-0.350168425427472	-0.425734521786691	-0.306542024965467	-0.544927018607915	-0.0282359382156149	0.375880684823622	-0.432352561254852	-0.165267191538086	0.180965274630677	-0.511499657706848
"77"	34.3718592964824	-0.254306104788769	-0.155127837714023	-0.353484371863515	-0.429328560763801	-0.31049744779155	-0.548159673736053	-0.0270592281381347	0.379210808846828	-0.433329265123097	-0.161707466930835	0.186579084014826	-0.509994017876497
"78"	34.8241206030151	-0.257900143765879	-0.158972043246265	-0.356828244285494	-0.432922599740912	-0.31443000612207	-0.551415193359754	-0.0258825180606546	0.382549853149238	-0.434314889270548	-0.158147742323585	0.192197957477466	-0.508493442124636
"79"	35.2763819095477	-0.26149418274299	-0.162788110460491	-0.360200255025489	-0.436516638718022	-0.318339503470269	-0.554693773965775	-0.0247058079831745	0.385897676802032	-0.435309292768381	-0.154588017716335	0.197821806249588	-0.506997841682258
"80"	35.7286432160804	-0.2650882217201	-0.166575849101192	-0.363600594339008	-0.440110677695132	-0.322225754703423	-0.557995600686841	-0.0235290979056943	0.38925414127514	-0.436312337086529	-0.151028293109085	0.203450543417778	-0.505507129635948
"81"	36.1809045226131	-0.268682260697211	-0.170335091784603	-0.367029429609818	-0.443704716672243	-0.326088586559463	-0.561320846785022	-0.0223523878282142	0.392619110403574	-0.437323886060002	-0.147468568501835	0.209084083882531	-0.5040212208862
"82"	36.6331658291457	-0.272276299674321	-0.174065694708295	-0.370486904640347	-0.447298755649353	-0.32992783813909	-0.564669673159616	-0.021175677750734	0.395992450353625	-0.438343805855093	-0.143908843894584	0.214722344317421	-0.50254003210659
"83"	37.0854271356784	-0.275870338651431	-0.17776753826831	-0.373973139034552	-0.450892794626463	-0.333743361370278	-0.568042227882648	-0.0199989676732538	0.39937402958897	-0.439371964935478	-0.140349119287334	0.220365243129142	-0.50106348170381
"84"	37.5376884422111	-0.279464377628541	-0.181440527577762	-0.377488227679321	-0.454486833603574	-0.337535021442157	-0.571438645764991	-0.0188222575957737	0.402763718836738	-0.440408234028285	-0.136789394680084	0.226012700418382	-0.49959148977855
"85"	37.9899497487437	-0.283058416605652	-0.185084592881686	-0.381032240329617	-0.458080872580684	-0.341302697205389	-0.574859047955979	-0.0176455475182935	0.406161391053569	-0.441452486090156	-0.133229670072834	0.231664637941541	-0.498123978087209
"86"	38.4422110552764	-0.286652455582762	-0.188699689863967	-0.384605221301557	-0.461674911557794	-0.345046281536361	-0.578303541579228	-0.0164688374408134	0.409566921391706	-0.442504596273333	-0.129669945465584	0.237320979073272	-0.496660870004439
"87"	38.894472361809	-0.290246494559872	-0.192285799843178	-0.388207189276567	-0.465268950534905	-0.348765681662656	-0.581772219407153	-0.0152921273633333	0.412980187165161	-0.443564441891828	-0.126110220858333	0.242981648769839	-0.495202090486506
"88"	39.3467336683417	-0.293840533536983	-0.195842929855345	-0.39183813721862	-0.468862989512015	-0.35246081944757	-0.58526515957646	-0.0141154172858531	0.416401067815976	-0.444631902387683	-0.122550496251083	0.24864657353328	-0.493747566035446
"89"	39.7989949748744	-0.297434572514093	-0.199371112622761	-0.395498032405425	-0.472457028489125	-0.356131631631628	-0.588782425346623	-0.012938707208373	0.419829444880619	-0.445706859297365	-0.118990771643833	0.254315681376358	-0.492297224664024
"90"	40.251256281407	-0.301028611491203	-0.202870406409183	-0.399186816573224	-0.476051067466236	-0.3597780700294	-0.592324064903071	-0.0117619971308928	0.423265201956536	-0.446789196218322	-0.115431047036583	0.259988901788299	-0.490850995861464
"91"	40.7035175879397	-0.304622650468314	-0.206340894762899	-0.402904406173729	-0.479645106443346	-0.363400101680182	-0.59589011120651	-0.0105852870534126	0.426708224668902	-0.447878798775727	-0.111871322429333	0.265666165701288	-0.489408810559953
"92"	41.1557788944724	-0.308216689445424	-0.209782686150306	-0.406650692740543	-0.483239145420456	-0.366997708951445	-0.599480581889468	-0.00940857697593248	0.43015840063756	-0.448975554589425	-0.108311597822082	0.271347405457731	-0.487970601101895
"93"	41.608040201005	-0.311810728422534	-0.213195913483715	-0.410425543361354	-0.486833184397567	-0.370570889594307	-0.603095479200827	-0.00823186689845237	0.433615619444216	-0.45007935324112	-0.104751873214832	0.277032554778251	-0.486536301207915
"94"	42.0603015075377	-0.315404767399645	-0.21658073354815	-0.414228801251139	-0.490427223374677	-0.374119656750615	-0.606734789998739	-0.00705515682097221	0.437079772599868	-0.451190086241812	-0.101192148607582	0.282721548730416	-0.485105845945579
"95"	42.5125628140703	-0.318998806376755	-0.219937326332821	-0.41806028642069	-0.494021262351787	-0.377644038911584	-0.61039848579199	-0.00587844674349206	0.440550753512518	-0.452307646999503	-0.0976324240003317	0.288414323698181	-0.483679171698844
"96"	42.964824120603	-0.322592845353866	-0.223265894273819	-0.421919796433912	-0.497615301328898	-0.381144079828302	-0.614086522829493	-0.0047017366660119	0.444028457455171	-0.453431930787195	-0.0940726993930814	0.294110817352037	-0.4822562161382
"97"	43.4170854271357	-0.326186884330976	-0.226566661415291	-0.425807107246661	-0.501209340306008	-0.384619838374743	-0.617798842237273	-0.00352502658853174	0.44751278153413	-0.454562834711193	-0.0905129747858311	0.299810968619846	-0.480836918191508
"98"	43.8693467336683	-0.329780923308086	-0.229839872496955	-0.429721974119218	-0.504803379283118	-0.388071388364307	-0.62153537020193	-0.00234831651105158	0.451003624657619	-0.455700257679722	-0.086953250178581	0.305514717658349	-0.479421218015511
"99"	44.321608040201	-0.333374962285196	-0.233085791976308	-0.433664132594085	-0.508397418260229	-0.391498818321186	-0.625296018199271	-0.00117160643357142	0.454500887504735	-0.456844100371878	-0.0833935255713307	0.311222005825347	-0.478009056968009
"100"	44.7738693467337	-0.336969001262307	-0.236304702994217	-0.437633299530397	-0.511991457237339	-0.394902231208225	-0.629080683266453	5.10364390868268e-06	0.458004472494736	-0.457994265206918	-0.0798338009640806	0.31693277565252	-0.476600377580682
"101"	45.2261306532663	-0.340563040239417	-0.239496906292786	-0.441629174186048	-0.515585496214449	-0.398281744113184	-0.632889248315714	0.00118181372138884	0.461514283756692	-0.459150656313914	-0.0762740763568303	0.32264697081889	-0.47519512353255
"102"	45.678391959799	-0.344157079216527	-0.242662719094502	-0.445651439338553	-0.51917953519156	-0.401637487895612	-0.636721582487508	0.002358523798869	0.465030227099489	-0.460313179501751	-0.0727143517495802	0.328364536124901	-0.473793239624061
"103"	46.1306532663317	-0.347751118193638	-0.245802473951597	-0.449699762435679	-0.52277357416867	-0.404969606796767	-0.640577541540573	0.00353523387634916	0.468552209982208	-0.46148174222951	-0.0691546271423299	0.334085417467117	-0.472394671751777
"104"	46.5829145728643	-0.351345157170748	-0.248916517574439	-0.453773796767057	-0.52636761314578	-0.408278258015237	-0.644456968276323	0.00471194395382932	0.472080141484881	-0.462656253577223	-0.0655949025350797	0.339809561813513	-0.470999366883672
"105"	47.035175879397	-0.354939196147859	-0.252005209647478	-0.457873182648239	-0.529961652122891	-0.411563611251074	-0.648359692994707	0.00588865403130948	0.475613932279626	-0.463836624217007	-0.0620351779278295	0.345536917179344	-0.469607273035003
"106"	47.4874371859297	-0.358533235124969	-0.255068921640946	-0.461997548608992	-0.533555691100001	-0.414825848221428	-0.652285533978574	0.00706536410878958	0.479153494602174	-0.465022766384595	-0.0584754533205792	0.351267432603599	-0.468218339244757
"107"	47.9396984924623	-0.362127274102079	-0.258108035626067	-0.466146512578092	-0.537149730077111	-0.418065162150756	-0.656234298003467	0.00824207418626974	0.482698742223791	-0.466214593851251	-0.0549157287133291	0.357001058126001	-0.466832515552659
"108"	48.391959798995	-0.365721313079189	-0.261122943101027	-0.470319683057352	-0.540743769054222	-0.421281757238781	-0.660205780869663	0.00941878426374995	0.486249590423587	-0.467412021896087	-0.0513560041060788	0.362737744764565	-0.465449752976723
"109"	48.8442211055276	-0.3693153520563	-0.264114043834409	-0.47451666027819	-0.544337808031332	-0.424475848109395	-0.664199767953269	0.01059549434123	0.489805955961238	-0.468614967278778	-0.0477962794988287	0.36847744449368	-0.464070003491338
"110"	49.2964824120603	-0.37290939103341	-0.267081744732193	-0.478737037334627	-0.547931847008442	-0.427647659243745	-0.66821603477314	0.0117722044187102	0.493367757050094	-0.469823348212674	-0.0442365548915784	0.37422011022272	-0.462693220005877
"111"	49.748743718593	-0.376503430010521	-0.270026458733801	-0.482980401287241	-0.551525885985553	-0.43079742440069	-0.672254347570416	0.0129489144961903	0.496934913330705	-0.471037084338324	-0.0406768302843282	0.379965695775164	-0.46131935634382
"112"	50.2010050251256	-0.380097468987631	-0.272948603742025	-0.487246334233237	-0.555119924962663	-0.433925386027808	-0.676314463897518	0.0141256245736705	0.500507345844735	-0.472256096697394	-0.037117105677078	0.385714155868213	-0.459948367222369
"113"	50.6532663316583	-0.383691507964741	-0.275848601591033	-0.491534414338449	-0.558713963939773	-0.437031794666021	-0.680396133213526	0.0153023346511506	0.504084977009296	-0.473480307706995	-0.0335573810698278	0.391465446092896	-0.458580208232552
"114"	51.105527638191	-0.387285546941852	-0.278726877056	-0.495844216827703	-0.562308002916884	-0.440116908350832	-0.684499097482936	0.0164790447286308	0.507667730591676	-0.474709641134414	-0.0299976564625776	0.397219522894654	-0.45721483581981
"115"	51.5577889447236	-0.390879585918962	-0.281583856907295	-0.500175314930629	-0.565902041893994	-0.443180992013042	-0.688623091774946	0.017655754806111	0.51125553168447	-0.475944022072248	-0.0264379318553273	0.402976343554381	-0.455852207265036
"116"	52.0100502512563	-0.394473624896072	-0.284419969011554	-0.504527280780591	-0.569496080871104	-0.446224316881673	-0.692767844860536	0.0188324648835911	0.514848306681122	-0.47718337691394	-0.0228782072480772	0.408735866169927	-0.454492280666082
"117"	52.4623115577889	-0.398067663873182	-0.287235641481394	-0.508899686264971	-0.573090119848215	-0.449247159891668	-0.696933079804761	0.0200091749610713	0.518445983251859	-0.478427633329717	-0.0193184826408269	0.41449804963804	-0.453135014919694
"118"	52.9145728643216	-0.401661702850293	-0.290031301874979	-0.513292103825607	-0.576684158825325	-0.452249803098777	-0.701118514551873	0.0211858850385514	0.522048490320028	-0.479676720242926	-0.0157587580335767	0.420262853636741	-0.451780369703894
"119"	53.3668341708543	-0.405255741827403	-0.292807376446155	-0.517704107208651	-0.580278197802435	-0.455232533103842	-0.705323862501029	0.0223625951160316	0.525655758038832	-0.480930567806769	-0.0121990334263264	0.426030238608122	-0.450428305460775
"120"	53.8190954773869	-0.408849780804514	-0.295564289445428	-0.522135272163599	-0.583872236779546	-0.458195640488531	-0.70954883307056	0.0235393051935117	0.529267717768454	-0.48218910738143	-0.00863930881907626	0.431800165741556	-0.449078783379709
"121"	54.2713567839196	-0.412443819781624	-0.298302462471602	-0.526585177091645	-0.587466275756656	-0.461139419264357	-0.713793132248955	0.0247160152709918	0.532884302053581	-0.483452271511597	-0.00507958421182614	0.437572596957306	-0.447731765380958
"122"	54.7236180904523	-0.416037858758734	-0.301022313873583	-0.531053403643885	-0.591060314733766	-0.464064166336632	-0.7180564631309	0.0258927253484721	0.536505444601312	-0.484719993904368	-0.00151985960457585	0.443347494890532	-0.446387214099684
"123"	55.1758793969849	-0.419631897735845	-0.303724258201464	-0.535539537270225	-0.594654353710877	-0.46697018098482	-0.722338526436933	0.0270694354259521	0.54013108025945	-0.485992209407546	0.00203986500267428	0.449124822875676	-0.445045092870327
"124"	55.6281407035176	-0.423225936712955	-0.306408705705772	-0.540043167720137	-0.598248392687987	-0.469857764360536	-0.726639021015438	0.0282461455034323	0.543761144995179	-0.487268853988314	0.00559958960992457	0.454904544931221	-0.443705365711372
"125"	56.0804020100502	-0.426819975690065	-0.309076061883497	-0.544563889496633	-0.601842431665097	-0.472727219004282	-0.730957644325913	0.0294228555809125	0.547395575874118	-0.488549864712293	0.0091593142171747	0.460686625744819	-0.442367997310469
"126"	56.5326633165829	-0.430414014667176	-0.311726727069298	-0.549101302265053	-0.605436470642208	-0.475578848381799	-0.735294092902617	0.0305995656583926	0.55103431103975	-0.489835179722965	0.012719038824425	0.466471030658768	-0.441032953009918
"127"	56.9849246231156	-0.434008053644286	-0.314361096070164	-0.553655011218408	-0.609030509619318	-0.478412956440749	-0.739648062797887	0.0317762757358727	0.554677289693218	-0.491124738221472	0.0162787634316752	0.47225772565584	-0.43970019879249
"128"	57.4371859296482	-0.437602092621396	-0.31697955784163	-0.558224627401162	-0.612624548596428	-0.481229847188285	-0.744019250004572	0.0329529858133529	0.558324452073491	-0.492418480446785	0.0198384880389255	0.478046677345447	-0.438369701267596
"129"	57.8894472361809	-0.441196131598507	-0.319582495203579	-0.562809767993434	-0.616218587573539	-0.484029824289878	-0.748407350857199	0.0341296958908331	0.561975739437891	-0.493716347656224	0.0233982126461756	0.483837852950132	-0.437041427657781
"130"	58.3417085427136	-0.444790170575617	-0.322170284593575	-0.567410056557659	-0.619812626550649	-0.486813190689658	-0.75281206241164	0.0353064059683132	0.565631094042971	-0.495018282106345	0.0269579372534258	0.489631220292391	-0.435715345785539
"131"	58.7939698492462	-0.448384209552727	-0.324743295855642	-0.572025123249812	-0.623406665527759	-0.489580248252359	-0.75723308280316	0.0364831160457934	0.569290459125758	-0.496324227034172	0.0305176618606761	0.495426747781798	-0.434391424060446
"132"	59.2462311557789	-0.451978248529838	-0.327301892062379	-0.576654604997296	-0.62700070450487	-0.492331297426843	-0.761670111582896	0.0376598261232735	0.57295377888533	-0.497634126638783	0.0340773864679262	0.501224404402444	-0.433069631466592
"133"	59.6984924623116	-0.455572287506948	-0.329846429368293	-0.581298145645603	-0.63059474348198	-0.495066636931072	-0.766122850032888	0.0388365362007537	0.576620998464743	-0.498947926063235	0.0376371110751765	0.507024159700673	-0.43174993755032
"134"	60.1507537688442	-0.459166326484058	-0.332377256892271	-0.585955396075846	-0.63418878245909	-0.497786563458258	-0.770591001459923	0.0400132462782338	0.5802920639333	-0.500265571376832	0.0411968356824267	0.512825983773103	-0.43043231240825
"135"	60.6030150753769	-0.462760365461169	-0.334894716627125	-0.590626014295212	-0.637782821436201	-0.500491371403879	-0.775074271468522	0.041189956355714	0.583966922269146	-0.501587009557718	0.0447565602896769	0.518629847254939	-0.429116726675585
"136"	61.0552763819096	-0.466354404438279	-0.337399143374218	-0.59530966550234	-0.641376860413311	-0.503181352613117	-0.779572368213505	0.0423666664331942	0.587645521342196	-0.502912188475808	0.0483162848969271	0.524435721308556	-0.427803151514702
"137"	61.5075376884422	-0.469948443415389	-0.339890864701194	-0.600006022129585	-0.644970899390421	-0.505856796148229	-0.784085002632614	0.0435433765106742	0.591327809897386	-0.504241056876038	0.0518760095041774	0.530243577612358	-0.426491558604003
"138"	61.9597989949749	-0.4735424823925	-0.342370200920964	-0.604714763864035	-0.648564938367532	-0.5085179880753	-0.788611888659763	0.0447200865881544	0.595013737538241	-0.505573564361932	0.0554357341114275	0.536053388349891	-0.425181920127036
"139"	62.4120603015075	-0.47713652136961	-0.344837465090111	-0.609435577649109	-0.652158977344642	-0.511165211269756	-0.793152743419528	0.0458967966656346	0.598703254710761	-0.506909661379492	0.0589954587186777	0.541865126199224	-0.423874208761869
"140"	62.8643216080402	-0.48073056034672	-0.347292963024998	-0.614168157668442	-0.655753016321752	-0.51379874523999	-0.797707287403515	0.0470735067431147	0.602396312687609	-0.508249299201379	0.062555183325928	0.547678764322569	-0.422568397670713
"141"	63.3165829145729	-0.484324599323831	-0.349736993333934	-0.618912205313727	-0.659347055298863	-0.51641886596842	-0.802275244629305	0.0482502168205948	0.606092863552611	-0.509592429911422	0.0661149079331783	0.553494276356153	-0.421264460489796
"142"	63.7688442211055	-0.487918638300941	-0.352169847463826	-0.623667429138056	-0.662941094275973	-0.519025845769246	-0.8068563427827	0.049426926898075	0.60979286018555	-0.5109390063894	0.0696746325404284	0.559311636400321	-0.419962371319464
"143"	64.2211055276382	-0.491512677278051	-0.354591809759854	-0.628433544796249	-0.666535133253083	-0.521619953162188	-0.811450313343979	0.0506036369755551	0.613496256247252	-0.512288982296142	0.0732343571476787	0.565130819009876	-0.418662104714518
"144"	64.6733668341708	-0.495106716255162	-0.357003157536777	-0.633210274973546	-0.670129172230194	-0.524201452761445	-0.816056891698943	0.0517803470530353	0.617203006164966	-0.513642312058896	0.0767940817549287	0.570951799184643	-0.417363635674785
"145"	65.1256281407035	-0.498700755232272	-0.359404161160562	-0.637997349303981	-0.673723211207304	-0.526770605179126	-0.820675817235482	0.0529570571305155	0.620913065118026	-0.514998950856995	0.080353806362179	0.576774552360253	-0.416066939635894
"146"	65.5778894472362	-0.502294794209382	-0.361795084139132	-0.642794504279633	-0.677317250184414	-0.529327666942399	-0.82530683342643	0.0541337672079957	0.624626389023789	-0.516358854607798	0.0839135309694294	0.58259905439914	-0.414771992460281
"147"	66.0301507537689	-0.505888833186493	-0.364176183221078	-0.647601483151907	-0.680911289161525	-0.531872890423589	-0.82994968789946	0.0553104772854758	0.628342934523853	-0.517721979952902	0.0874732555766796	0.588425281581751	-0.413478770428391
"148"	66.4824120603015	-0.509482872163603	-0.366547708501314	-0.652418035825892	-0.684505328138635	-0.534406523782505	-0.834604132494765	0.0564871873629559	0.632062658970542	-0.51908828424463	0.0910329801839297	0.594253210597958	-0.412187250230099
"149"	66.9346733668342	-0.513076911140713	-0.368909903532661	-0.657243918748765	-0.688099367115745	-0.53692881092023	-0.839269923311261	0.0576638974404361	0.635785520413651	-0.520457725532779	0.09459270479118	0.600082818538672	-0.410897408956312
"150"	67.3869346733668	-0.516670950117823	-0.371263005442491	-0.662078894793156	-0.691693406092856	-0.539439991443684	-0.843946820742028	0.0588406075179163	0.639511477587459	-0.521830262551626	0.0981524293984303	0.605914082887642	-0.409609224090781
"151"	67.8391959798995	-0.520264989094934	-0.373607245053582	-0.666922733136286	-0.695287445069966	-0.541940300640232	-0.8486345894997	0.0600173175953964	0.643240489897991	-0.523205854707198	0.10171215400568	0.611746981513455	-0.408322673502094
"152"	68.2914572864322	-0.523859028072044	-0.375942847008435	-0.671775209135654	-0.698881484047076	-0.544429969461676	-0.853332998632477	0.0611940276728765	0.646972517410534	-0.52458446206478	0.105271878612931	0.617581492661715	-0.407037735435854
"153"	68.7437185929648	-0.527453067049155	-0.378270029896347	-0.676636104201962	-0.702475523024187	-0.546909224516944	-0.858041821531429	0.0623707377503568	0.650707520837396	-0.525966045336683	0.108831603220181	0.623417594947398	-0.405754388507037
"154"	69.1959798994975	-0.531047106026265	-0.380589006382613	-0.681505205669917	-0.706069562001297	-0.549378288072867	-0.862760835929727	0.0635474478278369	0.65444546152591	-0.527350565870236	0.112391327827431	0.629255267347394	-0.404472611692531
"155"	69.6482412060301	-0.534641145003375	-0.382899983339271	-0.68638230666748	-0.709663600978407	-0.551837378062398	-0.867489823894417	0.0647241579053171	0.65818630144667	-0.528737985636036	0.115951052434681	0.635094489193202	-0.40319238432384
"156"	70.1005025125628	-0.538235183980485	-0.385203161976872	-0.691267205984099	-0.713257639955518	-0.554286708099712	-0.872228571811323	0.0659008679827972	0.661930003182003	-0.530128267216408	0.119510777041931	0.640935240163813	-0.40191368607995
"157"	70.5527638190955	-0.541829222957596	-0.387498737976804	-0.696159707938388	-0.716851678932628	-0.556726487501605	-0.876976870363651	0.0670775780602773	0.665676529914668	-0.531521373794113	0.123070501649182	0.646777500278738	-0.400636496980375
"158"	71.0050251256281	-0.545423261934706	-0.389786901623729	-0.701059622245683	-0.720445717909738	-0.559156921314654	-0.881734514504822	0.0682542881377575	0.669425845416779	-0.532917269141264	0.126630226256432	0.652621249891204	-0.399360797378341
"159"	71.4572864321608	-0.549017300911816	-0.392067837937776	-0.705966763885856	-0.724039756886849	-0.561578210347649	-0.886501303426048	0.0694309982152376	0.673177914038946	-0.534315917608471	0.130189950863682	0.658466469681502	-0.398086567954138
"160"	71.9095477386935	-0.552611339888927	-0.394341726806122	-0.710880952971731	-0.727633795863959	-0.563990551208775	-0.891277040519143	0.0706077082927178	0.67693270069963	-0.535717284114195	0.133749675470932	0.664313140650485	-0.39681378970862
"161"	72.3618090452261	-0.556205378866037	-0.396608743113678	-0.715802014618397	-0.731227834841069	-0.566394136347121	-0.896061533335018	0.0717844183701979	0.680690170874715	-0.537121334134319	0.137309400078183	0.670161244113216	-0.395542443956851
"162"	72.8140703517588	-0.559799417843148	-0.398869056872597	-0.720729778813698	-0.73482187381818	-0.568789154098057	-0.900854593538303	0.072961128447678	0.684450290587276	-0.53852803369192	0.140869124685433	0.676010761692757	-0.394272512321891
"163"	73.2663316582915	-0.563393456820258	-0.401122833350384	-0.725664080290132	-0.73841591279529	-0.57117578873208	-0.9056560368585	0.0741378385251582	0.688213026397564	-0.539937349347247	0.144428849292683	0.681861675314096	-0.39300397672873
"164"	73.7185929648241	-0.566987495797368	-0.403370233196378	-0.730604758398358	-0.7420099517724	-0.573554220506752	-0.910465683038048	0.0753145486026384	0.691978345393174	-0.541349248187898	0.147988573899933	0.687713967198218	-0.391736819398352
"165"	74.1708542713568	-0.570581534774478	-0.405611412566453	-0.735551656982504	-0.745603990749511	-0.575924625721349	-0.915283355777673	0.0764912586801186	0.695746215179423	-0.542763697819186	0.151548298507184	0.693567619856299	-0.390471022841932
"166"	74.6231155778895	-0.574175573751589	-0.407846523245763	-0.740504624257415	-0.749198029726621	-0.578287176773902	-0.92010888267934	0.0776679687575987	0.699516603869905	-0.544180666354708	0.155108023114434	0.699422616084036	-0.389206569855169
"167"	75.0753768844221	-0.577769612728699	-0.410075712769403	-0.745463512687995	-0.752792068703731	-0.580642042220314	-0.924942095187149	0.0788446788350789	0.703289480077244	-0.545600122407087	0.158667747721684	0.705278938956106	-0.387943443512738
"168"	75.5276381909548	-0.58136365170581	-0.412299124540893	-0.750428178870726	-0.756386107680842	-0.582989386835243	-0.92978282852644	0.080021388912559	0.707064812904027	-0.547022035078909	0.162227472328934	0.71113657182074	-0.386681627162872
"169"	75.9798994974874	-0.58495769068292	-0.414516897948362	-0.755398483417478	-0.759980146657952	-0.585329371674498	-0.934630921641406	0.0811980989900392	0.710842571933911	-0.548446373953833	0.165787196936184	0.716995498294426	-0.385421104422058
"170"	76.4321608040201	-0.58855172966003	-0.416729168478379	-0.760374290841681	-0.763574185635062	-0.587662154138676	-0.939486217131449	0.0823748090675193	0.714622727222918	-0.549873109087879	0.169346921543434	0.722855702256724	-0.384161859169855
"171"	76.8844221105528	-0.592145768637141	-0.418936067827372	-0.765355469446909	-0.767168224612173	-0.589987888037824	-0.944348561186522	0.0835515191449994	0.71840524929089	-0.551302211000892	0.172906646150685	0.728717167845199	-0.38290387554383
"172"	77.3366834170854	-0.595739807614251	-0.421137724010571	-0.770341891217931	-0.770762263589283	-0.592306723656886	-0.94921780352168	0.0847282292224796	0.722190109113124	-0.552733650668165	0.176466370757935	0.734579879450464	-0.381647137934594
"173"	77.7889447236181	-0.599333846591361	-0.423334261468461	-0.775333431714261	-0.774356302566393	-0.594618807821761	-0.954093797311025	0.0859049392999597	0.725977278112163	-0.554167399512244	0.180026095365185	0.740443821711331	-0.380391630980961
"174"	78.2412060301507	-0.602927885568471	-0.425525801170714	-0.780329969966229	-0.777950341543504	-0.596924283965763	-0.958976399121245	0.0870816493774399	0.729766728149758	-0.555603429394878	0.183585819972435	0.746308979510075	-0.379137339565204
"175"	78.6934673366834	-0.606521924545582	-0.427712460717587	-0.785331388373577	-0.781544380520614	-0.599223292196328	-0.963865468844901	0.08825835945492	0.733558431518982	-0.557041712609142	0.187145544579686	0.752175337967791	-0.37788424880842
"176"	79.1457286432161	-0.610115963522692	-0.429894354438791	-0.790337572606594	-0.785138419497724	-0.601515969361815	-0.968760869633634	0.0894350695324001	0.737352360936506	-0.558482221871706	0.190705269186936	0.758042882439863	-0.376632344065992
"177"	79.5979899497488	-0.613710002499803	-0.432071593489825	-0.79534841150978	-0.788732458474835	-0.60380244911825	-0.97366246783142	0.0906117796098803	0.741148489535023	-0.559924930315263	0.194264993794186	0.763911598511525	-0.375381610923153
"178"	80.0502512562814	-0.617304041476913	-0.434244285945801	-0.800363797008025	-0.792326497451945	-0.606082861995889	-0.978570132908001	0.0917884896873606	0.744946790855824	-0.561369811481103	0.197824718401436	0.769781471993522	-0.37413203519065
"179"	80.5025125628141	-0.620898080454023	-0.436412536892759	-0.805383624015287	-0.795920536429055	-0.608357335465488	-0.983483737392622	0.0929651997648407	0.748747238841516	-0.562816839311835	0.201384443008687	0.775652488917864	-0.372883602900491
"180"	80.9547738693467	-0.624492119431134	-0.438576448516524	-0.810407790345743	-0.799514575406166	-0.610625994004165	-0.988403156808167	0.0941419098423208	0.752549807828895	-0.564265988144254	0.204944167615936	0.781524635533671	-0.371636300301798
"181"	81.4070351758794	-0.628086158408244	-0.440736120189104	-0.815436196627384	-0.803108614383276	-0.612888959160765	-0.993328269605787	0.095318619919801	0.756354472541943	-0.565717232702341	0.208503892223187	0.787397898303111	-0.370390113856738
"182"	81.8592964824121	-0.631680197385354	-0.442891648552681	-0.820468746218027	-0.806702653360386	-0.615146349620648	-0.998258957100125	0.0964953299972811	0.760161208084977	-0.567170548090415	0.212063616830437	0.793272263897422	-0.369145030236548
"183"	82.3115577889447	-0.635274236362464	-0.445043127601227	-0.825505345123702	-0.810296692337497	-0.617398281269803	-1.00319510340519	0.0976720400747613	0.763969989935924	-0.568625909786402	0.215623341437687	0.79914771919302	-0.367901036317645
"184"	82.7638190954774	-0.638868275339575	-0.447190648759782	-0.830545901919368	-0.813890731314607	-0.619644867258251	-1.00813659537096	0.0988487501522413	0.767780793939734	-0.570083293635252	0.219183066044937	0.805024251267692	-0.366658119177817
"185"	83.21608040201	-0.642462314316685	-0.449334300961437	-0.835590327671933	-0.817484770291717	-0.621886218062644	-1.01308332252079	0.100025460229722	0.771593596301916	-0.571542675842474	0.222742790652188	0.810901847396873	-0.365416266092497
"186"	83.6683417085427	-0.646056353293796	-0.451474170722068	-0.840638535865523	-0.821078809268828	-0.624122441548034	-1.01803517698962	0.101202170307202	0.775408373582208	-0.573004032967804	0.226302515259438	0.816780495049993	-0.364175464531117
"187"	84.1206030150754	-0.649650392270906	-0.453610342212866	-0.845690442328946	-0.824672848245938	-0.62635364302875	-1.02299205346313	0.102378880384682	0.779225102688362	-0.574467341918998	0.229862239866688	0.822660181886912	-0.362935702153536
"188"	84.572864321608	-0.653244431248016	-0.455742897330707	-0.850745965165326	-0.828266887223048	-0.628579925328349	-1.02795384911775	0.103555590462162	0.78304376087006	-0.575932579945736	0.233421964473938	0.828540895754429	-0.361696966806552
"189"	85.0251256281407	-0.656838470225127	-0.457871915766416	-0.855805024683837	-0.831860926200159	-0.630801388838602	-1.03292046356172	0.104732300539642	0.786864325712943	-0.577399724633659	0.236981689081188	0.834422624682855	-0.360459246520478
"190"	85.4773869346734	-0.660432509202237	-0.459997475070971	-0.860867543333503	-0.835454965177269	-0.6330181315775	-1.03789179877704	0.105909010617122	0.790686775132759	-0.578868753898515	0.240541413688439	0.840305356882674	-0.359222529505796
"191"	85.929648241206	-0.664026548179347	-0.462119650719696	-0.865933445638999	-0.839049004154379	-0.635230249246232	-1.04286775906253	0.107085720694602	0.794511087369621	-0.580339645980416	0.244101138295689	0.84618908074126	-0.357986804149882
"192"	86.3819095477387	-0.667620587156458	-0.464238516174495	-0.871002658138421	-0.84264304313149	-0.637437835285138	-1.04784825097784	0.108262430772083	0.798337240982382	-0.581812379438216	0.247660862902939	0.852073784819676	-0.356752059013797
"193"	86.8341708542714	-0.671214626133568	-0.466354142944174	-0.876075109322962	-0.8462370821086	-0.639640980928614	-1.05283318328859	0.109439140849563	0.802165214843117	-0.583286933143992	0.251220587510189	0.857959457849526	-0.355518282829147
"194"	87.286432160804	-0.674808665110678	-0.468466600642909	-0.881150729578448	-0.84983112108571	-0.64183977525895	-1.05782246691247	0.110615850927043	0.805994988131715	-0.584763286277629	0.25478031211744	0.863846088729886	-0.354285464495007
"195"	87.7386934673367	-0.678402704087789	-0.470575957046893	-0.886229451128684	-0.853425160062821	-0.6440343052591	-1.06281601486654	0.111792561004523	0.809826540330566	-0.58624141832152	0.25834003672469	0.869733666524292	-0.353053593074912
"196"	88.1909547738694	-0.681996743064899	-0.472682278149239	-0.891311207980559	-0.857019199039931	-0.646224655864383	-1.06781374221548	0.112969271082003	0.813659851219367	-0.58772130905536	0.26189976133194	0.875622180457789	-0.351822657793909
"197"	88.643216080402	-0.685590782042009	-0.474785628213154	-0.896395935870864	-0.860613238017041	-0.648410910013098	-1.07281556602098	0.114145981159483	0.81749490087001	-0.589202938551043	0.26545948593919	0.881511619914049	-0.350592648035668
"198"	89.0954773869347	-0.68918482101912	-0.476886069823463	-0.901483572214776	-0.864207276994152	-0.650593148696073	-1.07782140529223	0.115322691236963	0.821331669641588	-0.590686287167662	0.26901921054644	0.887401974432539	-0.349363553339659
"199"	89.5477386934673	-0.69277885999623	-0.478983663936513	-0.906574056055947	-0.867801315971262	-0.652771451005132	-1.08283118093739	0.116499401314444	0.825170138175481	-0.592171335546594	0.272578935153691	0.893293233705759	-0.348135363398378
"200"	90	-0.69637289897334	-0.481078469928509	-0.911667328018172	-0.871395354948372	-0.654945894180492	-1.08784481571625	0.117676111391924	0.829010287390544	-0.593658064606697	0.276138659760941	0.899185387576522	-0.346908068054641
