"Latitude"	"Marginal"	"Upper"	"Lower"	"Marine"	"Marine_upper"	"Marine_lower"	"Lake"	"Lake_upper"	"Lake_lower"	"Stream"	"Stream_upper"	"Stream_lower"	"Terrestrial"	"Terr_upper"	"Terr_lower"
"1"	0	-0.531672918483037	-0.364417255733418	-0.698928581232655	-0.181207385764298	-0.0160431687042612	-0.346371602824336	-0.306223603213349	-0.162193079213656	-0.450254127213042	-1.1461199957559	-0.882298146444831	-1.40994184506697	-0.734799822166017	-0.515065886927241	-0.954533757404793
"2"	0.452261306532663	-0.532266833798379	-0.366038254550459	-0.698495413046299	-0.181801301079641	-0.0176488537927042	-0.345953748366577	-0.306817518528691	-0.16394140113481	-0.449693635922572	-1.14123090450192	-0.876853235888992	-1.40560857311484	-0.735393737481359	-0.514882845826482	-0.955904629136236
"3"	0.904522613065327	-0.532860749113721	-0.367654594938497	-0.698066903288945	-0.182395216394983	-0.0192496302299145	-0.345540802560051	-0.307411433844033	-0.165686252661958	-0.449136615026109	-1.13634181324794	-0.871388355750465	-1.40129527074541	-0.735987652796701	-0.514677658361643	-0.957297647231759
"4"	1.35678391959799	-0.533454664429063	-0.369266189871401	-0.697643138986725	-0.182989131710325	-0.0208454065723628	-0.345132856848287	-0.308005349159375	-0.167427548556819	-0.448583149761932	-1.13145272199395	-0.865903635929086	-1.39700180805882	-0.736581568112043	-0.514450563543192	-0.958712572680895
"5"	1.80904522613065	-0.534048579744405	-0.370872950561019	-0.697224208927791	-0.183583047025667	-0.0224360895622874	-0.344730004489047	-0.308599264474718	-0.16916520104318	-0.448033327906255	-1.12656363073997	-0.860399209617851	-1.3927280518621	-0.737175483427386	-0.514201803365825	-0.960149163488946
"6"	2.26130653266332	-0.534642495059747	-0.372474786428116	-0.696810203691379	-0.184176962341009	-0.0240215841003409	-0.344332340581677	-0.30919317979006	-0.170899119724466	-0.447487239855654	-1.12167453948599	-0.854875213167452	-1.38847386580453	-0.737769398742728	-0.51393162251823	-0.961607174967226
"7"	2.71356783919598	-0.53523641037509	-0.374071605073524	-0.696401215676656	-0.184770877656351	-0.0256017932186479	-0.343939962094055	-0.309787095105402	-0.172629211498808	-0.446944978711996	-1.11678544823201	-0.849331785949843	-1.38423911051418	-0.73836331405807	-0.513640268098009	-0.963086360018131
"8"	3.16582914572864	-0.535830325690432	-0.375663312249563	-0.695997339131301	-0.185364792971694	-0.0271766180543502	-0.343552967889037	-0.310381010420744	-0.174355380471562	-0.446406640369926	-1.11189635697803	-0.843769070221114	-1.38002364373494	-0.738957229373412	-0.513327989332338	-0.964586469414486
"9"	3.61809045226131	-0.536424241005774	-0.377249811831797	-0.695598670179751	-0.185958708287036	-0.0287459578237185	-0.343171458750353	-0.310974925736086	-0.176077527865253	-0.445872323606919	-1.10700726572405	-0.838187210983946	-1.37582732046414	-0.739551144688754	-0.512995037304815	-0.966107252072694
"10"	4.07035175879397	-0.537018156321116	-0.378831005791203	-0.695205306851029	-0.186552623602378	-0.0303097097969177	-0.342795537407838	-0.311568841051428	-0.177795551926919	-0.445342130175938	-1.10211817447006	-0.832586355849923	-1.3716499930902	-0.740145060004096	-0.512641664688951	-0.967648455319242
"11"	4.52261306532663	-0.537612071636458	-0.380406794166829	-0.694817349106088	-0.18714653891772	-0.0318677692735164	-0.342425308561923	-0.312162756366771	-0.179509347832819	-0.444816164900723	-1.09722908321608	-0.826966654901943	-1.36749151153022	-0.740738975319439	-0.512268125488697	-0.96920982515018
"12"	4.9748743718593	-0.5382059869518	-0.381977075039021	-0.69443489886458	-0.187740454233062	-0.0334200295588382	-0.342060878907286	-0.312756671682113	-0.181218807590516	-0.44429453577371	-1.0923399919621	-0.821328260556991	-1.36335172336721	-0.741332890634781	-0.511874674786341	-0.97079110648322
"13"	5.42713567839196	-0.538799902267142	-0.383541744503317	-0.694058060030968	-0.188334369548404	-0.0349663819412572	-0.341702357155551	-0.313350586997455	-0.182923819938307	-0.443777354056603	-1.08745090070812	-0.815671327429516	-1.35923047398672	-0.741926805950123	-0.511461568498088	-0.972392043402157
"14"	5.87939698492462	-0.539393817582485	-0.385100696645093	-0.693686938519876	-0.188928284863746	-0.0365067156705474	-0.341349854056945	-0.313944502312797	-0.184624270242014	-0.44326473438358	-1.08256180945414	-0.809996012195625	-1.35512760671265	-0.742520721265465	-0.511029063137571	-0.974012379393359
"15"	6.33165829145729	-0.539987732897827	-0.38665382351506	-0.693321642280593	-0.189522200179088	-0.0380409179373994	-0.341003482420778	-0.314538417628139	-0.186320040389153	-0.442756794867125	-1.07767271820015	-0.804302473458337	-1.35104296294197	-0.743114636580807	-0.510577415587507	-0.975651857574107
"16"	6.78391959798995	-0.540581648213169	-0.388201015105736	-0.692962281320602	-0.190116115494431	-0.0395688738542285	-0.340663357134633	-0.315132332943481	-0.188011008680497	-0.442253657206466	-1.07278362694617	-0.79859087161409	-1.34697638227826	-0.743708551896149	-0.510106882879686	-0.977310220912613
"17"	7.23618090452261	-0.541175563528511	-0.389742159328975	-0.692608967728047	-0.190710030809773	-0.0410904664374003	-0.340329595182145	-0.315726248258824	-0.189697049719086	-0.441755446798561	-1.06789453569219	-0.792861368720711	-1.34292770266367	-0.744302467211492	-0.509617721983401	-0.978987212439582
"18"	7.68844221105528	-0.541769478843853	-0.391277141994711	-0.692261815692996	-0.191303946125115	-0.0426055765910087	-0.340002315659221	-0.316320163574166	-0.191378034296726	-0.441262292851605	-1.06300544443821	-0.787114128367026	-1.33889676050939	-0.744896382526834	-0.509110189602448	-0.98068257545122
"19"	8.14070351758794	-0.542363394159195	-0.392805846791002	-0.691920941527389	-0.191897861440457	-0.0441140830923491	-0.339681639788565	-0.316914078889508	-0.19305382927806	-0.440774328500956	-1.05811635318423	-0.781349315544299	-1.33488339082415	-0.745490297842176	-0.508584541980729	-0.982396053703623
"20"	8.5929648241206	-0.542957309474538	-0.394328155265543	-0.691586463683532	-0.192491776755799	-0.0456158625792339	-0.339367690932365	-0.31750799420485	-0.194724297482289	-0.440291690927411	-1.05322726193025	-0.775567096519653	-1.33088742734084	-0.746084213157518	-0.508041034716511	-0.984127391598525
"21"	9.04522613065327	-0.54355122478988	-0.395843946808763	-0.691258502770997	-0.193085692071141	-0.047110789539306	-0.339060594602977	-0.318101909520192	-0.196389297562665	-0.43981452147772	-1.04833817067626	-0.76976763871163	-1.3269087026409	-0.74667812847286	-0.507479922585324	-0.985876334360397
"22"	9.49748743718593	-0.544145140105222	-0.397353098638668	-0.690937181571776	-0.193679607386484	-0.0485987363015128	-0.338760478471454	-0.318695824835534	-0.198048683883884	-0.439342965787185	-1.04344907942228	-0.763951110568044	-1.32294704827652	-0.747272043788202	-0.50690145937147	-0.987642628204934
"23"	9.94974874371859	-0.544739055420564	-0.398855485787571	-0.690622625053557	-0.194273522701826	-0.0500795730299101	-0.338467472373741	-0.319289740150876	-0.199702306397538	-0.438877173904215	-1.0385599881683	-0.758117681446232	-1.31900229489037	-0.747865959103544	-0.506305897708098	-0.989426020498991
"24"	10.4020100502513	-0.545332970735906	-0.400350981090889	-0.690314960380924	-0.194867438017168	-0.0515531677199711	-0.338181708314365	-0.319883655466219	-0.201350010515813	-0.438417300416624	-1.03367089691432	-0.752267521495846	-1.31507427233279	-0.748459874418887	-0.505693488925737	-0.991226259912036
"25"	10.8542713567839	-0.545926886051248	-0.401839455178151	-0.690014316924346	-0.19546135333251	-0.0530193861975853	-0.337903320467435	-0.320477570781561	-0.202991636983652	-0.437963504579469	-1.02878180566034	-0.746400801544286	-1.31116280977639	-0.749053789734229	-0.505064482909215	-0.993043096559242
"26"	11.3065326633166	-0.54652080136659	-0.403320776466421	-0.68972082626676	-0.196055268647852	-0.0544780921209346	-0.33763244517477	-0.321071486096903	-0.204627021749634	-0.437515950444171	-1.02389271440635	-0.740517692984859	-1.30726773582785	-0.749647705049571	-0.504419127962808	-0.994876282136333
"27"	11.7587939698492	-0.547114716681933	-0.404794811156293	-0.689434622207572	-0.196649183963194	-0.0559291469854457	-0.337369220940943	-0.321665401412245	-0.206255995835854	-0.437074806988636	-1.01900362315237	-0.734618367667772	-1.30338887863697	-0.750241620364913	-0.503757670683495	-0.996725570046331
"28"	12.2110552763819	-0.547708631997275	-0.406261423230673	-0.689155840763876	-0.197243099278537	-0.0573724101320183	-0.337113788425055	-0.322259316727587	-0.20787838520713	-0.436640248248045	-1.01411453189839	-0.728702997794012	-1.29952606600277	-0.750835535680255	-0.503080355842151	-0.998590715518359
"29"	12.6633165829146	-0.548302547312617	-0.407720474456523	-0.688884620168711	-0.197837014593879	-0.0588077387587407	-0.336866290429017	-0.322853232042929	-0.209494010639917	-0.436212453445942	-1.00922544064441	-0.722771755812196	-1.29567912547662	-0.751429450995597	-0.502387426272508	-1.00047147571869
"30"	13.1155778894472	-0.548896462627959	-0.409171824389788	-0.68862110086613	-0.198430929909221	-0.0602349879363038	-0.336626871882138	-0.323447147358272	-0.211102687591335	-0.435791607125208	-1.00433634939043	-0.716824814318431	-1.29184788446242	-0.752023366310939	-0.50167912276768	-1.0023676098542
"31"	13.5678391959799	-0.549490377943301	-0.410615330383715	-0.688365425502887	-0.199024845224563	-0.0616540106273357	-0.33639567982179	-0.324041062673614	-0.212704226068784	-0.435377899278443	-0.999447258136445	-0.710862345959245	-1.28803217031364	-0.752617281626282	-0.500955683984084	-1.00427887926848
"32"	14.0201005025126	-0.550084293258643	-0.412050847600771	-0.688117738916516	-0.199618760539905	-0.0630646577098777	-0.336172863369933	-0.324634977988956	-0.214298430500673	-0.434971525477239	-0.994558166882463	-0.704884523337604	-1.28423181042732	-0.753211196941624	-0.500217346352513	-1.00620504753073
"33"	14.4723618090452	-0.550678208573986	-0.413478229028395	-0.687878188119576	-0.200212675855247	-0.0644667780052327	-0.335958573705262	-0.325228893304298	-0.215885099608836	-0.43457268699976	-0.989669075628481	-0.69889151892207	-1.28044663233489	-0.753805112256966	-0.499464343996167	-1.00814588051776
"34"	14.9246231155779	-0.551272123889328	-0.414897325498811	-0.687646922279844	-0.200806591170589	-0.065860218310414	-0.335752964030765	-0.32582280861964	-0.217464026283296	-0.434181590955985	-0.984779984374499	-0.692883504959089	-1.27667646378991	-0.754399027572308	-0.498696908655419	-1.0101011464892
"35"	15.3768844221106	-0.55186603920467	-0.416307985713129	-0.687424092696211	-0.201400506485932	-0.067244823435431	-0.335556189536432	-0.326416723934982	-0.21903499746007	-0.433798450409894	-0.979890893120517	-0.686860653388443	-1.27292113285259	-0.75499294288765	-0.497915269619071	-1.01207061615623
"36"	15.8291457286432	-0.552459954520012	-0.417710056269976	-0.687209852770048	-0.201994421801274	-0.0686204362456443	-0.335368407356903	-0.327010639250324	-0.220597794002824	-0.433423484497824	-0.975001801866535	-0.680823135761859	-1.26918046797121	-0.755586858202992	-0.497119653661892	-1.01405406274409
"37"	16.2814070351759	-0.553053869835354	-0.419103381698907	-0.687004357971802	-0.202588337116616	-0.0699868977094281	-0.335189776523804	-0.327604554565667	-0.222152190589215	-0.433056918542118	-0.970112710612553	-0.674771123164762	-1.26545429806034	-0.756180773518335	-0.496310284988179	-1.01605126204849
"38"	16.7336683417085	-0.553647785150696	-0.42048780449882	-0.686807765802573	-0.203182252431958	-0.0713440469513731	-0.335020457912543	-0.328198469881009	-0.22369795560288	-0.432698984159138	-0.965223619358572	-0.668704786141184	-1.26174245257596	-0.756774688833677	-0.49548738518113	-1.01806199248622
"39"	17.1859296482412	-0.554241700466038	-0.421863165181645	-0.686620235750432	-0.2037761677473	-0.0726917213112651	-0.334860614183335	-0.328792385196351	-0.225234851032086	-0.432349919360616	-0.96033452810459	-0.662624294621787	-1.25804476158739	-0.757368604149019	-0.494651173157772	-1.02008603514027
"40"	17.6381909547739	-0.554835615781381	-0.423229302321528	-0.686441929241233	-0.204370083062642	-0.0740297564090676	-0.334710409716217	-0.329386300511693	-0.226762632376167	-0.432009968647219	-0.955445436850608	-0.65652981785499	-1.25436105584623	-0.757962519464361	-0.493801865129223	-1.0221231737995
"41"	18.0904522613065	-0.555429531096723	-0.424586052609782	-0.686273009583663	-0.204963998377985	-0.0753579862161354	-0.334570010539834	-0.329980215827035	-0.228281048560946	-0.431679383093124	-0.950556345596626	-0.650421524341167	-1.25069116685209	-0.758556434779703	-0.492939674566041	-1.02417319499337
"42"	18.5427135678392	-0.556023446412065	-0.425933250915825	-0.686113641908305	-0.205557913693327	-0.0766762431328774	-0.334439584253776	-0.330574131142377	-0.229789841864437	-0.431358420420317	-0.945667254342644	-0.644299581769881	-1.24703492691541	-0.759150350095045	-0.492064812168445	-1.02623588802165
"43"	18.9949748743719	-0.556617361727407	-0.427270730354358	-0.685963993100456	-0.206151829008669	-0.0779843580730802	-0.334319299944257	-0.331168046457719	-0.23128874785425	-0.431047345061188	-0.940778163088662	-0.638164156960118	-1.24339216921721	-0.759744265410387	-0.491177485841159	-1.02831104497962
"44"	19.4472361809045	-0.557211277042749	-0.428598322359021	-0.685824231726477	-0.206745744324011	-0.079282160555094	-0.334209328092928	-0.331761961773062	-0.232777495338169	-0.430746428207954	-0.93588907183468	-0.632015415803471	-1.23976272786589	-0.76033818072573	-0.49027790067267	-1.03039846077879
"45"	19.8994974874372	-0.557805192358091	-0.429915856762741	-0.685694527953442	-0.207339659639353	-0.0805694788000703	-0.334109840478636	-0.332355877088404	-0.234255806329521	-0.430455947847287	-0.930999980580699	-0.625853523210233	-1.23614643795116	-0.760932096041072	-0.489366258918665	-1.03249793316348
"46"	20.3517587939699	-0.558399107673433	-0.431223161885012	-0.685575053461855	-0.207933574954695	-0.0818461398374275	-0.334021010071963	-0.332949792403746	-0.235723396029031	-0.430176188778461	-0.926110889326717	-0.619678643058343	-1.23254313559509	-0.761526011356414	-0.488442759989443	-1.03460926272338
"47"	20.8040201005025	-0.558993022988776	-0.432520064626299	-0.685465981351253	-0.208527490270037	-0.0831119696177039	-0.333943010922371	-0.333543707719088	-0.237179972824956	-0.429907442613221	-0.921221798072735	-0.613490938145132	-1.22895265800034	-0.762119926671756	-0.487507600441079	-1.03673225290243
"48"	21.2562814070352	-0.559586938304118	-0.433806390569771	-0.685367486038464	-0.20912140558538	-0.0843667931329391	-0.33387601803782	-0.33413762303443	-0.2386252383134	-0.42965000775546	-0.916332706818753	-0.607290570141815	-1.22537484349569	-0.762713841987098	-0.486560973970129	-1.03886671000407
"49"	21.7085427135678	-0.56018085361946	-0.435081964090553	-0.685279743148367	-0.209715320900722	-0.0856104345447071	-0.333820207256736	-0.334731538349772	-0.240058887340796	-0.429404189358749	-0.911443615564771	-0.601077699550661	-1.22180953157888	-0.76330775730244	-0.485603071411696	-1.04101244319318
"50"	22.1608040201005	-0.560774768934802	-0.436346608472643	-0.685202929396962	-0.210309236216064	-0.0868427173198951	-0.333775755112233	-0.335325453665115	-0.241480608070618	-0.429170299259611	-0.906554524310789	-0.59485248566479	-1.21825656295679	-0.763901672617783	-0.484634080740633	-1.04316926449493
"51"	22.6130653266332	-0.561368684250144	-0.437600146033656	-0.685137222466632	-0.210903151531406	-0.0880634643743041	-0.333742838688508	-0.335919368980457	-0.242890082076492	-0.428948655884421	-0.901665433056807	-0.588615086530516	-1.2147157795831	-0.764495587933125	-0.483654187075714	-1.04533698879054
"52"	23.0653266331658	-0.561962599565486	-0.438842398257523	-0.68508280087345	-0.211497066846748	-0.0892724982241127	-0.333721635469384	-0.336513284295799	-0.244286984463899	-0.428739584127699	-0.896776341802826	-0.582365658912191	-1.21118702469346	-0.765089503248467	-0.482663572686577	-1.04751543381036
"53"	23.5175879396985	-0.562556514880829	-0.440073185935217	-0.68503984382644	-0.21209098216209	-0.0904696411452196	-0.333712323178961	-0.337107199611141	-0.24567098402276	-0.428543415199522	-0.891887250548844	-0.576104358259468	-1.20767014283822	-0.765683418563809	-0.48166241700327	-1.04970442012435
"54"	23.9698492462312	-0.563150430196171	-0.441292329313619	-0.685008531078722	-0.212684897477432	-0.091654715340444	-0.333715079614421	-0.337701114926483	-0.247041743413196	-0.42836048643977	-0.886998159294862	-0.569831338676915	-1.20416497991281	-0.766277333879151	-0.480650896628221	-1.05190377113008
"55"	24.4221105527638	-0.563744345511513	-0.442499648252526	-0.6849890427705	-0.213278812792775	-0.09282754311453	-0.333730082471019	-0.338295030241825	-0.248398919386786	-0.428191141096864	-0.88210906804088	-0.563546752895924	-1.20067138318584	-0.766871249194493	-0.479629185350471	-1.05411331303852
"56"	24.8743718592965	-0.564338260826855	-0.44369496238984	-0.68498155926387	-0.213872728108117	-0.0939879470568598	-0.333757509159374	-0.338888945557167	-0.249742163045645	-0.42803572806869	-0.877219976786898	-0.557250752248824	-1.19718920132497	-0.767465164509835	-0.478597454162014	-1.05633287485766
"57"	25.3266331658291	-0.564932176142197	-0.4448780913149	-0.684986260969495	-0.214466643423459	-0.0951357502317443	-0.333797536615174	-0.33948286087251	-0.251071120141597	-0.427894601603422	-0.872330885532916	-0.550943486645151	-1.19371828442068	-0.768059079825178	-0.477555871276085	-1.05856228837427
"58"	25.7788944723618	-0.565526091457539	-0.446048854749892	-0.685003328165186	-0.215060558738801	-0.0962707763761122	-0.33385034110149	-0.340076776187852	-0.252385431417679	-0.427768120958025	-0.867441794278934	-0.544625104549988	-1.19025848400788	-0.76865299514052	-0.476504602147252	-1.06080138813379
"59"	26.2311557788945	-0.566120006772882	-0.447207072739244	-0.68503294080652	-0.215654474054143	-0.0973928501043786	-0.333916098003908	-0.340670691503194	-0.253684732994073	-0.427656650012315	-0.862552703024953	-0.538295752964309	-1.1868096530856	-0.769246910455862	-0.475443809493184	-1.06305001141854
"60"	26.6834170854271	-0.566713922088224	-0.448352565846841	-0.685075278329607	-0.216248389369485	-0.0985017971202228	-0.333994981618748	-0.341264606818536	-0.254968656800486	-0.427560556836586	-0.857663611770971	-0.531955577407261	-1.18337164613468	-0.769840825771204	-0.474373653317939	-1.06530799822447
"61"	27.1356783919598	-0.567307837403566	-0.449485155360893	-0.685130519446238	-0.216842304684828	-0.0995974444349614	-0.334087164934694	-0.341858522133878	-0.256236831056774	-0.427480213210982	-0.852774520516989	-0.525604721900312	-1.17994431913367	-0.770434741086546	-0.473294290936662	-1.06757519123643
"62"	27.5879396984925	-0.567901752718908	-0.450604663506192	-0.685198841931624	-0.21743622000017	-0.100679620592148	-0.334192819408191	-0.34245243744922	-0.257488880803408	-0.427415994095033	-0.847885429263007	-0.519243328953192	-1.17652752957282	-0.771028656401888	-0.472205877001573	-1.0698514358022
"63"	28.0402010050251	-0.56849566803425	-0.45171091366348	-0.68528042240502	-0.218030135315512	-0.101748155897987	-0.334312114733037	-0.343046352764563	-0.258724428483107	-0.427368277046018	-0.842996338009025	-0.512871539551561	-1.17312113646649	-0.77162257171723	-0.471108563529111	-1.07213657990535
"64"	28.4924623115578	-0.569089583349592	-0.452803730595595	-0.685375436103589	-0.218624050630854	-0.102802882657084	-0.334445218604624	-0.343640268079905	-0.259943094574662	-0.427337441585147	-0.838107246755043	-0.506489493146344	-1.16972500036374	-0.772216487032573	-0.470002499928147	-1.074430474137
"65"	28.9447236180905	-0.569683498664934	-0.453882940679986	-0.685484056649883	-0.219217965946196	-0.103843635413028	-0.334592296479364	-0.344234183395247	-0.261144498279561	-0.427323868510933	-0.833218155501061	-0.500097327644645	-1.16633898335748	-0.772810402347915	-0.468887833029141	-1.07673297166669
"66"	29.3969849246231	-0.570277413980277	-0.454948372147161	-0.685606455813392	-0.219811881261538	-0.104870251193216	-0.334753511329861	-0.344828098710589	-0.262328258261659	-0.427327939159519	-0.82832906424708	-0.493695179402206	-1.16296294909195	-0.773404317663257	-0.467764707114163	-1.07904392821235
"67"	29.8492462311558	-0.570871329295619	-0.455999855324569	-0.685742803266669	-0.220405796576881	-0.105882569757307	-0.334929023396455	-0.345422014025931	-0.263493993439613	-0.427350034612249	-0.823439972993098	-0.487283183217307	-1.15959676276889	-0.773998232978599	-0.46663326394767	-1.08136320200953
"68"	30.3015075376884	-0.571465244610961	-0.457037222885351	-0.685893266336571	-0.220999711892223	-0.106880433848633	-0.335118989935812	-0.346015929341273	-0.264641323831303	-0.427390534851243	-0.818550881739116	-0.480861472326084	-1.15624029115215	-0.774592148293941	-0.465493642807952	-1.08369065377993
"69"	30.7537688442211	-0.572059159926303	-0.458060310101361	-0.686058009751246	-0.221593627207565	-0.107863689447842	-0.335323564967288	-0.346609844656615	-0.265769871448849	-0.427449817864382	-0.813661790485134	-0.474430178399166	-1.1528934025711	-0.775186063609283	-0.464345980519175	-1.08602614669939
"70"	31.2060301507538	-0.572653075241645	-0.459068955099784	-0.686237195383507	-0.222187542522907	-0.108832186027994	-0.33554289901782	-0.347203759971958	-0.266879261242246	-0.427528258701669	-0.808772699231152	-0.467989431539601	-1.1495559669227	-0.775779978924626	-0.463190411483924	-1.08836954636533
"71"	31.6582914572864	-0.573246990556987	-0.460062999122642	-0.686430981991333	-0.222781457838249	-0.109785776810321	-0.335777138866177	-0.3477976752873	-0.267969122088932	-0.427626228485667	-0.80388360797717	-0.461539360281984	-1.14622785567236	-0.776373894239968	-0.462027067716189	-1.09072072076375
"72"	32.1105527638191	-0.573840905872329	-0.46104228678842	-0.686639524956239	-0.223375373153591	-0.110724319019776	-0.336026427287406	-0.348391590602642	-0.269039087825933	-0.427744093379351	-0.798994516723188	-0.455080091592752	-1.14290894185363	-0.77696780955531	-0.460856078874714	-1.09307954023591
"73"	32.5628140703518	-0.574434821187672	-0.462006666354987	-0.686862976020356	-0.223969288468933	-0.111647674139491	-0.336290902798376	-0.348985505917984	-0.270088798320463	-0.427882213515505	-0.794105425469206	-0.448611750871567	-1.13959910006685	-0.777561724870652	-0.45967757229664	-1.09544587744466
"74"	33.0150753768844	-0.575028736503014	-0.462955989982974	-0.687101483023053	-0.224563203784276	-0.112555708163212	-0.336570699405339	-0.349579421233326	-0.271117900574166	-0.428040941892486	-0.789216334215225	-0.442134461953759	-1.13629820647669	-0.778155640185994	-0.458491673031389	-1.0978196073406
"75"	33.4673366834171	-0.575622651818356	-0.463890113998677	-0.687355189638035	-0.225157119099618	-0.113448291844782	-0.336865946354454	-0.350173336548668	-0.272126049855377	-0.42822062324196	-0.784327242961243	-0.435648347113739	-1.13300613880875	-0.778749555501336	-0.457298503874734	-1.10020060712794
"76"	33.9195979899498	-0.576216567133698	-0.464808899155569	-0.687624235111827	-0.22575103441496	-0.11432530094366	-0.33717676788626	-0.35076725186401	-0.273112910853093	-0.428421592874928	-0.779438151707261	-0.429153527069369	-1.12972277634515	-0.779343470816678	-0.456098185402982	-1.10258875623038
"77"	34.3718592964824	-0.57681048244904	-0.46571221089344	-0.687908754004641	-0.226344949730302	-0.115186616465533	-0.337503282995071	-0.351361167179353	-0.274078158845613	-0.428644175513092	-0.774549060453279	-0.422650120987205	-1.12644799991935	-0.779937386132021	-0.45489083600724	-1.1049839362568
"78"	34.8241206030151	-0.577404397764382	-0.466599919594153	-0.688208875934612	-0.226938865045644	-0.116032124896978	-0.337845605194311	-0.351955082494695	-0.275021480876131	-0.428888684113259	-0.769659969199297	-0.416138246488583	-1.12318169191001	-0.780531301447363	-0.453676571927707	-1.10738603096702
"79"	35.2763819095477	-0.577998313079725	-0.467471900833014	-0.688524725326436	-0.227532780360986	-0.116861718433199	-0.338203842288773	-0.352548997810037	-0.275942576926975	-0.429155418693099	-0.764770877945315	-0.409618019656495	-1.11992373623414	-0.781125216762705	-0.452455507287953	-1.10979492623746
"80"	35.7286432160804	-0.578592228395067	-0.468328035624699	-0.688856421165435	-0.228126695676328	-0.117675295197827	-0.33857809615483	-0.353142913125379	-0.276841161083635	-0.429444665167124	-0.759881786691334	-0.403089555043205	-1.11667401833946	-0.781719132078047	-0.451227754129129	-1.11221051002697
"81"	36.1809045226131	-0.579186143710409	-0.469168210662702	-0.689204076758116	-0.228720610991671	-0.11847275945379	-0.338968462529552	-0.353736828440721	-0.277716962679298	-0.429756694202145	-0.754992695437352	-0.396552965678569	-1.11343242519613	-0.782313047393389	-0.449993422444099	-1.11463267234268
"82"	36.6331658291457	-0.579780059025751	-0.469992318551249	-0.689567799500253	-0.229314526307013	-0.119254021804294	-0.339375030809731	-0.354330743756063	-0.278569727410269	-0.430091760101858	-0.75010360418337	-0.390008363079004	-1.11019884528774	-0.782906962708731	-0.448752620211428	-1.11706130520603
"83"	37.0854271356784	-0.580373974341093	-0.470800258028642	-0.689947690653545	-0.229908441622355	-0.120018999382961	-0.339797883861749	-0.354924659071406	-0.279399218412455	-0.430450099730356	-0.745214512929388	-0.383455857257077	-1.1069731686017	-0.783500878024074	-0.447505453429215	-1.11949630261893
"84"	37.5376884422111	-0.580967889656435	-0.471591934181	-0.690343845131871	-0.230502356937697	-0.120767616032205	-0.340237097843189	-0.355518574386748	-0.280205217289035	-0.430831931484461	-0.740325421675406	-0.37689555673166	-1.10375528661915	-0.784094793339416	-0.446252026148732	-1.1219375605301
"85"	37.9899497487437	-0.581561804971777	-0.472367258645391	-0.690756351298164	-0.231096272253039	-0.121499802469001	-0.340692742037078	-0.35611248970209	-0.280987525079506	-0.431237454324674	-0.735436330421424	-0.370327568538633	-1.10054509230422	-0.784688708654758	-0.444992440507838	-1.12438497680168
"86"	38.4422110552764	-0.58215572028712	-0.473126149801383	-0.691185290772856	-0.231690187568381	-0.12221549643719	-0.341164878699573	-0.356706405017432	-0.281745963160547	-0.431666846874317	-0.730547239167442	-0.363751998242065	-1.09734248009282	-0.7852826239701	-0.443726796764158	-1.12683845117604
"87"	38.894472361809	-0.582749635602462	-0.473868532950068	-0.691630738254855	-0.232284102883723	-0.122914642845585	-0.341653562921862	-0.357300320332774	-0.282480374069546	-0.432120266596002	-0.725658147913461	-0.35716894994588	-1.09414734588104	-0.785876539285442	-0.442455193327985	-1.1292978852429
"88"	39.3467336683417	-0.583343550917804	-0.474594340479678	-0.69209276135593	-0.232878018199066	-0.123597193891156	-0.342158842506975	-0.357894235648116	-0.283190622242183	-0.43259784905405	-0.720769056659479	-0.350578526305932	-1.09095958701303	-0.786470454600784	-0.441177726794892	-1.13176318240668
"89"	39.7989949748744	-0.583937466233146	-0.47530351201694	-0.692571420449352	-0.233471933514408	-0.124263109166664	-0.342680757862152	-0.358488150963459	-0.283876594656194	-0.433099707270723	-0.715879965405497	-0.343980828542484	-1.08777910226851	-0.787064369916126	-0.439894491978045	-1.13423424785421
"90"	40.251256281407	-0.584531381548488	-0.475995994563415	-0.693066768533561	-0.23406584882975	-0.124912355752183	-0.343219341907317	-0.359082066278801	-0.28453820137431	-0.433625931183291	-0.710990874151515	-0.337375956453047	-1.08460579184998	-0.787658285231469	-0.43860558194018	-1.13671098852276
"91"	40.7035175879397	-0.58512529686383	-0.476671742616086	-0.693578851111574	-0.234659764145092	-0.125544908290031	-0.343774620000153	-0.359675981594143	-0.285175375980338	-0.434176587207948	-0.706101782897533	-0.330764008425556	-1.08143955736951	-0.788252200546811	-0.437311088025243	-1.13919331306838
"92"	41.1557788944724	-0.585719212179173	-0.477330718271585	-0.69410770608676	-0.235253679460434	-0.126160749042717	-0.344346609878151	-0.360269896909485	-0.285788075903507	-0.434751717915463	-0.701212691643551	-0.324145081451845	-1.07828030183526	-0.788846115862153	-0.436011099889672	-1.14168113183463
"93"	41.608040201005	-0.586313127494515	-0.477972891313491	-0.694653363675538	-0.235847594775776	-0.126759867933583	-0.34493532161797	-0.360863812224827	-0.286376282627401	-0.435351341822253	-0.696323600389569	-0.317519271141398	-1.07512792963774	-0.789440031177495	-0.434705705533313	-1.14417435682168
"94"	42.0603015075377	-0.586907042809857	-0.478598239282246	-0.695215846337468	-0.236441510091119	-0.127342262569941	-0.345540757612296	-0.361457727540169	-0.286940001781084	-0.435975453299254	-0.691434509135587	-0.310886671735354	-1.07198234653582	-0.790033946492837	-0.43339499132996	-1.14667290165571
"95"	42.5125628140703	-0.587500958125199	-0.479206747527294	-0.695795168723104	-0.237035425406461	-0.127907938248572	-0.346162912564349	-0.362051642855511	-0.28747926311138	-0.436624022599643	-0.686545417881606	-0.304247376120735	-1.06884345964248	-0.790627861808179	-0.432079042057491	-1.14917668155887
"96"	42.964824120603	-0.588094873440541	-0.479798409241186	-0.696391337639896	-0.237629340721803	-0.128456907943554	-0.346801773500052	-0.362645558170854	-0.287994120336625	-0.437296996005082	-0.681656326627624	-0.29760147584487	-1.06571117741038	-0.791221777123521	-0.430757940927628	-1.15168561331941
"97"	43.4170854271357	-0.588688788755883	-0.480373225475444	-0.697004352036323	-0.238223256037145	-0.128989192276497	-0.347457319797793	-0.363239473486196	-0.288484650883567	-0.437994296088824	-0.676767235373642	-0.290949061130004	-1.06258540961728	-0.791815692438864	-0.429431769615274	-1.15419961526245
"98"	43.8693467336683	-0.589282704071226	-0.480931205138107	-0.697634203004344	-0.238817171352487	-0.129504819469329	-0.348129523235645	-0.363833388801538	-0.288950955510403	-0.438715822092672	-0.67187814411966	-0.284290220888054	-1.05946606735127	-0.792409607754206	-0.428100608287444	-1.15671860722097
"99"	44.321608040201	-0.589876619386568	-0.481472364972978	-0.698280873800157	-0.239411086667829	-0.130003825279897	-0.348818348055762	-0.36442730411688	-0.289393157820211	-0.439461450413549	-0.666989052865678	-0.277625042735505	-1.05635306299585	-0.793003523069548	-0.426764535631784	-1.15924251050731
"100"	44.7738693467337	-0.59047053470191	-0.481996729520673	-0.698944339883147	-0.240005001983172	-0.130486252920715	-0.349523751045628	-0.365021219432222	-0.289811403670204	-0.44023103519424	-0.662099961611696	-0.270953613008421	-1.05324631021497	-0.79359743838489	-0.425423628884663	-1.16177124788512
"101"	45.2261306532663	-0.591064450017252	-0.482504331061691	-0.699624568972813	-0.240598917298514	-0.130952152961296	-0.350245681635732	-0.365615134747564	-0.290205860483311	-0.441024409011818	-0.657210870357714	-0.264276016777551	-1.05014572393788	-0.794191353700232	-0.42407796385884	-1.16430474354162
"102"	45.678391959799	-0.591658365332594	-0.48299520954181	-0.700321521123378	-0.241192832613856	-0.131401583214573	-0.350984082013138	-0.366209050062906	-0.290576716469502	-0.441841383656311	-0.652321779103733	-0.25759233786351	-1.04705122034396	-0.794785269015574	-0.422727614970709	-1.16684292306044
"103"	46.1306532663317	-0.592252280647936	-0.48346941248021	-0.701035148815662	-0.241786747929198	-0.131834608608003	-0.351738887250393	-0.366802965378249	-0.29092417976511	-0.442681750991388	-0.647432687849751	-0.250902658852025	-1.04396271684748	-0.795379184330917	-0.421372655267108	-1.16938571339472
"104"	46.5829145728643	-0.592846195963278	-0.483926994860812	-0.701765397065745	-0.24238066324454	-0.132251301040006	-0.352510025449074	-0.367396880693591	-0.291248477499017	-0.443545283888165	-0.642543596595769	-0.244207061109228	-1.04088013208231	-0.795973099646259	-0.420013156451706	-1.17193304284081
"105"	47.035175879397	-0.593440111278621	-0.484368019007407	-0.702512203549834	-0.242974578559882	-0.132651739222484	-0.35329741789728	-0.367990796008933	-0.291549854795078	-0.444431737222788	-0.637654505341787	-0.237505624796972	-1.0378033858866	-0.796567014961601	-0.418649188910949	-1.17448484101225
"106"	47.4874371859297	-0.594034026593963	-0.484792554443233	-0.703275498744693	-0.243568493875224	-0.133036008510191	-0.354100979240258	-0.368584711324275	-0.291828573720467	-0.445340848928083	-0.632765414087805	-0.230798428888173	-1.03473239928744	-0.797160930276943	-0.417280821739583	-1.1770410388143
"107"	47.9396984924623	-0.594627941909305	-0.485200677735721	-0.704055206082889	-0.244162409190567	-0.133404200717807	-0.354920617663326	-0.369178626639617	-0.292084912189817	-0.446272341089417	-0.627876322833823	-0.224085551182145	-1.0316670944855	-0.797754845592285	-0.415908122765746	-1.17960156841882
"108"	48.391959798995	-0.595221857224647	-0.485592472327212	-0.704851242122082	-0.244756324505909	-0.133756413925597	-0.35575623508622	-0.369772541954959	-0.292319162835015	-0.447225921074904	-0.622987231579841	-0.217367068319927	-1.02860739483976	-0.798348760907627	-0.414531158575629	-1.18216636323963
"109"	48.8442211055276	-0.595815772539989	-0.485968028352489	-0.705663516727489	-0.245350239821251	-0.134092752274583	-0.356607727367919	-0.370366457270302	-0.2925316318504	-0.448201282690203	-0.61809814032586	-0.210643055799594	-1.02555322485213	-0.79894267622297	-0.413149994537706	-1.18473535790823
"110"	49.2964824120603	-0.596409687855331	-0.486327442444035	-0.706491933266628	-0.245944155136593	-0.13441332575218	-0.357474984521006	-0.370960372585644	-0.292722637822851	-0.449198107348436	-0.613209049071878	-0.203913587991527	-1.02250451015223	-0.799536591538312	-0.411764694826553	-1.18730848825007
"111"	49.748743718593	-0.597003603170673	-0.486670817525964	-0.707336388815383	-0.246538070451935	-0.134718249969291	-0.35835789093458	-0.371554287900986	-0.292892510555838	-0.450216065246134	-0.608319957817896	-0.197178738153639	-1.01946117748215	-0.800130506853654	-0.410375322446225	-1.18988569126108
"112"	50.2010050251256	-0.597597518486016	-0.486998262597614	-0.708196774374417	-0.247131985767277	-0.135007645929824	-0.359256325604731	-0.372148203216328	-0.293041589896074	-0.451254816536582	-0.603430866563914	-0.190438578446554	-1.01642315468127	-0.800724422168996	-0.40898193925323	-1.19246690508476
"113"	50.6532663316583	-0.598191433801358	-0.487309892507811	-0.709072975094905	-0.247725901082619	-0.135281639793674	-0.360170162371565	-0.37274211853167	-0.293170224570795	-0.452314012492545	-0.598541775309932	-0.183693179948712	-1.01339037067115	-0.801318337484338	-0.40758460597908	-1.1950520689896
"114"	51.105527638191	-0.5987853491167	-0.487605827720828	-0.709964870512571	-0.248319816397962	-0.135540362634138	-0.361099270161785	-0.373336033847012	-0.293278771043071	-0.453393296650953	-0.59365268405595	-0.176942612671412	-1.01036275544049	-0.80191225279968	-0.406183382252426	-1.19764112334693
"115"	51.5577889447236	-0.599379264432042	-0.487886194075111	-0.710872334788973	-0.248913731713304	-0.135783950190779	-0.362043513235829	-0.373929949162354	-0.293367592391864	-0.454492305932845	-0.588763592801968	-0.170186945573768	-1.00734024003017	-0.802506168115022	-0.404778326620788	-1.20023400960926
"116"	52.0100502512563	-0.599973179747384	-0.488151122535786	-0.711795236958983	-0.249507647028646	-0.13601254261872	-0.363002751438572	-0.374523864477697	-0.293437057222815	-0.455610671732578	-0.583874501547986	-0.16342624657758	-1.00432275651839	-0.803100083430365	-0.403369496571884	-1.20283067028884
"117"	52.4623115577889	-0.600567095062726	-0.488400748942019	-0.712733441183434	-0.250101562343988	-0.136226284235332	-0.363976840452645	-0.375117779793039	-0.293487538615012	-0.456748020971066	-0.578985410294005	-0.156660582582109	-1.0013102380059	-0.803693998745707	-0.401956948554548	-1.20543104893687
"118"	52.9145728643216	-0.601161010378069	-0.488635213750251	-0.713686807005886	-0.25069547765933	-0.136425323265256	-0.364965632053405	-0.375711695108381	-0.293519413108224	-0.457903977108538	-0.574096319040023	-0.149890019478747	-0.998302618601298	-0.804287914061049	-0.400540737999262	-1.20803509012284
"119"	53.3668341708543	-0.601754925693411	-0.488854661774333	-0.714655189612488	-0.251289392974672	-0.136609811584673	-0.365968974364672	-0.376305610423723	-0.293533059734369	-0.459078161113078	-0.569207227786041	-0.143114622165593	-0.995299833406489	-0.804881829376391	-0.399120919338291	-1.21064273941449
"120"	53.8190954773869	-0.602348841008753	-0.489059241923542	-0.715638440093963	-0.251883308290015	-0.1367799044657	-0.366986712114329	-0.376899525739065	-0.293528859096245	-0.460270192381885	-0.564318136532059	-0.136334454561893	-0.992301818502225	-0.805475744691733	-0.397697546025433	-1.21325394335803
"121"	54.2713567839196	-0.602942756324095	-0.489249106939461	-0.716636405708729	-0.252477223605357	-0.136935760321742	-0.368018686888972	-0.377493441054407	-0.293507192495893	-0.461479689612922	-0.559429045278077	-0.129549579622387	-0.989308510933767	-0.806069660007075	-0.396270670555388	-1.21586864945876
"122"	54.7236180904523	-0.603536671639437	-0.489424413132638	-0.717648930146236	-0.253071138920699	-0.137077540454608	-0.36906473738679	-0.37808735636975	-0.293468441114264	-0.462706271625235	-0.554539954024095	-0.122760059351511	-0.98631984869668	-0.806663575322418	-0.394840344482752	-1.21848680616208
"123"	55.1758793969849	-0.604130586954779	-0.48958532011993	-0.718675853789629	-0.253665054236041	-0.137205408804139	-0.370124699667943	-0.378681271685092	-0.293412985243323	-0.46394955812686	-0.549650862770114	-0.115965954817486	-0.983335770722741	-0.80725749063776	-0.393406618440632	-1.22110836283489
"124"	55.6281407035176	-0.604724502270121	-0.489731990563362	-0.719717013976881	-0.254258969551383	-0.137319531701041	-0.371198407401726	-0.379275187000434	-0.293341203571095	-0.465209170429773	-0.544761771516132	-0.109167326166269	-0.980356216865994	-0.807851405953102	-0.391969542158909	-1.22373326974729
"125"	56.0804020100502	-0.605318417585464	-0.489864589911325	-0.720772245259602	-0.254852884866725	-0.137420077623597	-0.372285692109854	-0.379869102315776	-0.293253472519704	-0.466484732111848	-0.53987268026215	-0.102364232635371	-0.977381127888929	-0.808445321268444	-0.390529164482126	-1.22636147805476
"126"	56.5326633165829	-0.605912332900806	-0.489983286142852	-0.72184137965876	-0.255446800182068	-0.137507216958845	-0.37338638340529	-0.380463017631118	-0.293150165635982	-0.467775869626255	-0.534983589008168	-0.0955567325675324	-0.974410445448803	-0.809039236583786	-0.389085533387034	-1.22899293978054
"127"	56.9849246231156	-0.606506248216148	-0.490088249515671	-0.722924246916625	-0.25604071549741	-0.137581121768784	-0.374500309226036	-0.38105693294646	-0.293031653033829	-0.469082212859091	-0.530094497754186	-0.0887448834242672	-0.971444112084105	-0.809633151899128	-0.387638695999775	-1.23162760779848
"128"	57.4371859296482	-0.60710016353149	-0.490179652318707	-0.724020674744273	-0.256634630812752	-0.137641965562104	-0.3756272960634	-0.381650848261803	-0.292898300887165	-0.47040339563644	-0.525205406500204	-0.0819287417992503	-0.968482071201158	-0.81022706721447	-0.386188698612734	-1.23426543581621
"129"	57.8894472361809	-0.607694078846832	-0.490257668629597	-0.725130489064068	-0.257228546128094	-0.137689923071893	-0.376767169184295	-0.382244763577145	-0.292750470971998	-0.471739056182292	-0.520316315246222	-0.0751083634315671	-0.965524267060878	-0.810820982529813	-0.384735586701043	-1.23690637835858
"130"	58.3417085427136	-0.608287994162174	-0.490322474077782	-0.726253514246567	-0.257822461443436	-0.137725170039716	-0.377919752847156	-0.382838678892487	-0.292588520255939	-0.473088837529034	-0.515427223992241	-0.0682838032188119	-0.962570644765669	-0.811414897845155	-0.383279404938759	-1.23955039075155
"131"	58.7939698492462	-0.608881909477517	-0.490374245613657	-0.727389573341376	-0.258416376758778	-0.137747883006408	-0.379084870511148	-0.383432594207829	-0.292412800533231	-0.474452387882426	-0.510538132738259	-0.0614551152300355	-0.959621150246482	-0.812008813160497	-0.381820197214711	-1.24219742910628
"132"	59.2462311557789	-0.609475824792859	-0.490413161284202	-0.728538488301516	-0.25901029207412	-0.137758239109895	-0.380262345038346	-0.384026509523171	-0.292223658103247	-0.475829360943095	-0.505649041484277	-0.0546223527185415	-0.956675730250012	-0.812602728475839	-0.380358006648025	-1.24484745030365
"133"	59.6984924623116	-0.610069740108201	-0.49043940001548	-0.729700080200921	-0.259604207389463	-0.137756415890269	-0.381451998888656	-0.384620424838513	-0.292021433490287	-0.47721941618674	-0.500759950230295	-0.0477855681345296	-0.95373433232606	-0.813196643791181	-0.378892875603333	-1.24750041197903
"134"	60.1507537688442	-0.610663655423543	-0.490453141402339	-0.730874169444747	-0.260198122704805	-0.137742591102347	-0.382653654307262	-0.385214340153855	-0.291806461202414	-0.478622219105297	-0.495870858976313	-0.0409448131375835	-0.950796904815043	-0.813790559106523	-0.377424845705677	-1.25015627250737
"135"	60.6030150753769	-0.611257570738885	-0.490454565505562	-0.732060575972209	-0.260792038020147	-0.137716942535853	-0.383867133504441	-0.385808255469198	-0.291579069527031	-0.480037441411364	-0.490981767722331	-0.0341001386090039	-0.947863396835658	-0.814384474421865	-0.375953957855099	-1.25281499098863
"136"	61.0552763819096	-0.611851486054227	-0.490443852656732	-0.733259119451722	-0.261385953335489	-0.137679647843353	-0.385092258827625	-0.38640217078454	-0.291339580360874	-0.481464761208206	-0.486092676468349	-0.0272515946639858	-0.944933758272713	-0.814978389737208	-0.374480252240943	-1.25547652723347
"137"	61.5075376884422	-0.612445401369569	-0.490421183270961	-0.734469619468178	-0.261979868650831	-0.13763088437602	-0.386328852925642	-0.386996086099882	-0.291088309072104	-0.482903863127659	-0.481203585214368	-0.0203992306636385	-0.942007939765097	-0.81557230505255	-0.373003768355847	-1.25814084174925
"138"	61.9597989949749	-0.613039316684912	-0.490386737667628	-0.735691895702195	-0.262573783966173	-0.137570829027265	-0.387576738905081	-0.387590001415224	-0.290825564392214	-0.484354438438234	-0.476314493960386	-0.013543095226849	-0.939085892693922	-0.816166220367892	-0.371524545009464	-1.26080789572632
"139"	62.4120603015075	-0.613633232000254	-0.490340695899226	-0.736925768101281	-0.263167699281516	-0.137499658084248	-0.388835740478783	-0.388183916730566	-0.290551648335489	-0.485816185125643	-0.471425402706404	-0.00668323624198847	-0.936167569170819	-0.816760135683234	-0.370042620341891	-1.26347765102458
"140"	62.8643216080402	-0.614227147315596	-0.49028323758836	-0.738171057042832	-0.263761614596858	-0.137417547087237	-0.390105682106479	-0.388777832045908	-0.290266856143857	-0.487288807947959	-0.466536311452422	0.000180299121540273	-0.933252922026384	-0.817354050998576	-0.368558031836816	-1.26615007016034
"141"	63.3165829145729	-0.614821062630938	-0.490214541772913	-0.739427583488963	-0.2643555299122	-0.137324670696767	-0.391386389127633	-0.38937174736125	-0.289971476254987	-0.488772018467514	-0.46164722019844	0.00704746440190968	-0.93034190479879	-0.817947966313918	-0.367070816334405	-1.26882511629343
"142"	63.7688442211055	-0.61541497794628	-0.490134786759375	-0.740695169133186	-0.264949445227542	-0.137221202568509	-0.392677687886574	-0.389965662676593	-0.289665790291625	-0.490265535061561	-0.456758128944458	0.0139182138336335	-0.92743447172255	-0.818541881629261	-0.36558101004391	-1.27150275321461
"143"	64.2211055276382	-0.616008893261622	-0.490044149984261	-0.741973636538984	-0.265543360542884	-0.13710731523575	-0.393979405850018	-0.390559577991935	-0.289350073070208	-0.491769082913661	-0.451869037690476	0.0207925023364889	-0.924530577717442	-0.819135796944603	-0.364088648556024	-1.27418294533318
"144"	64.6733668341708	-0.616602808576964	-0.489942807883558	-0.743262809270371	-0.266137275858226	-0.136983179999343	-0.395291371717109	-0.391153493307277	-0.289024592626915	-0.493282393987638	-0.446979946436495	0.027670285504595	-0.921630178377584	-0.819729712259945	-0.36259376685497	-1.27686565766492
"145"	65.1256281407035	-0.617196723892307	-0.489830935770088	-0.744562512014525	-0.266731191173568	-0.136848966824995	-0.396613415522141	-0.391747408622619	-0.288689610259393	-0.494805206985845	-0.442090855182512	0.0345515195956458	-0.918733229960671	-0.820323627575287	-0.361096399330349	-1.27955085582023
"146"	65.5778894472362	-0.617790639207649	-0.489708707718653	-0.745872570696645	-0.267325106488911	-0.136704844247716	-0.397945368730105	-0.392341323937961	-0.288345380582514	-0.496337267293408	-0.437201763928531	0.0414361615202986	-0.91583968937736	-0.820917542890629	-0.359596579788731	-1.28223850599253
"147"	66.0301507537689	-0.618384554522991	-0.489576296458813	-0.747192812587169	-0.267919021804253	-0.136550979283243	-0.399287064325263	-0.392935239253303	-0.287992151596605	-0.497878326910002	-0.432312672674549	0.0483241688317181	-0.912949514180816	-0.821511458205971	-0.358094341465013	-1.28492857494693
"148"	66.4824120603015	-0.618978469838333	-0.489433873275134	-0.748523066401532	-0.268512937119595	-0.136387537346261	-0.400638336892929	-0.393529154568646	-0.287630164766705	-0.499428144370586	-0.427423581420567	0.0552154997152714	-0.910062662556405	-0.822105373521314	-0.356589717033534	-1.28762103000909
"149"	66.9346733668342	-0.619572385153675	-0.489281607914709	-0.749863162392642	-0.269106852434937	-0.136214682175201	-0.401999022694673	-0.394123069883988	-0.287259655111486	-0.500986484656489	-0.422534490166585	0.062110112978376	-0.907179093311546	-0.822699288836656	-0.355082738618959	-1.29031583905435
"150"	67.3869346733668	-0.620166300469017	-0.489119668501751	-0.751212932436284	-0.269700767750279	-0.136032575763404	-0.403368959737154	-0.39471698519933	-0.286880851300596	-0.502553119098064	-0.417645398912603	0.0690079680405003	-0.904298765865707	-0.823293204151998	-0.353573437806939	-1.29301297049706
"151"	67.8391959798995	-0.62076021578436	-0.488948221459063	-0.752572210109656	-0.270294683065621	-0.135841378296436	-0.404747987834806	-0.395310900514672	-0.286493975759238	-0.504127825270106	-0.412756307658621	0.0759090249233124	-0.901421640240555	-0.82388711946734	-0.352061845654544	-1.29571239328014
"152"	68.2914572864322	-0.621354131099702	-0.48876743143613	-0.753940830763273	-0.270888598380963	-0.135641248095316	-0.406135948666611	-0.395904815830014	-0.286099244778943	-0.505710386881085	-0.40786721640464	0.082813244240979	-0.898547677050258	-0.824481034782682	-0.350547992700482	-1.29841407686488
"153"	68.7437185929648	-0.621948046415044	-0.488577461243642	-0.755318631586445	-0.271482513696306	-0.135432341565433	-0.407532685827178	-0.396498731145356	-0.28569686863352	-0.507300593657192	-0.402978125150658	0.0897205871906122	-0.895676837491928	-0.825074950098024	-0.3490319089751	-1.30111799122095
"154"	69.1959798994975	-0.622541961730386	-0.488378471794174	-0.756705451666598	-0.272076429011648	-0.13521481315092	-0.408938044872375	-0.397092646460698	-0.285287051699301	-0.508898241222096	-0.398089033896676	0.0966310155428622	-0.892809083336214	-0.825668865413366	-0.347513624010177	-1.30382410681656
"155"	69.6482412060301	-0.623135877045728	-0.488170622048807	-0.758101132042649	-0.27267034432699	-0.134988815294237	-0.410351873359742	-0.397686561776041	-0.284869992578844	-0.510503130973237	-0.393199942642694	0.103544491632656	-0.889944376918044	-0.826262780728709	-0.345993166848517	-1.3065323946089
"156"	70.1005025125628	-0.62372979236107	-0.487954068969435	-0.759505515752706	-0.273264259642332	-0.134754498400743	-0.411774020883921	-0.398280477091383	-0.284445884227351	-0.512115069955414	-0.388310851388712	0.110460978350077	-0.887082681127502	-0.826856696044051	-0.344470566053335	-1.30924282603477
"157"	70.5527638190955	-0.624323707676413	-0.487728967476514	-0.760918447876311	-0.273858174957674	-0.13451201080801	-0.413204339107339	-0.398874392406725	-0.284014914081113	-0.513733870732337	-0.38342176013473	0.117380439131394	-0.884223959400855	-0.827450611359393	-0.342945849717449	-1.31195537300134
"158"	71.0050251256281	-0.624917622991755	-0.487495470412006	-0.762339775571504	-0.274452090273016	-0.134261498759654	-0.414642681786379	-0.399468307722067	-0.283577264187367	-0.515359351256767	-0.378532668880749	0.124302837950222	-0.881368175711719	-0.828044526674735	-0.341419045472282	-1.31467000787719
"159"	71.4572864321608	-0.625511538307097	-0.487253728507275	-0.763769348106919	-0.275046005588359	-0.134003106383451	-0.416088904793266	-0.400062223037409	-0.283133111335021	-0.516991334739798	-0.373643577626767	0.131228139308829	-0.878515294562362	-0.828638441990077	-0.33989018049667	-1.31738670348348
"160"	71.9095477386935	-0.626105453622439	-0.487003890355689	-0.765207016889189	-0.275639920903701	-0.133736975673508	-0.417542866133893	-0.400656138352751	-0.282682627185729	-0.518629649519774	-0.368754486372785	0.138156308229577	-0.875665280975146	-0.829232357305419	-0.338359281525496	-1.32010543308534
"161"	72.3618090452261	-0.626699368937781	-0.486746102389689	-0.766652635485874	-0.276233836219043	-0.133463246476273	-0.419004425961812	-0.401250053668094	-0.282225978404895	-0.520274128931292	-0.363865395118803	0.145087310246502	-0.872818100484108	-0.829826272620761	-0.336826374858133	-1.32282617038339
"162"	72.8140703517588	-0.627293284253123	-0.486480508862084	-0.768106059644163	-0.276827751534385	-0.13318205648016	-0.42047344658861	-0.401843968983436	-0.281763326792193	-0.521924611174679	-0.358976303864821	0.152021111397031	-0.869973719126673	-0.830420187936104	-0.335291486366716	-1.32554888950549
"163"	73.2663316582915	-0.627887199568465	-0.486207251831352	-0.769567147305579	-0.277421666849727	-0.132893541208582	-0.421949792490872	-0.402437884298778	-0.281294829411255	-0.5235809391863	-0.354087212610839	0.158957678213822	-0.867132103435501	-0.831014103251446	-0.333754641504242	-1.32827356499865
"164"	73.7185929648241	-0.628481114883808	-0.485926471150701	-0.771035758616914	-0.278015582165069	-0.132597834016187	-0.423433330313952	-0.40303179961412	-0.280820638718238	-0.525242960510002	-0.349198121356857	0.165896977716749	-0.864293220430464	-0.831608018566788	-0.332215865312498	-1.33100017182108
"165"	74.1708542713568	-0.62907503019915	-0.48563830446068	-0.772511755937619	-0.278609497480411	-0.132295066088088	-0.424923928872735	-0.403625714929462	-0.280340902688964	-0.526910527169961	-0.344309030102875	0.172838977405007	-0.861457037610758	-0.83220193388213	-0.330675182429828	-1.33372868533443
"166"	74.6231155778895	-0.629668945514492	-0.485342887185129	-0.773995003843855	-0.279203412795754	-0.131985366441904	-0.426421459149603	-0.404219630244804	-0.279855764944433	-0.528583495545175	-0.339419938848894	0.17978364524935	-0.858623522947137	-0.832795849197472	-0.329132617098734	-1.33645908129621
"167"	75.0753768844221	-0.630262860829834	-0.485040352530237	-0.775485369129431	-0.279797328111096	-0.131668861932419	-0.427925794289772	-0.404813545560146	-0.279365364874492	-0.530261726245801	-0.334530847594912	0.186730949684455	-0.855792644874278	-0.833389764512814	-0.32758819317332	-1.33919133585231
"168"	75.5276381909548	-0.630856776145176	-0.484730831486535	-0.776982720803817	-0.280391243426438	-0.131345677258677	-0.429436809594199	-0.405407460875489	-0.278869837759474	-0.531945083991503	-0.32964175634093	0.193680859601409	-0.852964372283269	-0.833983679828157	-0.326041934126583	-1.34192542552973
"169"	75.9798994974874	-0.631450691460518	-0.4844144528336	-0.778486930087436	-0.28098515874178	-0.131015934973343	-0.430954382510217	-0.406001376190831	-0.278369314889689	-0.533633437491972	-0.324752665086948	0.200633344340326	-0.850138674514222	-0.834577595143499	-0.324493863057552	-1.34466132722945
"170"	76.4321608040201	-0.63204460677586	-0.484091343147302	-0.779997870404419	-0.281579074057122	-0.130679755494166	-0.432478392620079	-0.406595291506173	-0.277863923682615	-0.535326659329731	-0.319863573832966	0.207588373683074	-0.847315521349006	-0.835171510458841	-0.322944002698276	-1.34739901821941
"171"	76.8844221105528	-0.632638522091203	-0.483761626809398	-0.781515417373008	-0.282172989372464	-0.130337257117373	-0.434008721627556	-0.407189206821515	-0.277353787797707	-0.537024625845323	-0.314974482578984	0.214545917846132	-0.8444948830041	-0.835765425774183	-0.321392375420671	-1.35013847612769
"172"	77.3366834170854	-0.633232437406545	-0.483425426019309	-0.78303944879378	-0.282766904687807	-0.129988556032859	-0.435545253342754	-0.407783122136857	-0.276839027248735	-0.53872721702498	-0.310085391325002	0.221505947473563	-0.841676730123568	-0.836359341089525	-0.319839003243222	-1.35287967893583
"173"	77.7889447236181	-0.633826352721887	-0.483082860807911	-0.784569844635863	-0.283360820003149	-0.129633766341004	-0.437087873665293	-0.408377037452199	-0.276319758513591	-0.540434316390808	-0.305196300071021	0.228468433630104	-0.838861033772146	-0.836953256404867	-0.318283907837547	-1.35562260497219
"174"	78.2412060301507	-0.634420268037229	-0.482734049053168	-0.786106487021291	-0.283954735318491	-0.129273000071006	-0.438636470565975	-0.408970952767541	-0.275796094641515	-0.542145810893568	-0.300307208817039	0.235433347794367	-0.836047765428444	-0.837547171720209	-0.31672711053483	-1.35836723290559
"175"	78.6934673366834	-0.635014183352571	-0.482379106497478	-0.787649260207665	-0.284548650633833	-0.12890636720057	-0.440190934067095	-0.409564868082884	-0.275268145357707	-0.54386159080806	-0.295418117563057	0.242400661852156	-0.833236896978269	-0.838141087035552	-0.315168632332111	-1.36111354173899
"176"	79.1457286432161	-0.635608098667913	-0.482018146766567	-0.78919805056926	-0.285142565949175	-0.12853397567685	-0.4417511562215	-0.410158783398226	-0.274736017165304	-0.545581549631148	-0.290529026309075	0.249370348089899	-0.830428400708049	-0.838735002350894	-0.313608493898456	-1.36386151080333
"177"	79.5979899497488	-0.636202013983256	-0.4816512813898	-0.790752746576711	-0.285736481264517	-0.128155931438506	-0.443317031090529	-0.410752698713568	-0.274199813444716	-0.54730558398242	-0.285639935055093	0.256342379188188	-0.827622249298375	-0.839328917666236	-0.312046715580996	-1.36661111975148
"178"	80.0502512562814	-0.636795929298598	-0.481278619821783	-0.792313238775412	-0.286330396579859	-0.127772338438783	-0.444888454720936	-0.41134661402891	-0.273659634550319	-0.549033593507501	-0.280750843801111	0.263316728215424	-0.824818415817646	-0.839922832981578	-0.310483317410841	-1.36936234855232
"179"	80.5025125628141	-0.63738984461394	-0.480900269465117	-0.793879419762763	-0.286924311895202	-0.127383298669486	-0.446465325120917	-0.411940529344252	-0.273115577904514	-0.550765480783991	-0.275861752547129	0.27029336862157	-0.822016873715828	-0.84051674829692	-0.308918319108872	-1.37211517748497
"180"	80.9547738693467	-0.637983759929282	-0.480516335694208	-0.795451184164356	-0.287518227210544	-0.126988912185764	-0.448047542235324	-0.412534444659594	-0.27256773808917	-0.552501151230019	-0.270972661293147	0.277272274232015	-0.81921759681831	-0.841110663612262	-0.30735174009142	-1.3748695871331
"181"	81.4070351758794	-0.638577675244624	-0.480126921880002	-0.797028428609246	-0.288112142525886	-0.126589277131602	-0.44963500792017	-0.413128359974937	-0.272016206934474	-0.554240513015399	-0.266083570039166	0.284253419241536	-0.816420559319868	-0.841704578927605	-0.305783599475817	-1.37762555837939
"182"	81.8592964824121	-0.639171590559966	-0.47973212941555	-0.798611051704383	-0.288706057841228	-0.126184489765933	-0.451227625916524	-0.413722275290279	-0.271461073605221	-0.555983476975336	-0.261194478785184	0.291236778208363	-0.813625735778731	-0.842298494242947	-0.304213916085848	-1.38038307240005
"183"	82.3115577889447	-0.639765505875308	-0.479332057742304	-0.800198954008313	-0.28929997315657	-0.125774644489284	-0.452825301823856	-0.414316190605621	-0.270902424684576	-0.557729956526666	-0.256305387531202	0.298222326048343	-0.810833101110746	-0.842892409558289	-0.302642708457077	-1.3831421106595
"184"	82.7638190954774	-0.640359421190651	-0.478926804377049	-0.801792038004252	-0.289893888471912	-0.125359833870888	-0.454427943072936	-0.414910105920963	-0.270340344255344	-0.559479867586582	-0.25141629627722	0.305210038029206	-0.808042630583646	-0.843486324873631	-0.301069994842076	-1.38590265490519
"185"	83.21608040201	-0.640953336505993	-0.478516464939385	-0.8033902080726	-0.290487803787254	-0.124940148676167	-0.456035458898342	-0.415504021236305	-0.2697749139788	-0.56123312849381	-0.246527205023238	0.312199889764929	-0.805254299811405	-0.844080240188973	-0.299495793215542	-1.3886646871624
"186"	83.6683417085427	-0.641547251821335	-0.478101133179673	-0.804993370462996	-0.291081719102597	-0.124515677894538	-0.457647760310655	-0.416097936551647	-0.269206213171114	-0.56298965993218	-0.241638113769256	0.31919185721019	-0.802468084748702	-0.844674155504315	-0.297920121279308	-1.39142818972932
"187"	84.1206030150754	-0.642141167136677	-0.477680901007379	-0.806601433265975	-0.291675634417939	-0.124086508767473	-0.459264760068404	-0.416691851866989	-0.26863431887743	-0.564749384856549	-0.236749022515275	0.326185916654921	-0.79968396168547	-0.845268070819657	-0.296342996467256	-1.39419314517206
"188"	84.572864321608	-0.642735082452019	-0.477255858519729	-0.80821430638431	-0.292269549733281	-0.123652726816739	-0.460886372649823	-0.417285767182332	-0.268059305943635	-0.566512228421028	-0.231859931261293	0.333182044718955	-0.79690190724154	-0.845861986135	-0.294764435950131	-1.39695953631987
"189"	85.0251256281407	-0.643328997767361	-0.476826094030626	-0.809831901504097	-0.292863465048623	-0.123214415872781	-0.462512514224465	-0.417879682497674	-0.267481247085893	-0.568278117909455	-0.226970840007311	0.340180218346755	-0.794121898361377	-0.846455901450342	-0.293184456640252	-1.39972734626043
"190"	85.4773869346734	-0.643922913082704	-0.47639169409975	-0.811454132065657	-0.293457380363965	-0.122771658103186	-0.464143102624745	-0.418473597813016	-0.266900212957965	-0.570046982668067	-0.222081748753329	0.347180414802248	-0.791343912308906	-0.847049816765684	-0.291603075196134	-1.40249655833523
"191"	85.929648241206	-0.644516828398046	-0.475952743561798	-0.813080913234293	-0.294051295679307	-0.122324534041178	-0.465778057317437	-0.419067513128358	-0.266316272216407	-0.571818754040309	-0.217192657499347	0.354182611663732	-0.788567926662426	-0.847643732081026	-0.290020308027013	-1.40526715613504
"192"	86.3819095477387	-0.645110743713388	-0.475509325555794	-0.814712161870982	-0.29464521099465	-0.121873122614114	-0.467417299375185	-0.4196614284437	-0.265729491583664	-0.573593365303737	-0.212303566245365	0.361186786818877	-0.785793919309607	-0.848237647396368	-0.288436171297279	-1.40803912349546
"193"	86.8341708542714	-0.64570465902873	-0.475061521554437	-0.816347796503023	-0.295239126309992	-0.121417501171914	-0.46906075144807	-0.420255343759042	-0.265139935909139	-0.575370751608946	-0.207414474991383	0.368192918459815	-0.783021868442581	-0.84883156271171	-0.286850680930825	-1.4108124444926
"194"	87.286432160804	-0.646298574344072	-0.47460941139343	-0.817987737294714	-0.295833041625334	-0.120957745515416	-0.470708337735251	-0.420849259074385	-0.264547668228292	-0.577150849920477	-0.202525383737401	0.375200985078304	-0.780251752553107	-0.849425478027052	-0.2852638526153	-1.41358710343881
"195"	87.7386934673367	-0.646892489659414	-0.474153073300751	-0.819631906018077	-0.296426956940676	-0.120493929924604	-0.472359983956748	-0.421443174389727	-0.263952749819803	-0.57893359895965	-0.19763629248342	0.382210965460983	-0.777483550427822	-0.850019393342395	-0.283675701806288	-1.4163630848785
"196"	88.1909547738694	-0.647486404974756	-0.473692583925822	-0.82128022602369	-0.297020872256018	-0.120026127186672	-0.474015617325364	-0.422037089705069	-0.26335524026088	-0.580718939149258	-0.192747201229438	0.389222838684706	-0.774717241143581	-0.850613308657737	-0.282086243731391	-1.41914037358408
"197"	88.643216080402	-0.648080320290099	-0.47322801836855	-0.822932622211647	-0.29761478757136	-0.119554408623921	-0.475675166518799	-0.422631005020411	-0.262755197480747	-0.582506812560075	-0.187858109975456	0.396236584111951	-0.771952804062863	-0.851207223973079	-0.280495493394242	-1.42191895455192
"198"	89.0954773869347	-0.648674235605441	-0.472759450208199	-0.824589021002683	-0.298208702886703	-0.11907884412143	-0.477338561651975	-0.423224920335753	-0.262152677812378	-0.584297162859129	-0.182969018721474	0.403252181386316	-0.769190218829264	-0.851801139288421	-0.278903465578427	-1.42469881299842
"199"	89.5477386934673	-0.649268150920783	-0.472286951532065	-0.826249350309501	-0.298802618202045	-0.118599502154499	-0.47900573424959	-0.423818835651095	-0.261547736042519	-0.586089935259672	-0.178079927467492	0.410269610428085	-0.766429465363069	-0.852395054603763	-0.277310174851339	-1.42747993435619
"200"	90	-0.649862066236125	-0.471810592963932	-0.827913539508318	-0.299396533517387	-0.118116449815835	-0.480676617218939	-0.424412750966437	-0.260940425460064	-0.587885076472811	-0.17319083621351	0.41728885142987	-0.763670523856891	-0.852988969919105	-0.275715635567948	-1.43026230427026
