"Species"	"Latitude"	"Lake"	"Marine"	"Stream"	"pred"	"NA"
1	0	1	0	0	0	-0.173909347802557
2	0	1	0	0	0	0.0335190731164905
3	0	1	0	0	0	0.154856920937937
4	0	1	0	0	0	0.240947494035538
5	0	1	0	0	0	0.307724530407501
6	0	1	0	0	0	0.362285341856984
7	0	1	0	0	0	0.408415850639167
8	0	1	0	0	0	0.448375914954585
9	0	1	0	0	0	0.483623189678431
10	0	1	0	0	0	0.515152951326548
11	0	1	0	0	0	0.543675090128801
12	0	1	0	0	0	0.569713762776031
13	0	1	0	0	0	0.593667019637574
14	0	1	0	0	0	0.615844271558214
15	0	1	0	0	0	0.636490799147994
16	0	1	0	0	0	0.655804335873632
17	0	1	0	0	0	0.673946614923283
18	0	1	0	0	0	0.691051610597478
19	0	1	0	0	0	0.707231548489621
20	0	1	0	0	0	0.722581372245595
21	0	1	0	0	0	0.737182119379661
22	0	1	0	0	0	0.751103511047849
23	0	1	0	0	0	0.764405965671826
24	0	1	0	0	0	0.777142183695078
25	0	1	0	0	0	0.789358408617558
26	0	1	0	0	0	0.801095440556621
27	0	1	0	0	0	0.812389458418924
28	0	1	0	0	0	0.823272692477261
29	0	1	0	0	0	0.833773978871497
30	0	1	0	0	0	0.843919220067041
31	0	1	0	0	0	0.853731769783963
32	0	1	0	0	0	0.863232756792679
33	0	1	0	0	0	0.872441358869295
34	0	1	0	0	0	0.88137503584233
35	0	1	0	0	0	0.890049728849224
36	0	1	0	0	0	0.898480031516525
37	0	1	0	0	0	0.906679337681272
38	0	1	0	0	0	0.914659969408668
39	0	1	0	0	0	0.922433288378068
40	0	1	0	0	0	0.930009793164642
41	0	1	0	0	0	0.937399204507048
42	0	1	0	0	0	0.944610540298708
43	0	1	0	0	0	0.95165218175398
44	0	1	0	0	0	0.958531931966896
45	0	1	0	0	0	0.965257067888488
46	0	1	0	0	0	0.971834386590873
47	0	1	0	0	0	0.978270246555479
48	0	1	0	0	0	0.984570604614126
49	0	1	0	0	0	0.990741049080891
50	0	1	0	0	0	0.996786829536605
51	0	1	0	0	0	1.00271288366378
52	0	1	0	0	0	1.00852386147567
53	0	1	0	0	0	1.0142241472374
54	0	1	0	0	0	1.01981787933797
55	0	1	0	0	0	1.02530896833886
56	0	1	0	0	0	1.03070111339631
57	0	1	0	0	0	1.03599781723011
58	0	1	0	0	0	1.04120239979054
59	0	1	0	0	0	1.04631801075698
60	0	1	0	0	0	1.05134764098609
61	0	1	0	0	0	1.05629413301375
62	0	1	0	0	0	1.06116019070301
63	0	1	0	0	0	1.06594838812015
64	0	1	0	0	0	1.07066117771173
65	0	1	0	0	0	1.07530089784763
66	0	1	0	0	0	1.07986977978834
67	0	1	0	0	0	1.0843699541282
68	0	1	0	0	0	1.08880345676138
69	0	1	0	0	0	1.09317223441232
70	0	1	0	0	0	1.09747814976827
71	0	1	0	0	0	1.10172298624776
72	0	1	0	0	0	1.10590845243557
73	0	1	0	0	0	1.11003618621186
74	0	1	0	0	0	1.11410775860032
75	0	1	0	0	0	1.11812467735805
76	0	1	0	0	0	1.12208839032772
77	0	1	0	0	0	1.12600028857052
78	0	1	0	0	0	1.12986170929711
79	0	1	0	0	0	1.13367393861171
80	0	1	0	0	0	1.13743821408369
81	0	1	0	0	0	1.14115572715942
82	0	1	0	0	0	1.1448276254261
83	0	1	0	0	0	1.1484550147384
84	0	1	0	0	0	1.15203896121775
85	0	1	0	0	0	1.15558049313334
86	0	1	0	0	0	1.15908060267303
87	0	1	0	0	0	1.16254024761199
88	0	1	0	0	0	1.16596035288594
89	0	1	0	0	0	1.16934181207549
90	0	1	0	0	0	1.17268548880754
91	0	1	0	0	0	1.1759922180793
92	0	1	0	0	0	1.17926280750992
93	0	1	0	0	0	1.18249803852446
94	0	1	0	0	0	1.18569866747453
95	0	1	0	0	0	1.18886542669968
96	0	1	0	0	0	1.19199902553317
97	0	1	0	0	0	1.19510015125566
98	0	1	0	0	0	1.19816946999994
99	0	1	0	0	0	1.20120762760979
100	0	1	0	0	0	1.20421525045565
101	0	1	0	0	0	1.20719294620972
102	0	1	0	0	0	1.21014130458282
103	0	1	0	0	0	1.21306089802543
104	0	1	0	0	0	1.21595228239472
105	0	1	0	0	0	1.21881599758972
106	0	1	0	0	0	1.22165256815645
107	0	1	0	0	0	1.22446250386452
108	0	1	0	0	0	1.22724630025702
109	0	1	0	0	0	1.23000443917497
110	0	1	0	0	0	1.23273738925791
111	0	1	0	0	0	1.23544560642177
112	0	1	0	0	0	1.23812953431536
113	0	1	0	0	0	1.24078960475653
114	0	1	0	0	0	1.24342623814916
115	0	1	0	0	0	1.24603984388188
116	0	1	0	0	0	1.24863082070959
117	0	1	0	0	0	1.25119955711856
118	0	1	0	0	0	1.25374643167603
119	0	1	0	0	0	1.25627181336501
120	0	1	0	0	0	1.25877606190514
121	0	1	0	0	0	1.26125952806016
122	0	1	0	0	0	1.26372255393279
123	0	1	0	0	0	1.26616547324754
124	0	1	0	0	0	1.26858861162206
125	0	1	0	0	0	1.27099228682761
126	0	1	0	0	0	1.2733768090392
127	0	1	0	0	0	1.27574248107572
128	0	1	0	0	0	1.27808959863077
129	0	1	0	0	0	1.28041845049447
130	0	1	0	0	0	1.28272931876668
131	0	1	0	0	0	1.28502247906206
132	0	1	0	0	0	1.28729820070739
133	0	1	0	0	0	1.28955674693134
134	0	1	0	0	0	1.29179837504725
135	0	1	0	0	0	1.29402333662898
136	0	1	0	0	0	1.29623187768042
137	0	1	0	0	0	1.29842423879868
138	0	1	0	0	0	1.30060065533137
139	0	1	0	0	0	1.30276135752823
140	0	1	0	0	0	1.30490657068732
141	0	1	0	0	0	1.30703651529597
142	0	1	0	0	0	1.30915140716681
143	0	1	0	0	0	1.31125145756893
144	0	1	0	0	0	1.31333687335462
145	0	1	0	0	0	1.31540785708155
146	0	1	0	0	0	1.31746460713091
147	0	1	0	0	0	1.31950731782138
148	0	1	0	0	0	1.32153617951937
149	0	1	0	0	0	1.3235513787454
150	0	1	0	0	0	1.3255530982771
151	0	1	0	0	0	1.32754151724859
152	0	1	0	0	0	1.32951681124676
153	0	1	0	0	0	1.33147915240427
154	0	1	0	0	0	1.33342870948957
155	0	1	0	0	0	1.33536564799402
156	0	1	0	0	0	1.33729013021616
157	0	1	0	0	0	1.33920231534335
158	0	1	0	0	0	1.34110235953076
159	0	1	0	0	0	1.34299041597789
160	0	1	0	0	0	1.34486663500274
161	0	1	0	0	0	1.34673116411355
162	0	1	0	0	0	1.34858414807846
163	0	1	0	0	0	1.35042572899294
164	0	1	0	0	0	1.35225604634514
165	0	1	0	0	0	1.35407523707935
166	0	1	0	0	0	1.35588343565744
167	0	1	0	0	0	1.35768077411853
168	0	1	0	0	0	1.3594673821368
169	0	1	0	0	0	1.3612433870777
170	0	1	0	0	0	1.36300891405239
171	0	1	0	0	0	1.36476408597061
172	0	1	0	0	0	1.36650902359207
173	0	1	0	0	0	1.3682438455763
174	0	1	0	0	0	1.36996866853104
175	0	1	0	0	0	1.37168360705928
176	0	1	0	0	0	1.37338877380499
177	0	1	0	0	0	1.37508427949747
178	0	1	0	0	0	1.37677023299453
179	0	1	0	0	0	1.37844674132442
180	0	1	0	0	0	1.38011390972658
181	0	1	0	0	0	1.38177184169132
182	0	1	0	0	0	1.38342063899834
183	0	1	0	0	0	1.38506040175424
184	0	1	0	0	0	1.38669122842897
185	0	1	0	0	0	1.38831321589133
186	0	1	0	0	0	1.3899264594435
187	0	1	0	0	0	1.39153105285464
188	0	1	0	0	0	1.39312708839357
189	0	1	0	0	0	1.39471465686065
190	0	1	0	0	0	1.39629384761873
191	0	1	0	0	0	1.39786474862337
192	0	1	0	0	0	1.39942744645222
193	0	1	0	0	0	1.40098202633367
194	0	1	0	0	0	1.40252857217471
195	0	1	0	0	0	1.40406716658812
196	0	1	0	0	0	1.40559789091898
197	0	1	0	0	0	1.40712082527043
198	0	1	0	0	0	1.40863604852884
199	0	1	0	0	0	1.41014363838833
200	0	1	0	0	0	1.4116436713747
1	30	1	0	0	0	-0.173909347802557
2	30	1	0	0	0	0.0335190731164905
3	30	1	0	0	0	0.154856920937937
4	30	1	0	0	0	0.240947494035538
5	30	1	0	0	0	0.307724530407501
6	30	1	0	0	0	0.362285341856984
7	30	1	0	0	0	0.408415850639167
8	30	1	0	0	0	0.448375914954585
9	30	1	0	0	0	0.483623189678431
10	30	1	0	0	0	0.515152951326548
11	30	1	0	0	0	0.543675090128801
12	30	1	0	0	0	0.569713762776031
13	30	1	0	0	0	0.593667019637574
14	30	1	0	0	0	0.615844271558214
15	30	1	0	0	0	0.636490799147994
16	30	1	0	0	0	0.655804335873632
17	30	1	0	0	0	0.673946614923283
18	30	1	0	0	0	0.691051610597478
19	30	1	0	0	0	0.707231548489621
20	30	1	0	0	0	0.722581372245595
21	30	1	0	0	0	0.737182119379661
22	30	1	0	0	0	0.751103511047849
23	30	1	0	0	0	0.764405965671826
24	30	1	0	0	0	0.777142183695078
25	30	1	0	0	0	0.789358408617558
26	30	1	0	0	0	0.801095440556621
27	30	1	0	0	0	0.812389458418924
28	30	1	0	0	0	0.823272692477261
29	30	1	0	0	0	0.833773978871497
30	30	1	0	0	0	0.843919220067041
31	30	1	0	0	0	0.853731769783963
32	30	1	0	0	0	0.863232756792679
33	30	1	0	0	0	0.872441358869295
34	30	1	0	0	0	0.88137503584233
35	30	1	0	0	0	0.890049728849224
36	30	1	0	0	0	0.898480031516525
37	30	1	0	0	0	0.906679337681272
38	30	1	0	0	0	0.914659969408668
39	30	1	0	0	0	0.922433288378068
40	30	1	0	0	0	0.930009793164642
41	30	1	0	0	0	0.937399204507048
42	30	1	0	0	0	0.944610540298708
43	30	1	0	0	0	0.95165218175398
44	30	1	0	0	0	0.958531931966896
45	30	1	0	0	0	0.965257067888488
46	30	1	0	0	0	0.971834386590873
47	30	1	0	0	0	0.978270246555479
48	30	1	0	0	0	0.984570604614126
49	30	1	0	0	0	0.990741049080891
50	30	1	0	0	0	0.996786829536605
51	30	1	0	0	0	1.00271288366378
52	30	1	0	0	0	1.00852386147567
53	30	1	0	0	0	1.0142241472374
54	30	1	0	0	0	1.01981787933797
55	30	1	0	0	0	1.02530896833886
56	30	1	0	0	0	1.03070111339631
57	30	1	0	0	0	1.03599781723011
58	30	1	0	0	0	1.04120239979054
59	30	1	0	0	0	1.04631801075698
60	30	1	0	0	0	1.05134764098609
61	30	1	0	0	0	1.05629413301375
62	30	1	0	0	0	1.06116019070301
63	30	1	0	0	0	1.06594838812015
64	30	1	0	0	0	1.07066117771173
65	30	1	0	0	0	1.07530089784763
66	30	1	0	0	0	1.07986977978834
67	30	1	0	0	0	1.0843699541282
68	30	1	0	0	0	1.08880345676138
69	30	1	0	0	0	1.09317223441232
70	30	1	0	0	0	1.09747814976827
71	30	1	0	0	0	1.10172298624776
72	30	1	0	0	0	1.10590845243557
73	30	1	0	0	0	1.11003618621186
74	30	1	0	0	0	1.11410775860032
75	30	1	0	0	0	1.11812467735805
76	30	1	0	0	0	1.12208839032772
77	30	1	0	0	0	1.12600028857052
78	30	1	0	0	0	1.12986170929711
79	30	1	0	0	0	1.13367393861171
80	30	1	0	0	0	1.13743821408369
81	30	1	0	0	0	1.14115572715942
82	30	1	0	0	0	1.1448276254261
83	30	1	0	0	0	1.1484550147384
84	30	1	0	0	0	1.15203896121775
85	30	1	0	0	0	1.15558049313334
86	30	1	0	0	0	1.15908060267303
87	30	1	0	0	0	1.16254024761199
88	30	1	0	0	0	1.16596035288594
89	30	1	0	0	0	1.16934181207549
90	30	1	0	0	0	1.17268548880754
91	30	1	0	0	0	1.1759922180793
92	30	1	0	0	0	1.17926280750992
93	30	1	0	0	0	1.18249803852446
94	30	1	0	0	0	1.18569866747453
95	30	1	0	0	0	1.18886542669968
96	30	1	0	0	0	1.19199902553317
97	30	1	0	0	0	1.19510015125566
98	30	1	0	0	0	1.19816946999994
99	30	1	0	0	0	1.20120762760979
100	30	1	0	0	0	1.20421525045565
101	30	1	0	0	0	1.20719294620972
102	30	1	0	0	0	1.21014130458282
103	30	1	0	0	0	1.21306089802543
104	30	1	0	0	0	1.21595228239472
105	30	1	0	0	0	1.21881599758972
106	30	1	0	0	0	1.22165256815645
107	30	1	0	0	0	1.22446250386452
108	30	1	0	0	0	1.22724630025702
109	30	1	0	0	0	1.23000443917497
110	30	1	0	0	0	1.23273738925791
111	30	1	0	0	0	1.23544560642177
112	30	1	0	0	0	1.23812953431536
113	30	1	0	0	0	1.24078960475653
114	30	1	0	0	0	1.24342623814916
115	30	1	0	0	0	1.24603984388188
116	30	1	0	0	0	1.24863082070959
117	30	1	0	0	0	1.25119955711856
118	30	1	0	0	0	1.25374643167603
119	30	1	0	0	0	1.25627181336501
120	30	1	0	0	0	1.25877606190514
121	30	1	0	0	0	1.26125952806016
122	30	1	0	0	0	1.26372255393279
123	30	1	0	0	0	1.26616547324754
124	30	1	0	0	0	1.26858861162206
125	30	1	0	0	0	1.27099228682761
126	30	1	0	0	0	1.2733768090392
127	30	1	0	0	0	1.27574248107572
128	30	1	0	0	0	1.27808959863077
129	30	1	0	0	0	1.28041845049447
130	30	1	0	0	0	1.28272931876668
131	30	1	0	0	0	1.28502247906206
132	30	1	0	0	0	1.28729820070739
133	30	1	0	0	0	1.28955674693134
134	30	1	0	0	0	1.29179837504725
135	30	1	0	0	0	1.29402333662898
136	30	1	0	0	0	1.29623187768042
137	30	1	0	0	0	1.29842423879868
138	30	1	0	0	0	1.30060065533137
139	30	1	0	0	0	1.30276135752823
140	30	1	0	0	0	1.30490657068732
141	30	1	0	0	0	1.30703651529597
142	30	1	0	0	0	1.30915140716681
143	30	1	0	0	0	1.31125145756893
144	30	1	0	0	0	1.31333687335462
145	30	1	0	0	0	1.31540785708155
146	30	1	0	0	0	1.31746460713091
147	30	1	0	0	0	1.31950731782138
148	30	1	0	0	0	1.32153617951937
149	30	1	0	0	0	1.3235513787454
150	30	1	0	0	0	1.3255530982771
151	30	1	0	0	0	1.32754151724859
152	30	1	0	0	0	1.32951681124676
153	30	1	0	0	0	1.33147915240427
154	30	1	0	0	0	1.33342870948957
155	30	1	0	0	0	1.33536564799402
156	30	1	0	0	0	1.33729013021616
157	30	1	0	0	0	1.33920231534335
158	30	1	0	0	0	1.34110235953076
159	30	1	0	0	0	1.34299041597789
160	30	1	0	0	0	1.34486663500274
161	30	1	0	0	0	1.34673116411355
162	30	1	0	0	0	1.34858414807846
163	30	1	0	0	0	1.35042572899294
164	30	1	0	0	0	1.35225604634514
165	30	1	0	0	0	1.35407523707935
166	30	1	0	0	0	1.35588343565744
167	30	1	0	0	0	1.35768077411853
168	30	1	0	0	0	1.3594673821368
169	30	1	0	0	0	1.3612433870777
170	30	1	0	0	0	1.36300891405239
171	30	1	0	0	0	1.36476408597061
172	30	1	0	0	0	1.36650902359207
173	30	1	0	0	0	1.3682438455763
174	30	1	0	0	0	1.36996866853104
175	30	1	0	0	0	1.37168360705928
176	30	1	0	0	0	1.37338877380499
177	30	1	0	0	0	1.37508427949747
178	30	1	0	0	0	1.37677023299453
179	30	1	0	0	0	1.37844674132442
180	30	1	0	0	0	1.38011390972658
181	30	1	0	0	0	1.38177184169132
182	30	1	0	0	0	1.38342063899834
183	30	1	0	0	0	1.38506040175424
184	30	1	0	0	0	1.38669122842897
185	30	1	0	0	0	1.38831321589133
186	30	1	0	0	0	1.3899264594435
187	30	1	0	0	0	1.39153105285464
188	30	1	0	0	0	1.39312708839357
189	30	1	0	0	0	1.39471465686065
190	30	1	0	0	0	1.39629384761873
191	30	1	0	0	0	1.39786474862337
192	30	1	0	0	0	1.39942744645222
193	30	1	0	0	0	1.40098202633367
194	30	1	0	0	0	1.40252857217471
195	30	1	0	0	0	1.40406716658812
196	30	1	0	0	0	1.40559789091898
197	30	1	0	0	0	1.40712082527043
198	30	1	0	0	0	1.40863604852884
199	30	1	0	0	0	1.41014363838833
200	30	1	0	0	0	1.4116436713747
1	60	1	0	0	0	-0.173909347802557
2	60	1	0	0	0	0.0335190731164905
3	60	1	0	0	0	0.154856920937937
4	60	1	0	0	0	0.240947494035538
5	60	1	0	0	0	0.307724530407501
6	60	1	0	0	0	0.362285341856984
7	60	1	0	0	0	0.408415850639167
8	60	1	0	0	0	0.448375914954585
9	60	1	0	0	0	0.483623189678431
10	60	1	0	0	0	0.515152951326548
11	60	1	0	0	0	0.543675090128801
12	60	1	0	0	0	0.569713762776031
13	60	1	0	0	0	0.593667019637574
14	60	1	0	0	0	0.615844271558214
15	60	1	0	0	0	0.636490799147994
16	60	1	0	0	0	0.655804335873632
17	60	1	0	0	0	0.673946614923283
18	60	1	0	0	0	0.691051610597478
19	60	1	0	0	0	0.707231548489621
20	60	1	0	0	0	0.722581372245595
21	60	1	0	0	0	0.737182119379661
22	60	1	0	0	0	0.751103511047849
23	60	1	0	0	0	0.764405965671826
24	60	1	0	0	0	0.777142183695078
25	60	1	0	0	0	0.789358408617558
26	60	1	0	0	0	0.801095440556621
27	60	1	0	0	0	0.812389458418924
28	60	1	0	0	0	0.823272692477261
29	60	1	0	0	0	0.833773978871497
30	60	1	0	0	0	0.843919220067041
31	60	1	0	0	0	0.853731769783963
32	60	1	0	0	0	0.863232756792679
33	60	1	0	0	0	0.872441358869295
34	60	1	0	0	0	0.88137503584233
35	60	1	0	0	0	0.890049728849224
36	60	1	0	0	0	0.898480031516525
37	60	1	0	0	0	0.906679337681272
38	60	1	0	0	0	0.914659969408668
39	60	1	0	0	0	0.922433288378068
40	60	1	0	0	0	0.930009793164642
41	60	1	0	0	0	0.937399204507048
42	60	1	0	0	0	0.944610540298708
43	60	1	0	0	0	0.95165218175398
44	60	1	0	0	0	0.958531931966896
45	60	1	0	0	0	0.965257067888488
46	60	1	0	0	0	0.971834386590873
47	60	1	0	0	0	0.978270246555479
48	60	1	0	0	0	0.984570604614126
49	60	1	0	0	0	0.990741049080891
50	60	1	0	0	0	0.996786829536605
51	60	1	0	0	0	1.00271288366378
52	60	1	0	0	0	1.00852386147567
53	60	1	0	0	0	1.0142241472374
54	60	1	0	0	0	1.01981787933797
55	60	1	0	0	0	1.02530896833886
56	60	1	0	0	0	1.03070111339631
57	60	1	0	0	0	1.03599781723011
58	60	1	0	0	0	1.04120239979054
59	60	1	0	0	0	1.04631801075698
60	60	1	0	0	0	1.05134764098609
61	60	1	0	0	0	1.05629413301375
62	60	1	0	0	0	1.06116019070301
63	60	1	0	0	0	1.06594838812015
64	60	1	0	0	0	1.07066117771173
65	60	1	0	0	0	1.07530089784763
66	60	1	0	0	0	1.07986977978834
67	60	1	0	0	0	1.0843699541282
68	60	1	0	0	0	1.08880345676138
69	60	1	0	0	0	1.09317223441232
70	60	1	0	0	0	1.09747814976827
71	60	1	0	0	0	1.10172298624776
72	60	1	0	0	0	1.10590845243557
73	60	1	0	0	0	1.11003618621186
74	60	1	0	0	0	1.11410775860032
75	60	1	0	0	0	1.11812467735805
76	60	1	0	0	0	1.12208839032772
77	60	1	0	0	0	1.12600028857052
78	60	1	0	0	0	1.12986170929711
79	60	1	0	0	0	1.13367393861171
80	60	1	0	0	0	1.13743821408369
81	60	1	0	0	0	1.14115572715942
82	60	1	0	0	0	1.1448276254261
83	60	1	0	0	0	1.1484550147384
84	60	1	0	0	0	1.15203896121775
85	60	1	0	0	0	1.15558049313334
86	60	1	0	0	0	1.15908060267303
87	60	1	0	0	0	1.16254024761199
88	60	1	0	0	0	1.16596035288594
89	60	1	0	0	0	1.16934181207549
90	60	1	0	0	0	1.17268548880754
91	60	1	0	0	0	1.1759922180793
92	60	1	0	0	0	1.17926280750992
93	60	1	0	0	0	1.18249803852446
94	60	1	0	0	0	1.18569866747453
95	60	1	0	0	0	1.18886542669968
96	60	1	0	0	0	1.19199902553317
97	60	1	0	0	0	1.19510015125566
98	60	1	0	0	0	1.19816946999994
99	60	1	0	0	0	1.20120762760979
100	60	1	0	0	0	1.20421525045565
101	60	1	0	0	0	1.20719294620972
102	60	1	0	0	0	1.21014130458282
103	60	1	0	0	0	1.21306089802543
104	60	1	0	0	0	1.21595228239472
105	60	1	0	0	0	1.21881599758972
106	60	1	0	0	0	1.22165256815645
107	60	1	0	0	0	1.22446250386452
108	60	1	0	0	0	1.22724630025702
109	60	1	0	0	0	1.23000443917497
110	60	1	0	0	0	1.23273738925791
111	60	1	0	0	0	1.23544560642177
112	60	1	0	0	0	1.23812953431536
113	60	1	0	0	0	1.24078960475653
114	60	1	0	0	0	1.24342623814916
115	60	1	0	0	0	1.24603984388188
116	60	1	0	0	0	1.24863082070959
117	60	1	0	0	0	1.25119955711856
118	60	1	0	0	0	1.25374643167603
119	60	1	0	0	0	1.25627181336501
120	60	1	0	0	0	1.25877606190514
121	60	1	0	0	0	1.26125952806016
122	60	1	0	0	0	1.26372255393279
123	60	1	0	0	0	1.26616547324754
124	60	1	0	0	0	1.26858861162206
125	60	1	0	0	0	1.27099228682761
126	60	1	0	0	0	1.2733768090392
127	60	1	0	0	0	1.27574248107572
128	60	1	0	0	0	1.27808959863077
129	60	1	0	0	0	1.28041845049447
130	60	1	0	0	0	1.28272931876668
131	60	1	0	0	0	1.28502247906206
132	60	1	0	0	0	1.28729820070739
133	60	1	0	0	0	1.28955674693134
134	60	1	0	0	0	1.29179837504725
135	60	1	0	0	0	1.29402333662898
136	60	1	0	0	0	1.29623187768042
137	60	1	0	0	0	1.29842423879868
138	60	1	0	0	0	1.30060065533137
139	60	1	0	0	0	1.30276135752823
140	60	1	0	0	0	1.30490657068732
141	60	1	0	0	0	1.30703651529597
142	60	1	0	0	0	1.30915140716681
143	60	1	0	0	0	1.31125145756893
144	60	1	0	0	0	1.31333687335462
145	60	1	0	0	0	1.31540785708155
146	60	1	0	0	0	1.31746460713091
147	60	1	0	0	0	1.31950731782138
148	60	1	0	0	0	1.32153617951937
149	60	1	0	0	0	1.3235513787454
150	60	1	0	0	0	1.3255530982771
151	60	1	0	0	0	1.32754151724859
152	60	1	0	0	0	1.32951681124676
153	60	1	0	0	0	1.33147915240427
154	60	1	0	0	0	1.33342870948957
155	60	1	0	0	0	1.33536564799402
156	60	1	0	0	0	1.33729013021616
157	60	1	0	0	0	1.33920231534335
158	60	1	0	0	0	1.34110235953076
159	60	1	0	0	0	1.34299041597789
160	60	1	0	0	0	1.34486663500274
161	60	1	0	0	0	1.34673116411355
162	60	1	0	0	0	1.34858414807846
163	60	1	0	0	0	1.35042572899294
164	60	1	0	0	0	1.35225604634514
165	60	1	0	0	0	1.35407523707935
166	60	1	0	0	0	1.35588343565744
167	60	1	0	0	0	1.35768077411853
168	60	1	0	0	0	1.3594673821368
169	60	1	0	0	0	1.3612433870777
170	60	1	0	0	0	1.36300891405239
171	60	1	0	0	0	1.36476408597061
172	60	1	0	0	0	1.36650902359207
173	60	1	0	0	0	1.3682438455763
174	60	1	0	0	0	1.36996866853104
175	60	1	0	0	0	1.37168360705928
176	60	1	0	0	0	1.37338877380499
177	60	1	0	0	0	1.37508427949747
178	60	1	0	0	0	1.37677023299453
179	60	1	0	0	0	1.37844674132442
180	60	1	0	0	0	1.38011390972658
181	60	1	0	0	0	1.38177184169132
182	60	1	0	0	0	1.38342063899834
183	60	1	0	0	0	1.38506040175424
184	60	1	0	0	0	1.38669122842897
185	60	1	0	0	0	1.38831321589133
186	60	1	0	0	0	1.3899264594435
187	60	1	0	0	0	1.39153105285464
188	60	1	0	0	0	1.39312708839357
189	60	1	0	0	0	1.39471465686065
190	60	1	0	0	0	1.39629384761873
191	60	1	0	0	0	1.39786474862337
192	60	1	0	0	0	1.39942744645222
193	60	1	0	0	0	1.40098202633367
194	60	1	0	0	0	1.40252857217471
195	60	1	0	0	0	1.40406716658812
196	60	1	0	0	0	1.40559789091898
197	60	1	0	0	0	1.40712082527043
198	60	1	0	0	0	1.40863604852884
199	60	1	0	0	0	1.41014363838833
200	60	1	0	0	0	1.4116436713747
1	0	0	1	0	0	-0.173909347802557
2	0	0	1	0	0	0.0335190731164905
3	0	0	1	0	0	0.154856920937937
4	0	0	1	0	0	0.240947494035538
5	0	0	1	0	0	0.307724530407501
6	0	0	1	0	0	0.362285341856984
7	0	0	1	0	0	0.408415850639167
8	0	0	1	0	0	0.448375914954585
9	0	0	1	0	0	0.483623189678431
10	0	0	1	0	0	0.515152951326548
11	0	0	1	0	0	0.543675090128801
12	0	0	1	0	0	0.569713762776031
13	0	0	1	0	0	0.593667019637574
14	0	0	1	0	0	0.615844271558214
15	0	0	1	0	0	0.636490799147994
16	0	0	1	0	0	0.655804335873632
17	0	0	1	0	0	0.673946614923283
18	0	0	1	0	0	0.691051610597478
19	0	0	1	0	0	0.707231548489621
20	0	0	1	0	0	0.722581372245595
21	0	0	1	0	0	0.737182119379661
22	0	0	1	0	0	0.751103511047849
23	0	0	1	0	0	0.764405965671826
24	0	0	1	0	0	0.777142183695078
25	0	0	1	0	0	0.789358408617558
26	0	0	1	0	0	0.801095440556621
27	0	0	1	0	0	0.812389458418924
28	0	0	1	0	0	0.823272692477261
29	0	0	1	0	0	0.833773978871497
30	0	0	1	0	0	0.843919220067041
31	0	0	1	0	0	0.853731769783963
32	0	0	1	0	0	0.863232756792679
33	0	0	1	0	0	0.872441358869295
34	0	0	1	0	0	0.88137503584233
35	0	0	1	0	0	0.890049728849224
36	0	0	1	0	0	0.898480031516525
37	0	0	1	0	0	0.906679337681272
38	0	0	1	0	0	0.914659969408668
39	0	0	1	0	0	0.922433288378068
40	0	0	1	0	0	0.930009793164642
41	0	0	1	0	0	0.937399204507048
42	0	0	1	0	0	0.944610540298708
43	0	0	1	0	0	0.95165218175398
44	0	0	1	0	0	0.958531931966896
45	0	0	1	0	0	0.965257067888488
46	0	0	1	0	0	0.971834386590873
47	0	0	1	0	0	0.978270246555479
48	0	0	1	0	0	0.984570604614126
49	0	0	1	0	0	0.990741049080891
50	0	0	1	0	0	0.996786829536605
51	0	0	1	0	0	1.00271288366378
52	0	0	1	0	0	1.00852386147567
53	0	0	1	0	0	1.0142241472374
54	0	0	1	0	0	1.01981787933797
55	0	0	1	0	0	1.02530896833886
56	0	0	1	0	0	1.03070111339631
57	0	0	1	0	0	1.03599781723011
58	0	0	1	0	0	1.04120239979054
59	0	0	1	0	0	1.04631801075698
60	0	0	1	0	0	1.05134764098609
61	0	0	1	0	0	1.05629413301375
62	0	0	1	0	0	1.06116019070301
63	0	0	1	0	0	1.06594838812015
64	0	0	1	0	0	1.07066117771173
65	0	0	1	0	0	1.07530089784763
66	0	0	1	0	0	1.07986977978834
67	0	0	1	0	0	1.0843699541282
68	0	0	1	0	0	1.08880345676138
69	0	0	1	0	0	1.09317223441232
70	0	0	1	0	0	1.09747814976827
71	0	0	1	0	0	1.10172298624776
72	0	0	1	0	0	1.10590845243557
73	0	0	1	0	0	1.11003618621186
74	0	0	1	0	0	1.11410775860032
75	0	0	1	0	0	1.11812467735805
76	0	0	1	0	0	1.12208839032772
77	0	0	1	0	0	1.12600028857052
78	0	0	1	0	0	1.12986170929711
79	0	0	1	0	0	1.13367393861171
80	0	0	1	0	0	1.13743821408369
81	0	0	1	0	0	1.14115572715942
82	0	0	1	0	0	1.1448276254261
83	0	0	1	0	0	1.1484550147384
84	0	0	1	0	0	1.15203896121775
85	0	0	1	0	0	1.15558049313334
86	0	0	1	0	0	1.15908060267303
87	0	0	1	0	0	1.16254024761199
88	0	0	1	0	0	1.16596035288594
89	0	0	1	0	0	1.16934181207549
90	0	0	1	0	0	1.17268548880754
91	0	0	1	0	0	1.1759922180793
92	0	0	1	0	0	1.17926280750992
93	0	0	1	0	0	1.18249803852446
94	0	0	1	0	0	1.18569866747453
95	0	0	1	0	0	1.18886542669968
96	0	0	1	0	0	1.19199902553317
97	0	0	1	0	0	1.19510015125566
98	0	0	1	0	0	1.19816946999994
99	0	0	1	0	0	1.20120762760979
100	0	0	1	0	0	1.20421525045565
101	0	0	1	0	0	1.20719294620972
102	0	0	1	0	0	1.21014130458282
103	0	0	1	0	0	1.21306089802543
104	0	0	1	0	0	1.21595228239472
105	0	0	1	0	0	1.21881599758972
106	0	0	1	0	0	1.22165256815645
107	0	0	1	0	0	1.22446250386452
108	0	0	1	0	0	1.22724630025702
109	0	0	1	0	0	1.23000443917497
110	0	0	1	0	0	1.23273738925791
111	0	0	1	0	0	1.23544560642177
112	0	0	1	0	0	1.23812953431536
113	0	0	1	0	0	1.24078960475653
114	0	0	1	0	0	1.24342623814916
115	0	0	1	0	0	1.24603984388188
116	0	0	1	0	0	1.24863082070959
117	0	0	1	0	0	1.25119955711856
118	0	0	1	0	0	1.25374643167603
119	0	0	1	0	0	1.25627181336501
120	0	0	1	0	0	1.25877606190514
121	0	0	1	0	0	1.26125952806016
122	0	0	1	0	0	1.26372255393279
123	0	0	1	0	0	1.26616547324754
124	0	0	1	0	0	1.26858861162206
125	0	0	1	0	0	1.27099228682761
126	0	0	1	0	0	1.2733768090392
127	0	0	1	0	0	1.27574248107572
128	0	0	1	0	0	1.27808959863077
129	0	0	1	0	0	1.28041845049447
130	0	0	1	0	0	1.28272931876668
131	0	0	1	0	0	1.28502247906206
132	0	0	1	0	0	1.28729820070739
133	0	0	1	0	0	1.28955674693134
134	0	0	1	0	0	1.29179837504725
135	0	0	1	0	0	1.29402333662898
136	0	0	1	0	0	1.29623187768042
137	0	0	1	0	0	1.29842423879868
138	0	0	1	0	0	1.30060065533137
139	0	0	1	0	0	1.30276135752823
140	0	0	1	0	0	1.30490657068732
141	0	0	1	0	0	1.30703651529597
142	0	0	1	0	0	1.30915140716681
143	0	0	1	0	0	1.31125145756893
144	0	0	1	0	0	1.31333687335462
145	0	0	1	0	0	1.31540785708155
146	0	0	1	0	0	1.31746460713091
147	0	0	1	0	0	1.31950731782138
148	0	0	1	0	0	1.32153617951937
149	0	0	1	0	0	1.3235513787454
150	0	0	1	0	0	1.3255530982771
151	0	0	1	0	0	1.32754151724859
152	0	0	1	0	0	1.32951681124676
153	0	0	1	0	0	1.33147915240427
154	0	0	1	0	0	1.33342870948957
155	0	0	1	0	0	1.33536564799402
156	0	0	1	0	0	1.33729013021616
157	0	0	1	0	0	1.33920231534335
158	0	0	1	0	0	1.34110235953076
159	0	0	1	0	0	1.34299041597789
160	0	0	1	0	0	1.34486663500274
161	0	0	1	0	0	1.34673116411355
162	0	0	1	0	0	1.34858414807846
163	0	0	1	0	0	1.35042572899294
164	0	0	1	0	0	1.35225604634514
165	0	0	1	0	0	1.35407523707935
166	0	0	1	0	0	1.35588343565744
167	0	0	1	0	0	1.35768077411853
168	0	0	1	0	0	1.3594673821368
169	0	0	1	0	0	1.3612433870777
170	0	0	1	0	0	1.36300891405239
171	0	0	1	0	0	1.36476408597061
172	0	0	1	0	0	1.36650902359207
173	0	0	1	0	0	1.3682438455763
174	0	0	1	0	0	1.36996866853104
175	0	0	1	0	0	1.37168360705928
176	0	0	1	0	0	1.37338877380499
177	0	0	1	0	0	1.37508427949747
178	0	0	1	0	0	1.37677023299453
179	0	0	1	0	0	1.37844674132442
180	0	0	1	0	0	1.38011390972658
181	0	0	1	0	0	1.38177184169132
182	0	0	1	0	0	1.38342063899834
183	0	0	1	0	0	1.38506040175424
184	0	0	1	0	0	1.38669122842897
185	0	0	1	0	0	1.38831321589133
186	0	0	1	0	0	1.3899264594435
187	0	0	1	0	0	1.39153105285464
188	0	0	1	0	0	1.39312708839357
189	0	0	1	0	0	1.39471465686065
190	0	0	1	0	0	1.39629384761873
191	0	0	1	0	0	1.39786474862337
192	0	0	1	0	0	1.39942744645222
193	0	0	1	0	0	1.40098202633367
194	0	0	1	0	0	1.40252857217471
195	0	0	1	0	0	1.40406716658812
196	0	0	1	0	0	1.40559789091898
197	0	0	1	0	0	1.40712082527043
198	0	0	1	0	0	1.40863604852884
199	0	0	1	0	0	1.41014363838833
200	0	0	1	0	0	1.4116436713747
1	30	0	1	0	0	-0.173909347802557
2	30	0	1	0	0	0.0335190731164905
3	30	0	1	0	0	0.154856920937937
4	30	0	1	0	0	0.240947494035538
5	30	0	1	0	0	0.307724530407501
6	30	0	1	0	0	0.362285341856984
7	30	0	1	0	0	0.408415850639167
8	30	0	1	0	0	0.448375914954585
9	30	0	1	0	0	0.483623189678431
10	30	0	1	0	0	0.515152951326548
11	30	0	1	0	0	0.543675090128801
12	30	0	1	0	0	0.569713762776031
13	30	0	1	0	0	0.593667019637574
14	30	0	1	0	0	0.615844271558214
15	30	0	1	0	0	0.636490799147994
16	30	0	1	0	0	0.655804335873632
17	30	0	1	0	0	0.673946614923283
18	30	0	1	0	0	0.691051610597478
19	30	0	1	0	0	0.707231548489621
20	30	0	1	0	0	0.722581372245595
21	30	0	1	0	0	0.737182119379661
22	30	0	1	0	0	0.751103511047849
23	30	0	1	0	0	0.764405965671826
24	30	0	1	0	0	0.777142183695078
25	30	0	1	0	0	0.789358408617558
26	30	0	1	0	0	0.801095440556621
27	30	0	1	0	0	0.812389458418924
28	30	0	1	0	0	0.823272692477261
29	30	0	1	0	0	0.833773978871497
30	30	0	1	0	0	0.843919220067041
31	30	0	1	0	0	0.853731769783963
32	30	0	1	0	0	0.863232756792679
33	30	0	1	0	0	0.872441358869295
34	30	0	1	0	0	0.88137503584233
35	30	0	1	0	0	0.890049728849224
36	30	0	1	0	0	0.898480031516525
37	30	0	1	0	0	0.906679337681272
38	30	0	1	0	0	0.914659969408668
39	30	0	1	0	0	0.922433288378068
40	30	0	1	0	0	0.930009793164642
41	30	0	1	0	0	0.937399204507048
42	30	0	1	0	0	0.944610540298708
43	30	0	1	0	0	0.95165218175398
44	30	0	1	0	0	0.958531931966896
45	30	0	1	0	0	0.965257067888488
46	30	0	1	0	0	0.971834386590873
47	30	0	1	0	0	0.978270246555479
48	30	0	1	0	0	0.984570604614126
49	30	0	1	0	0	0.990741049080891
50	30	0	1	0	0	0.996786829536605
51	30	0	1	0	0	1.00271288366378
52	30	0	1	0	0	1.00852386147567
53	30	0	1	0	0	1.0142241472374
54	30	0	1	0	0	1.01981787933797
55	30	0	1	0	0	1.02530896833886
56	30	0	1	0	0	1.03070111339631
57	30	0	1	0	0	1.03599781723011
58	30	0	1	0	0	1.04120239979054
59	30	0	1	0	0	1.04631801075698
60	30	0	1	0	0	1.05134764098609
61	30	0	1	0	0	1.05629413301375
62	30	0	1	0	0	1.06116019070301
63	30	0	1	0	0	1.06594838812015
64	30	0	1	0	0	1.07066117771173
65	30	0	1	0	0	1.07530089784763
66	30	0	1	0	0	1.07986977978834
67	30	0	1	0	0	1.0843699541282
68	30	0	1	0	0	1.08880345676138
69	30	0	1	0	0	1.09317223441232
70	30	0	1	0	0	1.09747814976827
71	30	0	1	0	0	1.10172298624776
72	30	0	1	0	0	1.10590845243557
73	30	0	1	0	0	1.11003618621186
74	30	0	1	0	0	1.11410775860032
75	30	0	1	0	0	1.11812467735805
76	30	0	1	0	0	1.12208839032772
77	30	0	1	0	0	1.12600028857052
78	30	0	1	0	0	1.12986170929711
79	30	0	1	0	0	1.13367393861171
80	30	0	1	0	0	1.13743821408369
81	30	0	1	0	0	1.14115572715942
82	30	0	1	0	0	1.1448276254261
83	30	0	1	0	0	1.1484550147384
84	30	0	1	0	0	1.15203896121775
85	30	0	1	0	0	1.15558049313334
86	30	0	1	0	0	1.15908060267303
87	30	0	1	0	0	1.16254024761199
88	30	0	1	0	0	1.16596035288594
89	30	0	1	0	0	1.16934181207549
90	30	0	1	0	0	1.17268548880754
91	30	0	1	0	0	1.1759922180793
92	30	0	1	0	0	1.17926280750992
93	30	0	1	0	0	1.18249803852446
94	30	0	1	0	0	1.18569866747453
95	30	0	1	0	0	1.18886542669968
96	30	0	1	0	0	1.19199902553317
97	30	0	1	0	0	1.19510015125566
98	30	0	1	0	0	1.19816946999994
99	30	0	1	0	0	1.20120762760979
100	30	0	1	0	0	1.20421525045565
101	30	0	1	0	0	1.20719294620972
102	30	0	1	0	0	1.21014130458282
103	30	0	1	0	0	1.21306089802543
104	30	0	1	0	0	1.21595228239472
105	30	0	1	0	0	1.21881599758972
106	30	0	1	0	0	1.22165256815645
107	30	0	1	0	0	1.22446250386452
108	30	0	1	0	0	1.22724630025702
109	30	0	1	0	0	1.23000443917497
110	30	0	1	0	0	1.23273738925791
111	30	0	1	0	0	1.23544560642177
112	30	0	1	0	0	1.23812953431536
113	30	0	1	0	0	1.24078960475653
114	30	0	1	0	0	1.24342623814916
115	30	0	1	0	0	1.24603984388188
116	30	0	1	0	0	1.24863082070959
117	30	0	1	0	0	1.25119955711856
118	30	0	1	0	0	1.25374643167603
119	30	0	1	0	0	1.25627181336501
120	30	0	1	0	0	1.25877606190514
121	30	0	1	0	0	1.26125952806016
122	30	0	1	0	0	1.26372255393279
123	30	0	1	0	0	1.26616547324754
124	30	0	1	0	0	1.26858861162206
125	30	0	1	0	0	1.27099228682761
126	30	0	1	0	0	1.2733768090392
127	30	0	1	0	0	1.27574248107572
128	30	0	1	0	0	1.27808959863077
129	30	0	1	0	0	1.28041845049447
130	30	0	1	0	0	1.28272931876668
131	30	0	1	0	0	1.28502247906206
132	30	0	1	0	0	1.28729820070739
133	30	0	1	0	0	1.28955674693134
134	30	0	1	0	0	1.29179837504725
135	30	0	1	0	0	1.29402333662898
136	30	0	1	0	0	1.29623187768042
137	30	0	1	0	0	1.29842423879868
138	30	0	1	0	0	1.30060065533137
139	30	0	1	0	0	1.30276135752823
140	30	0	1	0	0	1.30490657068732
141	30	0	1	0	0	1.30703651529597
142	30	0	1	0	0	1.30915140716681
143	30	0	1	0	0	1.31125145756893
144	30	0	1	0	0	1.31333687335462
145	30	0	1	0	0	1.31540785708155
146	30	0	1	0	0	1.31746460713091
147	30	0	1	0	0	1.31950731782138
148	30	0	1	0	0	1.32153617951937
149	30	0	1	0	0	1.3235513787454
150	30	0	1	0	0	1.3255530982771
151	30	0	1	0	0	1.32754151724859
152	30	0	1	0	0	1.32951681124676
153	30	0	1	0	0	1.33147915240427
154	30	0	1	0	0	1.33342870948957
155	30	0	1	0	0	1.33536564799402
156	30	0	1	0	0	1.33729013021616
157	30	0	1	0	0	1.33920231534335
158	30	0	1	0	0	1.34110235953076
159	30	0	1	0	0	1.34299041597789
160	30	0	1	0	0	1.34486663500274
161	30	0	1	0	0	1.34673116411355
162	30	0	1	0	0	1.34858414807846
163	30	0	1	0	0	1.35042572899294
164	30	0	1	0	0	1.35225604634514
165	30	0	1	0	0	1.35407523707935
166	30	0	1	0	0	1.35588343565744
167	30	0	1	0	0	1.35768077411853
168	30	0	1	0	0	1.3594673821368
169	30	0	1	0	0	1.3612433870777
170	30	0	1	0	0	1.36300891405239
171	30	0	1	0	0	1.36476408597061
172	30	0	1	0	0	1.36650902359207
173	30	0	1	0	0	1.3682438455763
174	30	0	1	0	0	1.36996866853104
175	30	0	1	0	0	1.37168360705928
176	30	0	1	0	0	1.37338877380499
177	30	0	1	0	0	1.37508427949747
178	30	0	1	0	0	1.37677023299453
179	30	0	1	0	0	1.37844674132442
180	30	0	1	0	0	1.38011390972658
181	30	0	1	0	0	1.38177184169132
182	30	0	1	0	0	1.38342063899834
183	30	0	1	0	0	1.38506040175424
184	30	0	1	0	0	1.38669122842897
185	30	0	1	0	0	1.38831321589133
186	30	0	1	0	0	1.3899264594435
187	30	0	1	0	0	1.39153105285464
188	30	0	1	0	0	1.39312708839357
189	30	0	1	0	0	1.39471465686065
190	30	0	1	0	0	1.39629384761873
191	30	0	1	0	0	1.39786474862337
192	30	0	1	0	0	1.39942744645222
193	30	0	1	0	0	1.40098202633367
194	30	0	1	0	0	1.40252857217471
195	30	0	1	0	0	1.40406716658812
196	30	0	1	0	0	1.40559789091898
197	30	0	1	0	0	1.40712082527043
198	30	0	1	0	0	1.40863604852884
199	30	0	1	0	0	1.41014363838833
200	30	0	1	0	0	1.4116436713747
1	60	0	1	0	0	-0.173909347802557
2	60	0	1	0	0	0.0335190731164905
3	60	0	1	0	0	0.154856920937937
4	60	0	1	0	0	0.240947494035538
5	60	0	1	0	0	0.307724530407501
6	60	0	1	0	0	0.362285341856984
7	60	0	1	0	0	0.408415850639167
8	60	0	1	0	0	0.448375914954585
9	60	0	1	0	0	0.483623189678431
10	60	0	1	0	0	0.515152951326548
11	60	0	1	0	0	0.543675090128801
12	60	0	1	0	0	0.569713762776031
13	60	0	1	0	0	0.593667019637574
14	60	0	1	0	0	0.615844271558214
15	60	0	1	0	0	0.636490799147994
16	60	0	1	0	0	0.655804335873632
17	60	0	1	0	0	0.673946614923283
18	60	0	1	0	0	0.691051610597478
19	60	0	1	0	0	0.707231548489621
20	60	0	1	0	0	0.722581372245595
21	60	0	1	0	0	0.737182119379661
22	60	0	1	0	0	0.751103511047849
23	60	0	1	0	0	0.764405965671826
24	60	0	1	0	0	0.777142183695078
25	60	0	1	0	0	0.789358408617558
26	60	0	1	0	0	0.801095440556621
27	60	0	1	0	0	0.812389458418924
28	60	0	1	0	0	0.823272692477261
29	60	0	1	0	0	0.833773978871497
30	60	0	1	0	0	0.843919220067041
31	60	0	1	0	0	0.853731769783963
32	60	0	1	0	0	0.863232756792679
33	60	0	1	0	0	0.872441358869295
34	60	0	1	0	0	0.88137503584233
35	60	0	1	0	0	0.890049728849224
36	60	0	1	0	0	0.898480031516525
37	60	0	1	0	0	0.906679337681272
38	60	0	1	0	0	0.914659969408668
39	60	0	1	0	0	0.922433288378068
40	60	0	1	0	0	0.930009793164642
41	60	0	1	0	0	0.937399204507048
42	60	0	1	0	0	0.944610540298708
43	60	0	1	0	0	0.95165218175398
44	60	0	1	0	0	0.958531931966896
45	60	0	1	0	0	0.965257067888488
46	60	0	1	0	0	0.971834386590873
47	60	0	1	0	0	0.978270246555479
48	60	0	1	0	0	0.984570604614126
49	60	0	1	0	0	0.990741049080891
50	60	0	1	0	0	0.996786829536605
51	60	0	1	0	0	1.00271288366378
52	60	0	1	0	0	1.00852386147567
53	60	0	1	0	0	1.0142241472374
54	60	0	1	0	0	1.01981787933797
55	60	0	1	0	0	1.02530896833886
56	60	0	1	0	0	1.03070111339631
57	60	0	1	0	0	1.03599781723011
58	60	0	1	0	0	1.04120239979054
59	60	0	1	0	0	1.04631801075698
60	60	0	1	0	0	1.05134764098609
61	60	0	1	0	0	1.05629413301375
62	60	0	1	0	0	1.06116019070301
63	60	0	1	0	0	1.06594838812015
64	60	0	1	0	0	1.07066117771173
65	60	0	1	0	0	1.07530089784763
66	60	0	1	0	0	1.07986977978834
67	60	0	1	0	0	1.0843699541282
68	60	0	1	0	0	1.08880345676138
69	60	0	1	0	0	1.09317223441232
70	60	0	1	0	0	1.09747814976827
71	60	0	1	0	0	1.10172298624776
72	60	0	1	0	0	1.10590845243557
73	60	0	1	0	0	1.11003618621186
74	60	0	1	0	0	1.11410775860032
75	60	0	1	0	0	1.11812467735805
76	60	0	1	0	0	1.12208839032772
77	60	0	1	0	0	1.12600028857052
78	60	0	1	0	0	1.12986170929711
79	60	0	1	0	0	1.13367393861171
80	60	0	1	0	0	1.13743821408369
81	60	0	1	0	0	1.14115572715942
82	60	0	1	0	0	1.1448276254261
83	60	0	1	0	0	1.1484550147384
84	60	0	1	0	0	1.15203896121775
85	60	0	1	0	0	1.15558049313334
86	60	0	1	0	0	1.15908060267303
87	60	0	1	0	0	1.16254024761199
88	60	0	1	0	0	1.16596035288594
89	60	0	1	0	0	1.16934181207549
90	60	0	1	0	0	1.17268548880754
91	60	0	1	0	0	1.1759922180793
92	60	0	1	0	0	1.17926280750992
93	60	0	1	0	0	1.18249803852446
94	60	0	1	0	0	1.18569866747453
95	60	0	1	0	0	1.18886542669968
96	60	0	1	0	0	1.19199902553317
97	60	0	1	0	0	1.19510015125566
98	60	0	1	0	0	1.19816946999994
99	60	0	1	0	0	1.20120762760979
100	60	0	1	0	0	1.20421525045565
101	60	0	1	0	0	1.20719294620972
102	60	0	1	0	0	1.21014130458282
103	60	0	1	0	0	1.21306089802543
104	60	0	1	0	0	1.21595228239472
105	60	0	1	0	0	1.21881599758972
106	60	0	1	0	0	1.22165256815645
107	60	0	1	0	0	1.22446250386452
108	60	0	1	0	0	1.22724630025702
109	60	0	1	0	0	1.23000443917497
110	60	0	1	0	0	1.23273738925791
111	60	0	1	0	0	1.23544560642177
112	60	0	1	0	0	1.23812953431536
113	60	0	1	0	0	1.24078960475653
114	60	0	1	0	0	1.24342623814916
115	60	0	1	0	0	1.24603984388188
116	60	0	1	0	0	1.24863082070959
117	60	0	1	0	0	1.25119955711856
118	60	0	1	0	0	1.25374643167603
119	60	0	1	0	0	1.25627181336501
120	60	0	1	0	0	1.25877606190514
121	60	0	1	0	0	1.26125952806016
122	60	0	1	0	0	1.26372255393279
123	60	0	1	0	0	1.26616547324754
124	60	0	1	0	0	1.26858861162206
125	60	0	1	0	0	1.27099228682761
126	60	0	1	0	0	1.2733768090392
127	60	0	1	0	0	1.27574248107572
128	60	0	1	0	0	1.27808959863077
129	60	0	1	0	0	1.28041845049447
130	60	0	1	0	0	1.28272931876668
131	60	0	1	0	0	1.28502247906206
132	60	0	1	0	0	1.28729820070739
133	60	0	1	0	0	1.28955674693134
134	60	0	1	0	0	1.29179837504725
135	60	0	1	0	0	1.29402333662898
136	60	0	1	0	0	1.29623187768042
137	60	0	1	0	0	1.29842423879868
138	60	0	1	0	0	1.30060065533137
139	60	0	1	0	0	1.30276135752823
140	60	0	1	0	0	1.30490657068732
141	60	0	1	0	0	1.30703651529597
142	60	0	1	0	0	1.30915140716681
143	60	0	1	0	0	1.31125145756893
144	60	0	1	0	0	1.31333687335462
145	60	0	1	0	0	1.31540785708155
146	60	0	1	0	0	1.31746460713091
147	60	0	1	0	0	1.31950731782138
148	60	0	1	0	0	1.32153617951937
149	60	0	1	0	0	1.3235513787454
150	60	0	1	0	0	1.3255530982771
151	60	0	1	0	0	1.32754151724859
152	60	0	1	0	0	1.32951681124676
153	60	0	1	0	0	1.33147915240427
154	60	0	1	0	0	1.33342870948957
155	60	0	1	0	0	1.33536564799402
156	60	0	1	0	0	1.33729013021616
157	60	0	1	0	0	1.33920231534335
158	60	0	1	0	0	1.34110235953076
159	60	0	1	0	0	1.34299041597789
160	60	0	1	0	0	1.34486663500274
161	60	0	1	0	0	1.34673116411355
162	60	0	1	0	0	1.34858414807846
163	60	0	1	0	0	1.35042572899294
164	60	0	1	0	0	1.35225604634514
165	60	0	1	0	0	1.35407523707935
166	60	0	1	0	0	1.35588343565744
167	60	0	1	0	0	1.35768077411853
168	60	0	1	0	0	1.3594673821368
169	60	0	1	0	0	1.3612433870777
170	60	0	1	0	0	1.36300891405239
171	60	0	1	0	0	1.36476408597061
172	60	0	1	0	0	1.36650902359207
173	60	0	1	0	0	1.3682438455763
174	60	0	1	0	0	1.36996866853104
175	60	0	1	0	0	1.37168360705928
176	60	0	1	0	0	1.37338877380499
177	60	0	1	0	0	1.37508427949747
178	60	0	1	0	0	1.37677023299453
179	60	0	1	0	0	1.37844674132442
180	60	0	1	0	0	1.38011390972658
181	60	0	1	0	0	1.38177184169132
182	60	0	1	0	0	1.38342063899834
183	60	0	1	0	0	1.38506040175424
184	60	0	1	0	0	1.38669122842897
185	60	0	1	0	0	1.38831321589133
186	60	0	1	0	0	1.3899264594435
187	60	0	1	0	0	1.39153105285464
188	60	0	1	0	0	1.39312708839357
189	60	0	1	0	0	1.39471465686065
190	60	0	1	0	0	1.39629384761873
191	60	0	1	0	0	1.39786474862337
192	60	0	1	0	0	1.39942744645222
193	60	0	1	0	0	1.40098202633367
194	60	0	1	0	0	1.40252857217471
195	60	0	1	0	0	1.40406716658812
196	60	0	1	0	0	1.40559789091898
197	60	0	1	0	0	1.40712082527043
198	60	0	1	0	0	1.40863604852884
199	60	0	1	0	0	1.41014363838833
200	60	0	1	0	0	1.4116436713747
1	0	0	0	1	0	-0.173909347802557
2	0	0	0	1	0	-0.00139802185629539
3	0	0	0	1	0	0.0995146347719521
4	0	0	0	1	0	0.171113304089966
5	0	0	0	1	0	0.226649546598339
6	0	0	0	1	0	0.272025960718213
7	0	0	0	1	0	0.310391172203364
8	0	0	0	1	0	0.343624630036227
9	0	0	0	1	0	0.372938617346461
10	0	0	0	1	0	0.3991608725446
11	0	0	0	1	0	0.422881787748984
12	0	0	0	1	0	0.444537286664475
13	0	0	0	1	0	0.464458414558172
14	0	0	0	1	0	0.482902498149625
15	0	0	0	1	0	0.500073529172847
16	0	0	0	1	0	0.516135955982488
17	0	0	0	1	0	0.531224286697612
18	0	0	0	1	0	0.545449943292722
19	0	0	0	1	0	0.558906260065201
20	0	0	0	1	0	0.571672198490861
21	0	0	0	1	0	0.583815154777872
22	0	0	0	1	0	0.595393113695246
23	0	0	0	1	0	0.606456323236902
24	0	0	0	1	0	0.617048612610736
25	0	0	0	1	0	0.627208440999234
26	0	0	0	1	0	0.636969740504434
27	0	0	0	1	0	0.64636259992097
28	0	0	0	1	0	0.655413824095886
29	0	0	0	1	0	0.664147395088639
30	0	0	0	1	0	0.672584855119108
31	0	0	0	1	0	0.680745626700358
32	0	0	0	1	0	0.68864728192875
33	0	0	0	1	0	0.696305770323493
34	0	0	0	1	0	0.703735612643873
35	0	0	0	1	0	0.710950066604259
36	0	0	0	1	0	0.717961269238983
37	0	0	0	1	0	0.724780359757307
38	0	0	0	1	0	0.731417586011462
39	0	0	0	1	0	0.737882397132681
40	0	0	0	1	0	0.744183524437122
41	0	0	0	1	0	0.750329052340159
42	0	0	0	1	0	0.756326480724134
43	0	0	0	1	0	0.762182779966566
44	0	0	0	1	0	0.767904439641507
45	0	0	0	1	0	0.773497511747356
46	0	0	0	1	0	0.778967649183163
47	0	0	0	1	0	0.784320140086673
48	0	0	0	1	0	0.789559938556997
49	0	0	0	1	0	0.794691692209284
50	0	0	0	1	0	0.799719766945495
51	0	0	0	1	0	0.804648269272121
52	0	0	0	1	0	0.809481066450695
53	0	0	0	1	0	0.814221804728852
54	0	0	0	1	0	0.818873925867231
55	0	0	0	1	0	0.82344068214988
56	0	0	0	1	0	0.827925150042148
57	0	0	0	1	0	0.83233024263971
58	0	0	0	1	0	0.8366587210349
59	0	0	0	1	0	0.840913204711412
60	0	0	0	1	0	0.84509618106537
61	0	0	0	1	0	0.849210014139416
62	0	0	0	1	0	0.85325695264662
63	0	0	0	1	0	0.857239137352381
64	0	0	0	1	0	0.861158607875011
65	0	0	0	1	0	0.865017308959068
66	0	0	0	1	0	0.868817096269754
67	0	0	0	1	0	0.872559741751596
68	0	0	0	1	0	0.876246938590134
69	0	0	0	1	0	0.879880305811411
70	0	0	0	1	0	0.88346139255052
71	0	0	0	1	0	0.886991682017397
72	0	0	0	1	0	0.890472595185245
73	0	0	0	1	0	0.893905494224567
74	0	0	0	1	0	0.897291685703568
75	0	0	0	1	0	0.900632423573743
76	0	0	0	1	0	0.903928911957723
77	0	0	0	1	0	0.907182307754904
78	0	0	0	1	0	0.910393723078942
79	0	0	0	1	0	0.91356422753999
80	0	0	0	1	0	0.916694850383384
81	0	0	0	1	0	0.919786582495478
82	0	0	0	1	0	0.92284037828642
83	0	0	0	1	0	0.925857157458801
84	0	0	0	1	0	0.928837806670395
85	0	0	0	1	0	0.931783181098507
86	0	0	0	1	0	0.934694105912828
87	0	0	0	1	0	0.937571377663147
88	0	0	0	1	0	0.940415765587768
89	0	0	0	1	0	0.943228012847988
90	0	0	0	1	0	0.946008837693617
91	0	0	0	1	0	0.948758934564093
92	0	0	0	1	0	0.951478975129424
93	0	0	0	1	0	0.954169609274867
94	0	0	0	1	0	0.956831466032935
95	0	0	0	1	0	0.959465154466096
96	0	0	0	1	0	0.962071264503258
97	0	0	0	1	0	0.964650367732902
98	0	0	0	1	0	0.967203018155545
99	0	0	0	1	0	0.969729752898002
100	0	0	0	1	0	0.972231092891756
101	0	0	0	1	0	0.974707543517578
102	0	0	0	1	0	0.977159595218382
103	0	0	0	1	0	0.979587724082195
104	0	0	0	1	0	0.981992392396956
105	0	0	0	1	0	0.984374049178768
106	0	0	0	1	0	0.986733130675114
107	0	0	0	1	0	0.989070060844451
108	0	0	0	1	0	0.991385251813492
109	0	0	0	1	0	0.993679104313412
110	0	0	0	1	0	0.995952008096141
111	0	0	0	1	0	0.998204342331816
112	0	0	0	1	0	1.00043647598841
113	0	0	0	1	0	1.00264876819448
114	0	0	0	1	0	1.00484156858597
115	0	0	0	1	0	1.0070152176378
116	0	0	0	1	0	1.00917004698116
117	0	0	0	1	0	1.01130637970719
118	0	0	0	1	0	1.01342453065767
119	0	0	0	1	0	1.01552480670353
120	0	0	0	1	0	1.01760750701163
121	0	0	0	1	0	1.01967292330053
122	0	0	0	1	0	1.02172134008568
123	0	0	0	1	0	1.02375303491467
124	0	0	0	1	0	1.02576827859288
125	0	0	0	1	0	1.02776733540013
126	0	0	0	1	0	1.02975046329864
127	0	0	0	1	0	1.03171791413284
128	0	0	0	1	0	1.03366993382127
129	0	0	0	1	0	1.03560676254107
130	0	0	0	1	0	1.03752863490533
131	0	0	0	1	0	1.0394357801336
132	0	0	0	1	0	1.04132842221602
133	0	0	0	1	0	1.04320678007112
134	0	0	0	1	0	1.04507106769786
135	0	0	0	1	0	1.04692149432186
136	0	0	0	1	0	1.0487582645364
137	0	0	0	1	0	1.05058157843807
138	0	0	0	1	0	1.05239163175767
139	0	0	0	1	0	1.05418861598628
140	0	0	0	1	0	1.05597271849678
141	0	0	0	1	0	1.05774412266118
142	0	0	0	1	0	1.05950300796366
143	0	0	0	1	0	1.06124955010971
144	0	0	0	1	0	1.06298392113151
145	0	0	0	1	0	1.06470628948953
146	0	0	0	1	0	1.06641682017083
147	0	0	0	1	0	1.06811567478379
148	0	0	0	1	0	1.06980301164983
149	0	0	0	1	0	1.07147898589188
150	0	0	0	1	0	1.07314374952
151	0	0	0	1	0	1.07479745151411
152	0	0	0	1	0	1.07644023790398
153	0	0	0	1	0	1.07807225184663
154	0	0	0	1	0	1.07969363370117
155	0	0	0	1	0	1.08130452110125
156	0	0	0	1	0	1.0829050490252
157	0	0	0	1	0	1.08449534986385
158	0	0	0	1	0	1.08607555348625
159	0	0	0	1	0	1.08764578730336
160	0	0	0	1	0	1.08920617632964
161	0	0	0	1	0	1.09075684324282
162	0	0	0	1	0	1.09229790844174
163	0	0	0	1	0	1.09382949010247
164	0	0	0	1	0	1.09535170423268
165	0	0	0	1	0	1.09686466472439
166	0	0	0	1	0	1.09836848340506
167	0	0	0	1	0	1.09986327008724
168	0	0	0	1	0	1.10134913261666
169	0	0	0	1	0	1.1028261769189
170	0	0	0	1	0	1.10429450704477
171	0	0	0	1	0	1.10575422521422
172	0	0	0	1	0	1.10720543185909
173	0	0	0	1	0	1.10864822566456
174	0	0	0	1	0	1.11008270360941
175	0	0	0	1	0	1.11150896100515
176	0	0	0	1	0	1.11292709153403
177	0	0	0	1	0	1.11433718728592
178	0	0	0	1	0	1.11573933879425
179	0	0	0	1	0	1.11713363507085
180	0	0	0	1	0	1.11852016363988
181	0	0	0	1	0	1.11989901057078
182	0	0	0	1	0	1.12127026051035
183	0	0	0	1	0	1.12263399671392
184	0	0	0	1	0	1.12399030107569
185	0	0	0	1	0	1.1253392541582
186	0	0	0	1	0	1.12668093522113
187	0	0	0	1	0	1.12801542224915
188	0	0	0	1	0	1.1293427919792
189	0	0	0	1	0	1.13066311992689
190	0	0	0	1	0	1.13197648041236
191	0	0	0	1	0	1.13328294658531
192	0	0	0	1	0	1.13458259044952
193	0	0	0	1	0	1.13587548288658
194	0	0	0	1	0	1.13716169367916
195	0	0	0	1	0	1.13844129153358
196	0	0	0	1	0	1.13971434410181
197	0	0	0	1	0	1.14098091800298
198	0	0	0	1	0	1.14224107884426
199	0	0	0	1	0	1.14349489124129
200	0	0	0	1	0	1.14474241883802
1	30	0	0	1	0	-0.173909347802557
2	30	0	0	1	0	-0.00139802185629539
3	30	0	0	1	0	0.0995146347719521
4	30	0	0	1	0	0.171113304089966
5	30	0	0	1	0	0.226649546598339
6	30	0	0	1	0	0.272025960718213
7	30	0	0	1	0	0.310391172203364
8	30	0	0	1	0	0.343624630036227
9	30	0	0	1	0	0.372938617346461
10	30	0	0	1	0	0.3991608725446
11	30	0	0	1	0	0.422881787748984
12	30	0	0	1	0	0.444537286664475
13	30	0	0	1	0	0.464458414558172
14	30	0	0	1	0	0.482902498149625
15	30	0	0	1	0	0.500073529172847
16	30	0	0	1	0	0.516135955982488
17	30	0	0	1	0	0.531224286697612
18	30	0	0	1	0	0.545449943292722
19	30	0	0	1	0	0.558906260065201
20	30	0	0	1	0	0.571672198490861
21	30	0	0	1	0	0.583815154777872
22	30	0	0	1	0	0.595393113695246
23	30	0	0	1	0	0.606456323236902
24	30	0	0	1	0	0.617048612610736
25	30	0	0	1	0	0.627208440999234
26	30	0	0	1	0	0.636969740504434
27	30	0	0	1	0	0.64636259992097
28	30	0	0	1	0	0.655413824095886
29	30	0	0	1	0	0.664147395088639
30	30	0	0	1	0	0.672584855119108
31	30	0	0	1	0	0.680745626700358
32	30	0	0	1	0	0.68864728192875
33	30	0	0	1	0	0.696305770323493
34	30	0	0	1	0	0.703735612643873
35	30	0	0	1	0	0.710950066604259
36	30	0	0	1	0	0.717961269238983
37	30	0	0	1	0	0.724780359757307
38	30	0	0	1	0	0.731417586011462
39	30	0	0	1	0	0.737882397132681
40	30	0	0	1	0	0.744183524437122
41	30	0	0	1	0	0.750329052340159
42	30	0	0	1	0	0.756326480724134
43	30	0	0	1	0	0.762182779966566
44	30	0	0	1	0	0.767904439641507
45	30	0	0	1	0	0.773497511747356
46	30	0	0	1	0	0.778967649183163
47	30	0	0	1	0	0.784320140086673
48	30	0	0	1	0	0.789559938556997
49	30	0	0	1	0	0.794691692209284
50	30	0	0	1	0	0.799719766945495
51	30	0	0	1	0	0.804648269272121
52	30	0	0	1	0	0.809481066450695
53	30	0	0	1	0	0.814221804728852
54	30	0	0	1	0	0.818873925867231
55	30	0	0	1	0	0.82344068214988
56	30	0	0	1	0	0.827925150042148
57	30	0	0	1	0	0.83233024263971
58	30	0	0	1	0	0.8366587210349
59	30	0	0	1	0	0.840913204711412
60	30	0	0	1	0	0.84509618106537
61	30	0	0	1	0	0.849210014139416
62	30	0	0	1	0	0.85325695264662
63	30	0	0	1	0	0.857239137352381
64	30	0	0	1	0	0.861158607875011
65	30	0	0	1	0	0.865017308959068
66	30	0	0	1	0	0.868817096269754
67	30	0	0	1	0	0.872559741751596
68	30	0	0	1	0	0.876246938590134
69	30	0	0	1	0	0.879880305811411
70	30	0	0	1	0	0.88346139255052
71	30	0	0	1	0	0.886991682017397
72	30	0	0	1	0	0.890472595185245
73	30	0	0	1	0	0.893905494224567
74	30	0	0	1	0	0.897291685703568
75	30	0	0	1	0	0.900632423573743
76	30	0	0	1	0	0.903928911957723
77	30	0	0	1	0	0.907182307754904
78	30	0	0	1	0	0.910393723078942
79	30	0	0	1	0	0.91356422753999
80	30	0	0	1	0	0.916694850383384
81	30	0	0	1	0	0.919786582495478
82	30	0	0	1	0	0.92284037828642
83	30	0	0	1	0	0.925857157458801
84	30	0	0	1	0	0.928837806670395
85	30	0	0	1	0	0.931783181098507
86	30	0	0	1	0	0.934694105912828
87	30	0	0	1	0	0.937571377663147
88	30	0	0	1	0	0.940415765587768
89	30	0	0	1	0	0.943228012847988
90	30	0	0	1	0	0.946008837693617
91	30	0	0	1	0	0.948758934564093
92	30	0	0	1	0	0.951478975129424
93	30	0	0	1	0	0.954169609274867
94	30	0	0	1	0	0.956831466032935
95	30	0	0	1	0	0.959465154466096
96	30	0	0	1	0	0.962071264503258
97	30	0	0	1	0	0.964650367732902
98	30	0	0	1	0	0.967203018155545
99	30	0	0	1	0	0.969729752898002
100	30	0	0	1	0	0.972231092891756
101	30	0	0	1	0	0.974707543517578
102	30	0	0	1	0	0.977159595218382
103	30	0	0	1	0	0.979587724082195
104	30	0	0	1	0	0.981992392396956
105	30	0	0	1	0	0.984374049178768
106	30	0	0	1	0	0.986733130675114
107	30	0	0	1	0	0.989070060844451
108	30	0	0	1	0	0.991385251813492
109	30	0	0	1	0	0.993679104313412
110	30	0	0	1	0	0.995952008096141
111	30	0	0	1	0	0.998204342331816
112	30	0	0	1	0	1.00043647598841
113	30	0	0	1	0	1.00264876819448
114	30	0	0	1	0	1.00484156858597
115	30	0	0	1	0	1.0070152176378
116	30	0	0	1	0	1.00917004698116
117	30	0	0	1	0	1.01130637970719
118	30	0	0	1	0	1.01342453065767
119	30	0	0	1	0	1.01552480670353
120	30	0	0	1	0	1.01760750701163
121	30	0	0	1	0	1.01967292330053
122	30	0	0	1	0	1.02172134008568
123	30	0	0	1	0	1.02375303491467
124	30	0	0	1	0	1.02576827859288
125	30	0	0	1	0	1.02776733540013
126	30	0	0	1	0	1.02975046329864
127	30	0	0	1	0	1.03171791413284
128	30	0	0	1	0	1.03366993382127
129	30	0	0	1	0	1.03560676254107
130	30	0	0	1	0	1.03752863490533
131	30	0	0	1	0	1.0394357801336
132	30	0	0	1	0	1.04132842221602
133	30	0	0	1	0	1.04320678007112
134	30	0	0	1	0	1.04507106769786
135	30	0	0	1	0	1.04692149432186
136	30	0	0	1	0	1.0487582645364
137	30	0	0	1	0	1.05058157843807
138	30	0	0	1	0	1.05239163175767
139	30	0	0	1	0	1.05418861598628
140	30	0	0	1	0	1.05597271849678
141	30	0	0	1	0	1.05774412266118
142	30	0	0	1	0	1.05950300796366
143	30	0	0	1	0	1.06124955010971
144	30	0	0	1	0	1.06298392113151
145	30	0	0	1	0	1.06470628948953
146	30	0	0	1	0	1.06641682017083
147	30	0	0	1	0	1.06811567478379
148	30	0	0	1	0	1.06980301164983
149	30	0	0	1	0	1.07147898589188
150	30	0	0	1	0	1.07314374952
151	30	0	0	1	0	1.07479745151411
152	30	0	0	1	0	1.07644023790398
153	30	0	0	1	0	1.07807225184663
154	30	0	0	1	0	1.07969363370117
155	30	0	0	1	0	1.08130452110125
156	30	0	0	1	0	1.0829050490252
157	30	0	0	1	0	1.08449534986385
158	30	0	0	1	0	1.08607555348625
159	30	0	0	1	0	1.08764578730336
160	30	0	0	1	0	1.08920617632964
161	30	0	0	1	0	1.09075684324282
162	30	0	0	1	0	1.09229790844174
163	30	0	0	1	0	1.09382949010247
164	30	0	0	1	0	1.09535170423268
165	30	0	0	1	0	1.09686466472439
166	30	0	0	1	0	1.09836848340506
167	30	0	0	1	0	1.09986327008724
168	30	0	0	1	0	1.10134913261666
169	30	0	0	1	0	1.1028261769189
170	30	0	0	1	0	1.10429450704477
171	30	0	0	1	0	1.10575422521422
172	30	0	0	1	0	1.10720543185909
173	30	0	0	1	0	1.10864822566456
174	30	0	0	1	0	1.11008270360941
175	30	0	0	1	0	1.11150896100515
176	30	0	0	1	0	1.11292709153403
177	30	0	0	1	0	1.11433718728592
178	30	0	0	1	0	1.11573933879425
179	30	0	0	1	0	1.11713363507085
180	30	0	0	1	0	1.11852016363988
181	30	0	0	1	0	1.11989901057078
182	30	0	0	1	0	1.12127026051035
183	30	0	0	1	0	1.12263399671392
184	30	0	0	1	0	1.12399030107569
185	30	0	0	1	0	1.1253392541582
186	30	0	0	1	0	1.12668093522113
187	30	0	0	1	0	1.12801542224915
188	30	0	0	1	0	1.1293427919792
189	30	0	0	1	0	1.13066311992689
190	30	0	0	1	0	1.13197648041236
191	30	0	0	1	0	1.13328294658531
192	30	0	0	1	0	1.13458259044952
193	30	0	0	1	0	1.13587548288658
194	30	0	0	1	0	1.13716169367916
195	30	0	0	1	0	1.13844129153358
196	30	0	0	1	0	1.13971434410181
197	30	0	0	1	0	1.14098091800298
198	30	0	0	1	0	1.14224107884426
199	30	0	0	1	0	1.14349489124129
200	30	0	0	1	0	1.14474241883802
1	60	0	0	1	0	-0.173909347802557
2	60	0	0	1	0	-0.00139802185629539
3	60	0	0	1	0	0.0995146347719521
4	60	0	0	1	0	0.171113304089966
5	60	0	0	1	0	0.226649546598339
6	60	0	0	1	0	0.272025960718213
7	60	0	0	1	0	0.310391172203364
8	60	0	0	1	0	0.343624630036227
9	60	0	0	1	0	0.372938617346461
10	60	0	0	1	0	0.3991608725446
11	60	0	0	1	0	0.422881787748984
12	60	0	0	1	0	0.444537286664475
13	60	0	0	1	0	0.464458414558172
14	60	0	0	1	0	0.482902498149625
15	60	0	0	1	0	0.500073529172847
16	60	0	0	1	0	0.516135955982488
17	60	0	0	1	0	0.531224286697612
18	60	0	0	1	0	0.545449943292722
19	60	0	0	1	0	0.558906260065201
20	60	0	0	1	0	0.571672198490861
21	60	0	0	1	0	0.583815154777872
22	60	0	0	1	0	0.595393113695246
23	60	0	0	1	0	0.606456323236902
24	60	0	0	1	0	0.617048612610736
25	60	0	0	1	0	0.627208440999234
26	60	0	0	1	0	0.636969740504434
27	60	0	0	1	0	0.64636259992097
28	60	0	0	1	0	0.655413824095886
29	60	0	0	1	0	0.664147395088639
30	60	0	0	1	0	0.672584855119108
31	60	0	0	1	0	0.680745626700358
32	60	0	0	1	0	0.68864728192875
33	60	0	0	1	0	0.696305770323493
34	60	0	0	1	0	0.703735612643873
35	60	0	0	1	0	0.710950066604259
36	60	0	0	1	0	0.717961269238983
37	60	0	0	1	0	0.724780359757307
38	60	0	0	1	0	0.731417586011462
39	60	0	0	1	0	0.737882397132681
40	60	0	0	1	0	0.744183524437122
41	60	0	0	1	0	0.750329052340159
42	60	0	0	1	0	0.756326480724134
43	60	0	0	1	0	0.762182779966566
44	60	0	0	1	0	0.767904439641507
45	60	0	0	1	0	0.773497511747356
46	60	0	0	1	0	0.778967649183163
47	60	0	0	1	0	0.784320140086673
48	60	0	0	1	0	0.789559938556997
49	60	0	0	1	0	0.794691692209284
50	60	0	0	1	0	0.799719766945495
51	60	0	0	1	0	0.804648269272121
52	60	0	0	1	0	0.809481066450695
53	60	0	0	1	0	0.814221804728852
54	60	0	0	1	0	0.818873925867231
55	60	0	0	1	0	0.82344068214988
56	60	0	0	1	0	0.827925150042148
57	60	0	0	1	0	0.83233024263971
58	60	0	0	1	0	0.8366587210349
59	60	0	0	1	0	0.840913204711412
60	60	0	0	1	0	0.84509618106537
61	60	0	0	1	0	0.849210014139416
62	60	0	0	1	0	0.85325695264662
63	60	0	0	1	0	0.857239137352381
64	60	0	0	1	0	0.861158607875011
65	60	0	0	1	0	0.865017308959068
66	60	0	0	1	0	0.868817096269754
67	60	0	0	1	0	0.872559741751596
68	60	0	0	1	0	0.876246938590134
69	60	0	0	1	0	0.879880305811411
70	60	0	0	1	0	0.88346139255052
71	60	0	0	1	0	0.886991682017397
72	60	0	0	1	0	0.890472595185245
73	60	0	0	1	0	0.893905494224567
74	60	0	0	1	0	0.897291685703568
75	60	0	0	1	0	0.900632423573743
76	60	0	0	1	0	0.903928911957723
77	60	0	0	1	0	0.907182307754904
78	60	0	0	1	0	0.910393723078942
79	60	0	0	1	0	0.91356422753999
80	60	0	0	1	0	0.916694850383384
81	60	0	0	1	0	0.919786582495478
82	60	0	0	1	0	0.92284037828642
83	60	0	0	1	0	0.925857157458801
84	60	0	0	1	0	0.928837806670395
85	60	0	0	1	0	0.931783181098507
86	60	0	0	1	0	0.934694105912828
87	60	0	0	1	0	0.937571377663147
88	60	0	0	1	0	0.940415765587768
89	60	0	0	1	0	0.943228012847988
90	60	0	0	1	0	0.946008837693617
91	60	0	0	1	0	0.948758934564093
92	60	0	0	1	0	0.951478975129424
93	60	0	0	1	0	0.954169609274867
94	60	0	0	1	0	0.956831466032935
95	60	0	0	1	0	0.959465154466096
96	60	0	0	1	0	0.962071264503258
97	60	0	0	1	0	0.964650367732902
98	60	0	0	1	0	0.967203018155545
99	60	0	0	1	0	0.969729752898002
100	60	0	0	1	0	0.972231092891756
101	60	0	0	1	0	0.974707543517578
102	60	0	0	1	0	0.977159595218382
103	60	0	0	1	0	0.979587724082195
104	60	0	0	1	0	0.981992392396956
105	60	0	0	1	0	0.984374049178768
106	60	0	0	1	0	0.986733130675114
107	60	0	0	1	0	0.989070060844451
108	60	0	0	1	0	0.991385251813492
109	60	0	0	1	0	0.993679104313412
110	60	0	0	1	0	0.995952008096141
111	60	0	0	1	0	0.998204342331816
112	60	0	0	1	0	1.00043647598841
113	60	0	0	1	0	1.00264876819448
114	60	0	0	1	0	1.00484156858597
115	60	0	0	1	0	1.0070152176378
116	60	0	0	1	0	1.00917004698116
117	60	0	0	1	0	1.01130637970719
118	60	0	0	1	0	1.01342453065767
119	60	0	0	1	0	1.01552480670353
120	60	0	0	1	0	1.01760750701163
121	60	0	0	1	0	1.01967292330053
122	60	0	0	1	0	1.02172134008568
123	60	0	0	1	0	1.02375303491467
124	60	0	0	1	0	1.02576827859288
125	60	0	0	1	0	1.02776733540013
126	60	0	0	1	0	1.02975046329864
127	60	0	0	1	0	1.03171791413284
128	60	0	0	1	0	1.03366993382127
129	60	0	0	1	0	1.03560676254107
130	60	0	0	1	0	1.03752863490533
131	60	0	0	1	0	1.0394357801336
132	60	0	0	1	0	1.04132842221602
133	60	0	0	1	0	1.04320678007112
134	60	0	0	1	0	1.04507106769786
135	60	0	0	1	0	1.04692149432186
136	60	0	0	1	0	1.0487582645364
137	60	0	0	1	0	1.05058157843807
138	60	0	0	1	0	1.05239163175767
139	60	0	0	1	0	1.05418861598628
140	60	0	0	1	0	1.05597271849678
141	60	0	0	1	0	1.05774412266118
142	60	0	0	1	0	1.05950300796366
143	60	0	0	1	0	1.06124955010971
144	60	0	0	1	0	1.06298392113151
145	60	0	0	1	0	1.06470628948953
146	60	0	0	1	0	1.06641682017083
147	60	0	0	1	0	1.06811567478379
148	60	0	0	1	0	1.06980301164983
149	60	0	0	1	0	1.07147898589188
150	60	0	0	1	0	1.07314374952
151	60	0	0	1	0	1.07479745151411
152	60	0	0	1	0	1.07644023790398
153	60	0	0	1	0	1.07807225184663
154	60	0	0	1	0	1.07969363370117
155	60	0	0	1	0	1.08130452110125
156	60	0	0	1	0	1.0829050490252
157	60	0	0	1	0	1.08449534986385
158	60	0	0	1	0	1.08607555348625
159	60	0	0	1	0	1.08764578730336
160	60	0	0	1	0	1.08920617632964
161	60	0	0	1	0	1.09075684324282
162	60	0	0	1	0	1.09229790844174
163	60	0	0	1	0	1.09382949010247
164	60	0	0	1	0	1.09535170423268
165	60	0	0	1	0	1.09686466472439
166	60	0	0	1	0	1.09836848340506
167	60	0	0	1	0	1.09986327008724
168	60	0	0	1	0	1.10134913261666
169	60	0	0	1	0	1.1028261769189
170	60	0	0	1	0	1.10429450704477
171	60	0	0	1	0	1.10575422521422
172	60	0	0	1	0	1.10720543185909
173	60	0	0	1	0	1.10864822566456
174	60	0	0	1	0	1.11008270360941
175	60	0	0	1	0	1.11150896100515
176	60	0	0	1	0	1.11292709153403
177	60	0	0	1	0	1.11433718728592
178	60	0	0	1	0	1.11573933879425
179	60	0	0	1	0	1.11713363507085
180	60	0	0	1	0	1.11852016363988
181	60	0	0	1	0	1.11989901057078
182	60	0	0	1	0	1.12127026051035
183	60	0	0	1	0	1.12263399671392
184	60	0	0	1	0	1.12399030107569
185	60	0	0	1	0	1.1253392541582
186	60	0	0	1	0	1.12668093522113
187	60	0	0	1	0	1.12801542224915
188	60	0	0	1	0	1.1293427919792
189	60	0	0	1	0	1.13066311992689
190	60	0	0	1	0	1.13197648041236
191	60	0	0	1	0	1.13328294658531
192	60	0	0	1	0	1.13458259044952
193	60	0	0	1	0	1.13587548288658
194	60	0	0	1	0	1.13716169367916
195	60	0	0	1	0	1.13844129153358
196	60	0	0	1	0	1.13971434410181
197	60	0	0	1	0	1.14098091800298
198	60	0	0	1	0	1.14224107884426
199	60	0	0	1	0	1.14349489124129
200	60	0	0	1	0	1.14474241883802
1	0	0	0	0	1	-0.173909347802557
2	0	0	0	0	1	0.00371792028988602
3	0	0	0	0	1	0.107623211229509
4	0	0	0	0	1	0.181345188382329
5	0	0	0	0	1	0.238528396399376
6	0	0	0	0	1	0.285250479321951
7	0	0	0	0	1	0.324753437568408
8	0	0	0	0	1	0.358972456474771
9	0	0	0	0	1	0.389155770261574
10	0	0	0	0	1	0.416155664491818
11	0	0	0	0	1	0.440580039768603
12	0	0	0	0	1	0.462877747414394
13	0	0	0	0	1	0.483389650071614
14	0	0	0	0	1	0.50238070566085
15	0	0	0	0	1	0.520060955431441
16	0	0	0	0	1	0.536599724567214
17	0	0	0	0	1	0.552135510118115
18	0	0	0	0	1	0.566783038354016
19	0	0	0	0	1	0.58063841146515
20	0	0	0	0	1	0.593782932584261
21	0	0	0	0	1	0.606285996600473
22	0	0	0	0	1	0.618207307861046
23	0	0	0	0	1	0.629598604498757
24	0	0	0	0	1	0.640505015506836
25	0	0	0	0	1	0.650966140601308
26	0	0	0	0	1	0.661016918164057
27	0	0	0	0	1	0.670688329293639
28	0	0	0	0	1	0.680007973753293
29	0	0	0	0	1	0.68900054480696
30	0	0	0	0	1	0.697688223523883
31	0	0	0	0	1	0.706091008405123
32	0	0	0	0	1	0.714226992659657
33	0	0	0	0	1	0.722112598800669
34	0	0	0	0	1	0.729762778210557
35	0	0	0	0	1	0.73719118177034
36	0	0	0	0	1	0.744410306446459
37	0	0	0	0	1	0.751431621789095
38	0	0	0	0	1	0.758265679557593
39	0	0	0	0	1	0.764922209103679
40	0	0	0	0	1	0.771410200676703
41	0	0	0	0	1	0.777737978440943
42	0	0	0	0	1	0.783913264692916
43	0	0	0	0	1	0.789943236521485
44	0	0	0	0	1	0.795834575953489
45	0	0	0	0	1	0.801593514463506
46	0	0	0	0	1	0.807225872591199
47	0	0	0	0	1	0.81273709529768
48	0	0	0	0	1	0.818132283599279
49	0	0	0	0	1	0.823416222939372
50	0	0	0	0	1	0.82859340869375
51	0	0	0	0	1	0.83366806915018
52	0	0	0	0	1	0.8386441862565
53	0	0	0	0	1	0.843525514392327
54	0	0	0	0	1	0.848315597386082
55	0	0	0	0	1	0.853017783970536
56	0	0	0	0	1	0.857635241845736
57	0	0	0	0	1	0.862170970497216
58	0	0	0	0	1	0.866627812899403
59	0	0	0	0	1	0.871008466218584
60	0	0	0	0	1	0.875315491616326
61	0	0	0	0	1	0.879551323242586
62	0	0	0	0	1	0.883718276497566
63	0	0	0	0	1	0.887818555632538
64	0	0	0	0	1	0.891854260752099
65	0	0	0	0	1	0.895827394273546
66	0	0	0	0	1	0.899739866893111
67	0	0	0	0	1	0.903593503103555
68	0	0	0	0	1	0.907390046303
69	0	0	0	0	1	0.911131163530822
70	0	0	0	0	1	0.914818449862783
71	0	0	0	0	1	0.918453432494428
72	0	0	0	0	1	0.922037574538902
73	0	0	0	0	1	0.92557227856281
74	0	0	0	0	1	0.929058889881537
75	0	0	0	0	1	0.932498699633373
76	0	0	0	0	1	0.935892947650036
77	0	0	0	0	1	0.939242825139568
78	0	0	0	0	1	0.942549477196122
79	0	0	0	0	1	0.945814005149876
80	0	0	0	0	1	0.949037468769146
81	0	0	0	0	1	0.952220888325704
82	0	0	0	0	1	0.955365246533386
83	0	0	0	0	1	0.958471490369197
84	0	0	0	0	1	0.961540532785358
85	0	0	0	0	1	0.964573254320047
86	0	0	0	0	1	0.967570504613928
87	0	0	0	0	1	0.970533103839025
88	0	0	0	0	1	0.973461844045932
89	0	0	0	0	1	0.976357490434905
90	0	0	0	0	1	0.979220782555949
91	0	0	0	0	1	0.982052435442579
92	0	0	0	0	1	0.984853140683642
93	0	0	0	0	1	0.987623567437188
94	0	0	0	0	1	0.990364363390123
95	0	0	0	0	1	0.993076155667083
96	0	0	0	0	1	0.995759551691722
97	0	0	0	0	1	0.998415140003372
98	0	0	0	0	1	1.00104349103182
99	0	0	0	0	1	1.00364515783273
100	0	0	0	0	1	1.00622067678619
101	0	0	0	0	1	1.00877056826038
102	0	0	0	0	1	1.01129533724262
103	0	0	0	0	1	1.01379547393968
104	0	0	0	0	1	1.01627145434894
105	0	0	0	0	1	1.01872374080241
106	0	0	0	0	1	1.02115278248477
107	0	0	0	0	1	1.02355901592727
108	0	0	0	0	1	1.02594286547852
109	0	0	0	0	1	1.02830474375366
110	0	0	0	0	1	1.03064505206298
111	0	0	0	0	1	1.03296418082116
112	0	0	0	0	1	1.03526250993818
113	0	0	0	0	1	1.0375404091928
114	0	0	0	0	1	1.03979823858966
115	0	0	0	0	1	1.04203634870069
116	0	0	0	0	1	1.04425508099185
117	0	0	0	0	1	1.04645476813574
118	0	0	0	0	1	1.04863573431103
119	0	0	0	0	1	1.05079829548908
120	0	0	0	0	1	1.05294275970877
121	0	0	0	0	1	1.05506942733976
122	0	0	0	0	1	1.05717859133503
123	0	0	0	0	1	1.05927053747301
124	0	0	0	0	1	1.06134554459001
125	0	0	0	0	1	1.06340388480324
126	0	0	0	0	1	1.06544582372498
127	0	0	0	0	1	1.06747162066827
128	0	0	0	0	1	1.06948152884454
129	0	0	0	0	1	1.07147579555355
130	0	0	0	0	1	1.07345466236599
131	0	0	0	0	1	1.07541836529909
132	0	0	0	0	1	1.07736713498555
133	0	0	0	0	1	1.07930119683612
134	0	0	0	0	1	1.081220771196
135	0	0	0	0	1	1.08312607349557
136	0	0	0	0	1	1.08501731439544
137	0	0	0	0	1	1.08689469992623
138	0	0	0	0	1	1.08875843162326
139	0	0	0	0	1	1.0906087066564
140	0	0	0	0	1	1.09244571795523
141	0	0	0	0	1	1.09426965432975
142	0	0	0	0	1	1.09608070058687
143	0	0	0	0	1	1.09787903764277
144	0	0	0	0	1	1.09966484263134
145	0	0	0	0	1	1.10143828900889
146	0	0	0	0	1	1.10319954665525
147	0	0	0	0	1	1.10494878197144
148	0	0	0	0	1	1.10668615797398
149	0	0	0	0	1	1.1084118343861
150	0	0	0	0	1	1.11012596772582
151	0	0	0	0	1	1.11182871139115
152	0	0	0	0	1	1.11352021574248
153	0	0	0	0	1	1.11520062818225
154	0	0	0	0	1	1.11687009323201
155	0	0	0	0	1	1.11852875260706
156	0	0	0	0	1	1.12017674528856
157	0	0	0	0	1	1.12181420759351
158	0	0	0	0	1	1.12344127324232
159	0	0	0	0	1	1.12505807342439
160	0	0	0	0	1	1.12666473686159
161	0	0	0	0	1	1.12826138986972
162	0	0	0	0	1	1.12984815641815
163	0	0	0	0	1	1.13142515818753
164	0	0	0	0	1	1.13299251462583
165	0	0	0	0	1	1.1345503430026
166	0	0	0	0	1	1.13609875846164
167	0	0	0	0	1	1.13763787407205
168	0	0	0	0	1	1.1391678008778
169	0	0	0	0	1	1.14068864794578
170	0	0	0	0	1	1.14220052241249
171	0	0	0	0	1	1.14370352952928
172	0	0	0	0	1	1.14519777270637
173	0	0	0	0	1	1.14668335355551
174	0	0	0	0	1	1.14816037193147
175	0	0	0	0	1	1.14962892597227
176	0	0	0	0	1	1.15108911213837
177	0	0	0	0	1	1.15254102525065
178	0	0	0	0	1	1.15398475852735
179	0	0	0	0	1	1.15542040362001
180	0	0	0	0	1	1.15684805064839
181	0	0	0	0	1	1.15826778823438
182	0	0	0	0	1	1.15967970353502
183	0	0	0	0	1	1.16108388227465
184	0	0	0	0	1	1.16248040877608
185	0	0	0	0	1	1.16386936599103
186	0	0	0	0	1	1.16525083552963
187	0	0	0	0	1	1.16662489768928
188	0	0	0	0	1	1.16799163148257
189	0	0	0	0	1	1.1693511146646
190	0	0	0	0	1	1.17070342375953
191	0	0	0	0	1	1.17204863408635
192	0	0	0	0	1	1.17338681978416
193	0	0	0	0	1	1.17471805383661
194	0	0	0	0	1	1.17604240809581
195	0	0	0	0	1	1.17735995330561
196	0	0	0	0	1	1.17867075912426
197	0	0	0	0	1	1.17997489414651
198	0	0	0	0	1	1.18127242592518
199	0	0	0	0	1	1.1825634209921
200	0	0	0	0	1	1.18384794487864
1	30	0	0	0	1	-0.173909347802557
2	30	0	0	0	1	0.00371792028988602
3	30	0	0	0	1	0.107623211229509
4	30	0	0	0	1	0.181345188382329
5	30	0	0	0	1	0.238528396399376
6	30	0	0	0	1	0.285250479321951
7	30	0	0	0	1	0.324753437568408
8	30	0	0	0	1	0.358972456474771
9	30	0	0	0	1	0.389155770261574
10	30	0	0	0	1	0.416155664491818
11	30	0	0	0	1	0.440580039768603
12	30	0	0	0	1	0.462877747414394
13	30	0	0	0	1	0.483389650071614
14	30	0	0	0	1	0.50238070566085
15	30	0	0	0	1	0.520060955431441
16	30	0	0	0	1	0.536599724567214
17	30	0	0	0	1	0.552135510118115
18	30	0	0	0	1	0.566783038354016
19	30	0	0	0	1	0.58063841146515
20	30	0	0	0	1	0.593782932584261
21	30	0	0	0	1	0.606285996600473
22	30	0	0	0	1	0.618207307861046
23	30	0	0	0	1	0.629598604498757
24	30	0	0	0	1	0.640505015506836
25	30	0	0	0	1	0.650966140601308
26	30	0	0	0	1	0.661016918164057
27	30	0	0	0	1	0.670688329293639
28	30	0	0	0	1	0.680007973753293
29	30	0	0	0	1	0.68900054480696
30	30	0	0	0	1	0.697688223523883
31	30	0	0	0	1	0.706091008405123
32	30	0	0	0	1	0.714226992659657
33	30	0	0	0	1	0.722112598800669
34	30	0	0	0	1	0.729762778210557
35	30	0	0	0	1	0.73719118177034
36	30	0	0	0	1	0.744410306446459
37	30	0	0	0	1	0.751431621789095
38	30	0	0	0	1	0.758265679557593
39	30	0	0	0	1	0.764922209103679
40	30	0	0	0	1	0.771410200676703
41	30	0	0	0	1	0.777737978440943
42	30	0	0	0	1	0.783913264692916
43	30	0	0	0	1	0.789943236521485
44	30	0	0	0	1	0.795834575953489
45	30	0	0	0	1	0.801593514463506
46	30	0	0	0	1	0.807225872591199
47	30	0	0	0	1	0.81273709529768
48	30	0	0	0	1	0.818132283599279
49	30	0	0	0	1	0.823416222939372
50	30	0	0	0	1	0.82859340869375
51	30	0	0	0	1	0.83366806915018
52	30	0	0	0	1	0.8386441862565
53	30	0	0	0	1	0.843525514392327
54	30	0	0	0	1	0.848315597386082
55	30	0	0	0	1	0.853017783970536
56	30	0	0	0	1	0.857635241845736
57	30	0	0	0	1	0.862170970497216
58	30	0	0	0	1	0.866627812899403
59	30	0	0	0	1	0.871008466218584
60	30	0	0	0	1	0.875315491616326
61	30	0	0	0	1	0.879551323242586
62	30	0	0	0	1	0.883718276497566
63	30	0	0	0	1	0.887818555632538
64	30	0	0	0	1	0.891854260752099
65	30	0	0	0	1	0.895827394273546
66	30	0	0	0	1	0.899739866893111
67	30	0	0	0	1	0.903593503103555
68	30	0	0	0	1	0.907390046303
69	30	0	0	0	1	0.911131163530822
70	30	0	0	0	1	0.914818449862783
71	30	0	0	0	1	0.918453432494428
72	30	0	0	0	1	0.922037574538902
73	30	0	0	0	1	0.92557227856281
74	30	0	0	0	1	0.929058889881537
75	30	0	0	0	1	0.932498699633373
76	30	0	0	0	1	0.935892947650036
77	30	0	0	0	1	0.939242825139568
78	30	0	0	0	1	0.942549477196122
79	30	0	0	0	1	0.945814005149876
80	30	0	0	0	1	0.949037468769146
81	30	0	0	0	1	0.952220888325704
82	30	0	0	0	1	0.955365246533386
83	30	0	0	0	1	0.958471490369197
84	30	0	0	0	1	0.961540532785358
85	30	0	0	0	1	0.964573254320047
86	30	0	0	0	1	0.967570504613928
87	30	0	0	0	1	0.970533103839025
88	30	0	0	0	1	0.973461844045932
89	30	0	0	0	1	0.976357490434905
90	30	0	0	0	1	0.979220782555949
91	30	0	0	0	1	0.982052435442579
92	30	0	0	0	1	0.984853140683642
93	30	0	0	0	1	0.987623567437188
94	30	0	0	0	1	0.990364363390123
95	30	0	0	0	1	0.993076155667083
96	30	0	0	0	1	0.995759551691722
97	30	0	0	0	1	0.998415140003372
98	30	0	0	0	1	1.00104349103182
99	30	0	0	0	1	1.00364515783273
100	30	0	0	0	1	1.00622067678619
101	30	0	0	0	1	1.00877056826038
102	30	0	0	0	1	1.01129533724262
103	30	0	0	0	1	1.01379547393968
104	30	0	0	0	1	1.01627145434894
105	30	0	0	0	1	1.01872374080241
106	30	0	0	0	1	1.02115278248477
107	30	0	0	0	1	1.02355901592727
108	30	0	0	0	1	1.02594286547852
109	30	0	0	0	1	1.02830474375366
110	30	0	0	0	1	1.03064505206298
111	30	0	0	0	1	1.03296418082116
112	30	0	0	0	1	1.03526250993818
113	30	0	0	0	1	1.0375404091928
114	30	0	0	0	1	1.03979823858966
115	30	0	0	0	1	1.04203634870069
116	30	0	0	0	1	1.04425508099185
117	30	0	0	0	1	1.04645476813574
118	30	0	0	0	1	1.04863573431103
119	30	0	0	0	1	1.05079829548908
120	30	0	0	0	1	1.05294275970877
121	30	0	0	0	1	1.05506942733976
122	30	0	0	0	1	1.05717859133503
123	30	0	0	0	1	1.05927053747301
124	30	0	0	0	1	1.06134554459001
125	30	0	0	0	1	1.06340388480324
126	30	0	0	0	1	1.06544582372498
127	30	0	0	0	1	1.06747162066827
128	30	0	0	0	1	1.06948152884454
129	30	0	0	0	1	1.07147579555355
130	30	0	0	0	1	1.07345466236599
131	30	0	0	0	1	1.07541836529909
132	30	0	0	0	1	1.07736713498555
133	30	0	0	0	1	1.07930119683612
134	30	0	0	0	1	1.081220771196
135	30	0	0	0	1	1.08312607349557
136	30	0	0	0	1	1.08501731439544
137	30	0	0	0	1	1.08689469992623
138	30	0	0	0	1	1.08875843162326
139	30	0	0	0	1	1.0906087066564
140	30	0	0	0	1	1.09244571795523
141	30	0	0	0	1	1.09426965432975
142	30	0	0	0	1	1.09608070058687
143	30	0	0	0	1	1.09787903764277
144	30	0	0	0	1	1.09966484263134
145	30	0	0	0	1	1.10143828900889
146	30	0	0	0	1	1.10319954665525
147	30	0	0	0	1	1.10494878197144
148	30	0	0	0	1	1.10668615797398
149	30	0	0	0	1	1.1084118343861
150	30	0	0	0	1	1.11012596772582
151	30	0	0	0	1	1.11182871139115
152	30	0	0	0	1	1.11352021574248
153	30	0	0	0	1	1.11520062818225
154	30	0	0	0	1	1.11687009323201
155	30	0	0	0	1	1.11852875260706
156	30	0	0	0	1	1.12017674528856
157	30	0	0	0	1	1.12181420759351
158	30	0	0	0	1	1.12344127324232
159	30	0	0	0	1	1.12505807342439
160	30	0	0	0	1	1.12666473686159
161	30	0	0	0	1	1.12826138986972
162	30	0	0	0	1	1.12984815641815
163	30	0	0	0	1	1.13142515818753
164	30	0	0	0	1	1.13299251462583
165	30	0	0	0	1	1.1345503430026
166	30	0	0	0	1	1.13609875846164
167	30	0	0	0	1	1.13763787407205
168	30	0	0	0	1	1.1391678008778
169	30	0	0	0	1	1.14068864794578
170	30	0	0	0	1	1.14220052241249
171	30	0	0	0	1	1.14370352952928
172	30	0	0	0	1	1.14519777270637
173	30	0	0	0	1	1.14668335355551
174	30	0	0	0	1	1.14816037193147
175	30	0	0	0	1	1.14962892597227
176	30	0	0	0	1	1.15108911213837
177	30	0	0	0	1	1.15254102525065
178	30	0	0	0	1	1.15398475852735
179	30	0	0	0	1	1.15542040362001
180	30	0	0	0	1	1.15684805064839
181	30	0	0	0	1	1.15826778823438
182	30	0	0	0	1	1.15967970353502
183	30	0	0	0	1	1.16108388227465
184	30	0	0	0	1	1.16248040877608
185	30	0	0	0	1	1.16386936599103
186	30	0	0	0	1	1.16525083552963
187	30	0	0	0	1	1.16662489768928
188	30	0	0	0	1	1.16799163148257
189	30	0	0	0	1	1.1693511146646
190	30	0	0	0	1	1.17070342375953
191	30	0	0	0	1	1.17204863408635
192	30	0	0	0	1	1.17338681978416
193	30	0	0	0	1	1.17471805383661
194	30	0	0	0	1	1.17604240809581
195	30	0	0	0	1	1.17735995330561
196	30	0	0	0	1	1.17867075912426
197	30	0	0	0	1	1.17997489414651
198	30	0	0	0	1	1.18127242592518
199	30	0	0	0	1	1.1825634209921
200	30	0	0	0	1	1.18384794487864
1	60	0	0	0	1	-0.173909347802557
2	60	0	0	0	1	0.00371792028988602
3	60	0	0	0	1	0.107623211229509
4	60	0	0	0	1	0.181345188382329
5	60	0	0	0	1	0.238528396399376
6	60	0	0	0	1	0.285250479321951
7	60	0	0	0	1	0.324753437568408
8	60	0	0	0	1	0.358972456474771
9	60	0	0	0	1	0.389155770261574
10	60	0	0	0	1	0.416155664491818
11	60	0	0	0	1	0.440580039768603
12	60	0	0	0	1	0.462877747414394
13	60	0	0	0	1	0.483389650071614
14	60	0	0	0	1	0.50238070566085
15	60	0	0	0	1	0.520060955431441
16	60	0	0	0	1	0.536599724567214
17	60	0	0	0	1	0.552135510118115
18	60	0	0	0	1	0.566783038354016
19	60	0	0	0	1	0.58063841146515
20	60	0	0	0	1	0.593782932584261
21	60	0	0	0	1	0.606285996600473
22	60	0	0	0	1	0.618207307861046
23	60	0	0	0	1	0.629598604498757
24	60	0	0	0	1	0.640505015506836
25	60	0	0	0	1	0.650966140601308
26	60	0	0	0	1	0.661016918164057
27	60	0	0	0	1	0.670688329293639
28	60	0	0	0	1	0.680007973753293
29	60	0	0	0	1	0.68900054480696
30	60	0	0	0	1	0.697688223523883
31	60	0	0	0	1	0.706091008405123
32	60	0	0	0	1	0.714226992659657
33	60	0	0	0	1	0.722112598800669
34	60	0	0	0	1	0.729762778210557
35	60	0	0	0	1	0.73719118177034
36	60	0	0	0	1	0.744410306446459
37	60	0	0	0	1	0.751431621789095
38	60	0	0	0	1	0.758265679557593
39	60	0	0	0	1	0.764922209103679
40	60	0	0	0	1	0.771410200676703
41	60	0	0	0	1	0.777737978440943
42	60	0	0	0	1	0.783913264692916
43	60	0	0	0	1	0.789943236521485
44	60	0	0	0	1	0.795834575953489
45	60	0	0	0	1	0.801593514463506
46	60	0	0	0	1	0.807225872591199
47	60	0	0	0	1	0.81273709529768
48	60	0	0	0	1	0.818132283599279
49	60	0	0	0	1	0.823416222939372
50	60	0	0	0	1	0.82859340869375
51	60	0	0	0	1	0.83366806915018
52	60	0	0	0	1	0.8386441862565
53	60	0	0	0	1	0.843525514392327
54	60	0	0	0	1	0.848315597386082
55	60	0	0	0	1	0.853017783970536
56	60	0	0	0	1	0.857635241845736
57	60	0	0	0	1	0.862170970497216
58	60	0	0	0	1	0.866627812899403
59	60	0	0	0	1	0.871008466218584
60	60	0	0	0	1	0.875315491616326
61	60	0	0	0	1	0.879551323242586
62	60	0	0	0	1	0.883718276497566
63	60	0	0	0	1	0.887818555632538
64	60	0	0	0	1	0.891854260752099
65	60	0	0	0	1	0.895827394273546
66	60	0	0	0	1	0.899739866893111
67	60	0	0	0	1	0.903593503103555
68	60	0	0	0	1	0.907390046303
69	60	0	0	0	1	0.911131163530822
70	60	0	0	0	1	0.914818449862783
71	60	0	0	0	1	0.918453432494428
72	60	0	0	0	1	0.922037574538902
73	60	0	0	0	1	0.92557227856281
74	60	0	0	0	1	0.929058889881537
75	60	0	0	0	1	0.932498699633373
76	60	0	0	0	1	0.935892947650036
77	60	0	0	0	1	0.939242825139568
78	60	0	0	0	1	0.942549477196122
79	60	0	0	0	1	0.945814005149876
80	60	0	0	0	1	0.949037468769146
81	60	0	0	0	1	0.952220888325704
82	60	0	0	0	1	0.955365246533386
83	60	0	0	0	1	0.958471490369197
84	60	0	0	0	1	0.961540532785358
85	60	0	0	0	1	0.964573254320047
86	60	0	0	0	1	0.967570504613928
87	60	0	0	0	1	0.970533103839025
88	60	0	0	0	1	0.973461844045932
89	60	0	0	0	1	0.976357490434905
90	60	0	0	0	1	0.979220782555949
91	60	0	0	0	1	0.982052435442579
92	60	0	0	0	1	0.984853140683642
93	60	0	0	0	1	0.987623567437188
94	60	0	0	0	1	0.990364363390123
95	60	0	0	0	1	0.993076155667083
96	60	0	0	0	1	0.995759551691722
97	60	0	0	0	1	0.998415140003372
98	60	0	0	0	1	1.00104349103182
99	60	0	0	0	1	1.00364515783273
100	60	0	0	0	1	1.00622067678619
101	60	0	0	0	1	1.00877056826038
102	60	0	0	0	1	1.01129533724262
103	60	0	0	0	1	1.01379547393968
104	60	0	0	0	1	1.01627145434894
105	60	0	0	0	1	1.01872374080241
106	60	0	0	0	1	1.02115278248477
107	60	0	0	0	1	1.02355901592727
108	60	0	0	0	1	1.02594286547852
109	60	0	0	0	1	1.02830474375366
110	60	0	0	0	1	1.03064505206298
111	60	0	0	0	1	1.03296418082116
112	60	0	0	0	1	1.03526250993818
113	60	0	0	0	1	1.0375404091928
114	60	0	0	0	1	1.03979823858966
115	60	0	0	0	1	1.04203634870069
116	60	0	0	0	1	1.04425508099185
117	60	0	0	0	1	1.04645476813574
118	60	0	0	0	1	1.04863573431103
119	60	0	0	0	1	1.05079829548908
120	60	0	0	0	1	1.05294275970877
121	60	0	0	0	1	1.05506942733976
122	60	0	0	0	1	1.05717859133503
123	60	0	0	0	1	1.05927053747301
124	60	0	0	0	1	1.06134554459001
125	60	0	0	0	1	1.06340388480324
126	60	0	0	0	1	1.06544582372498
127	60	0	0	0	1	1.06747162066827
128	60	0	0	0	1	1.06948152884454
129	60	0	0	0	1	1.07147579555355
130	60	0	0	0	1	1.07345466236599
131	60	0	0	0	1	1.07541836529909
132	60	0	0	0	1	1.07736713498555
133	60	0	0	0	1	1.07930119683612
134	60	0	0	0	1	1.081220771196
135	60	0	0	0	1	1.08312607349557
136	60	0	0	0	1	1.08501731439544
137	60	0	0	0	1	1.08689469992623
138	60	0	0	0	1	1.08875843162326
139	60	0	0	0	1	1.0906087066564
140	60	0	0	0	1	1.09244571795523
141	60	0	0	0	1	1.09426965432975
142	60	0	0	0	1	1.09608070058687
143	60	0	0	0	1	1.09787903764277
144	60	0	0	0	1	1.09966484263134
145	60	0	0	0	1	1.10143828900889
146	60	0	0	0	1	1.10319954665525
147	60	0	0	0	1	1.10494878197144
148	60	0	0	0	1	1.10668615797398
149	60	0	0	0	1	1.1084118343861
150	60	0	0	0	1	1.11012596772582
151	60	0	0	0	1	1.11182871139115
152	60	0	0	0	1	1.11352021574248
153	60	0	0	0	1	1.11520062818225
154	60	0	0	0	1	1.11687009323201
155	60	0	0	0	1	1.11852875260706
156	60	0	0	0	1	1.12017674528856
157	60	0	0	0	1	1.12181420759351
158	60	0	0	0	1	1.12344127324232
159	60	0	0	0	1	1.12505807342439
160	60	0	0	0	1	1.12666473686159
161	60	0	0	0	1	1.12826138986972
162	60	0	0	0	1	1.12984815641815
163	60	0	0	0	1	1.13142515818753
164	60	0	0	0	1	1.13299251462583
165	60	0	0	0	1	1.1345503430026
166	60	0	0	0	1	1.13609875846164
167	60	0	0	0	1	1.13763787407205
168	60	0	0	0	1	1.1391678008778
169	60	0	0	0	1	1.14068864794578
170	60	0	0	0	1	1.14220052241249
171	60	0	0	0	1	1.14370352952928
172	60	0	0	0	1	1.14519777270637
173	60	0	0	0	1	1.14668335355551
174	60	0	0	0	1	1.14816037193147
175	60	0	0	0	1	1.14962892597227
176	60	0	0	0	1	1.15108911213837
177	60	0	0	0	1	1.15254102525065
178	60	0	0	0	1	1.15398475852735
179	60	0	0	0	1	1.15542040362001
180	60	0	0	0	1	1.15684805064839
181	60	0	0	0	1	1.15826778823438
182	60	0	0	0	1	1.15967970353502
183	60	0	0	0	1	1.16108388227465
184	60	0	0	0	1	1.16248040877608
185	60	0	0	0	1	1.16386936599103
186	60	0	0	0	1	1.16525083552963
187	60	0	0	0	1	1.16662489768928
188	60	0	0	0	1	1.16799163148257
189	60	0	0	0	1	1.1693511146646
190	60	0	0	0	1	1.17070342375953
191	60	0	0	0	1	1.17204863408635
192	60	0	0	0	1	1.17338681978416
193	60	0	0	0	1	1.17471805383661
194	60	0	0	0	1	1.17604240809581
195	60	0	0	0	1	1.17735995330561
196	60	0	0	0	1	1.17867075912426
197	60	0	0	0	1	1.17997489414651
198	60	0	0	0	1	1.18127242592518
199	60	0	0	0	1	1.1825634209921
200	60	0	0	0	1	1.18384794487864
