Web	Ecotype	Site	Latitude	Species	Links	Connectance	LS	LinkSD	Gen	GenSD	Vul	VulSD	SWTL	Basal	Herbivores	Intermediate	Toppreds
PrestonFL.web	lake	Quick	37.66	71	2049	0.205911525491	14.6197183099	21.1467698672	17.593220339	14.4387879721	14.6197183099	7.15495730282	1.88732394366	0.169014084507	0.056338028169	0.746478873239	0.0281690140845
AmundsenFL.web	lake	Takvatn	69.11666667	38	441	0.154432132964	5.86842105263	9.23669215653	7.43333333333	4.93749824191	5.86842105263	5.12563758618	2.34210526316	0.210526315789	0.0263157894737	0.526315789474	0.236842105263
ThompsonFL.web	estuary	Otago	45.85777778	69	988	0.103759714346	7.15942028986	15.5497048439	7.71875	10.4425044141	7.15942028986	6.94830432532	2.08695652174	0.0724637681159	0.0869565217391	0.811594202899	0.0289855072464
WEB3.web	estuary	Woodwell	41.05305556	24	68	0.0590277777778	1.41666666667	1.88745860882	1.7	0.781024967591	1.41666666667	1.38192699598	2.20833333333	0.166666666667	0.375	0.0833333333333	0.375
WEB5.web	estuary	Sapelo	31.47722222	7	12	0.122448979592	0.857142857143	1.34011878852	1.5	0.866025403784	0.857142857143	0.638876565	1.85714285714	0.428571428571	0.285714285714	0.0	0.285714285714
WEB6.web	estuary	Elkhorn	36.805	25	88	0.0704	1.76	2.47935475477	1.91304347826	1.17632602248	1.76	1.88212645696	2.84	0.08	0.24	0.32	0.36
WEB7.web	marine	Narragansett	41.625	20	68	0.085	1.7	2.45560583156	2.0	1.32842232831	1.7	1.67630546142	2.45	0.15	0.25	0.4	0.2
WEB8.web	estuary	Bissel	41.55	15	50	0.111111111111	1.66666666667	2.40831891576	2.27272727273	1.28564869307	1.66666666667	1.65998661307	1.86666666667	0.266666666667	0.2	0.266666666667	0.266666666667
WEB10.web	marine	NewEnglandshore	44	5	12	0.24	1.2	1.29614813968	2.0	0.0	1.2	0.748331477355	1.8	0.4	0.4	0.0	0.2
WEB11.web	marine	NewEnglandshore	44	8	20	0.15625	1.25	1.43614066163	2.0	1.09544511501	1.25	0.661437827766	1.75	0.375	0.5	0.0	0.125
WEB12.web	marine	Washingtonshore	47.375	13	52	0.153846153846	2.0	2.51151195651	2.6	2.24499443206	2.0	1.17669681083	2.0	0.230769230769	0.538461538462	0.0769230769231	0.153846153846
WEB13.web	marine	Washingtonshore	47.375	13	58	0.171597633136	2.23076923077	2.9078551033	2.9	2.62488094968	2.23076923077	1.18671143235	2.07692307692	0.230769230769	0.461538461538	0.153846153846	0.153846153846
WEB18.web	terrestrial	Kapingamarangi	1.065555556	27	80	0.0548696844993	1.48148148148	2.65429227662	2.10526315789	2.31459299235	1.48148148148	1.57222113161	1.96296296296	0.296296296296	0.222222222222	0.148148148148	0.333333333333
WEB21.web	marine	RossSea	77.5	10	42	0.21	2.1	3.28176781628	3.0	0.925820099773	2.1	1.7	2.2	0.3	0.0	0.6	0.1
WEB22.web	terrestrial	BearIsland	74.465	25	92	0.0736	1.84	2.68387779155	2.42105263158	1.66435666325	1.84	1.59197989937	1.92	0.24	0.36	0.2	0.2
WEB23.web	terrestrial	Aspen	50.42138889	15	50	0.111111111111	1.66666666667	2.2656860624	1.78571428571	0.860113898485	1.66666666667	1.92064803879	2.46666666667	0.0666666666667	0.333333333333	0.266666666667	0.333333333333
WEB24.web	terrestrial	Aspen	50.42138889	12	28	0.0972222222222	1.16666666667	1.65831239518	1.75	0.829156197589	1.16666666667	0.986013297183	2.08333333333	0.333333333333	0.166666666667	0.166666666667	0.333333333333
WEB25.web	terrestrial	Aspen	50.42138889	25	78	0.0624	1.56	2.42882687732	1.77272727273	1.31189724451	1.56	2.04117613155	2.32	0.12	0.4	0.16	0.32
WEB26.web	terrestrial	Aspen	50.42138889	34	116	0.0501730103806	1.70588235294	2.81370841014	2.32	2.03410914161	1.70588235294	1.68957724898	2.14705882353	0.264705882353	0.235294117647	0.294117647059	0.205882352941
WEB28.web	estuary	Hoopers	45.85833333	45	98	0.0241975308642	1.08888888889	2.11835016166	1.28947368421	0.508242313574	1.08888888889	1.97565429075	2.33333333333	0.155555555556	0.177777777778	0.0444444444444	0.622222222222
WEB33.web	lake	LakeMalawi	11.61083333	34	104	0.0449826989619	1.52941176471	3.31401553435	1.85714285714	1.21638474042	1.52941176471	3.13645823218	1.97058823529	0.176470588235	0.205882352941	0.0588235294118	0.558823529412
WEB34.web	stream	Sawdde	51.8	12	54	0.1875	2.25	2.76511000384	3.375	1.31695671911	2.25	1.42156017577	1.83333333333	0.333333333333	0.333333333333	0.166666666667	0.166666666667
WEB35.web	stream	Morgans	37.30722222	13	72	0.213017751479	2.76923076923	3.26900451706	3.27272727273	1.21287855128	2.76923076923	2.39081081045	2.15384615385	0.153846153846	0.307692307692	0.153846153846	0.384615384615
WEB37.web	marine	Sealab	41.04694444	20	76	0.095	1.9	2.62106848442	2.11111111111	1.36986977844	1.9	2.23383079037	2.3	0.1	0.3	0.15	0.45
WEB38.web	lake	LakeMalawi	11.61083333	31	188	0.0978147762747	3.03225806452	5.20825407501	3.35714285714	2.5384793777	3.03225806452	4.83591317038	2.09677419355	0.0967741935484	0.290322580645	0.0645161290323	0.548387096774
WEB39.web	lake	LakeMalawi	11.61083333	38	150	0.0519390581717	1.97368421053	3.56119824834	2.34375	2.18816954039	1.97368421053	3.05637248096	2.13157894737	0.157894736842	0.236842105263	0.0526315789474	0.552631578947
WEB43.web	marine	DelMar	32.95	21	82	0.092970521542	1.95238095238	2.61731544451	2.41176470588	1.08783776523	1.95238095238	1.67548686531	2.19047619048	0.190476190476	0.333333333333	0.238095238095	0.238095238095
WEB44.web	marine	Guerrero	17.43916667	12	58	0.201388888889	2.41666666667	3.13249102154	3.22222222222	1.81216738114	2.41666666667	1.84654331718	1.83333333333	0.25	0.333333333333	0.333333333333	0.0833333333333
WEB45.web	stream	Conesville	41.38194444	11	40	0.165289256198	1.81818181818	2.42916167562	2.0	1.41421356237	1.81818181818	2.03685059113	2.18181818182	0.0909090909091	0.454545454545	0.0909090909091	0.363636363636
WEB46.web	lake	Texoma	33.9	19	136	0.18836565097	3.57894736842	5.05701564188	5.66666666667	3.56682242651	3.57894736842	2.36900577577	1.73684210526	0.368421052632	0.105263157895	0.421052631579	0.105263157895
WEB51.web	marine	CapeAnn	42.64888889	25	92	0.0736	1.84	2.81481793372	2.19047619048	2.17384994486	1.84	1.43331782937	2.2	0.16	0.4	0.28	0.16
WEB52.web	marine	TorchBay	58.45	22	70	0.0723140495868	1.59090909091	2.4767514047	1.75	1.04283268073	1.59090909091	2.22912724277	2.36363636364	0.0909090909091	0.318181818182	0.0454545454545	0.545454545455
WEB53.web	marine	CapeFlattery	48.93333333	22	62	0.0640495867769	1.40909090909	2.16327346078	1.55	1.2835497653	1.40909090909	1.80048202912	2.27272727273	0.0909090909091	0.5	0.0	0.409090909091
WEB57.web	marine	Guerrero	17.43916667	9	38	0.234567901235	2.11111111111	2.65971315635	3.16666666667	1.06718737291	2.11111111111	1.28620410031	1.77777777778	0.333333333333	0.222222222222	0.333333333333	0.111111111111
WEB58.web	lake	LakePoletskoye	51.76666667	18	44	0.0679012345679	1.22222222222	1.84591641398	1.69230769231	0.721602424588	1.22222222222	0.916245694582	2.22222222222	0.277777777778	0.222222222222	0.277777777778	0.222222222222
WEB59.web	terrestrial	Trelease	40.16305556	30	132	0.0733333333333	2.2	3.18538328411	2.75	1.92028643697	2.2	2.46846781088	2.23333333333	0.2	0.366666666667	0.166666666667	0.266666666667
WEB60.web	terrestrial	Kaibab	36.54166667	34	138	0.0596885813149	2.02941176471	2.72197897681	2.46428571429	1.11746341765	2.02941176471	2.34502344297	1.97058823529	0.176470588235	0.382352941176	0.0882352941176	0.352941176471
WEB61.web	terrestrial	Spitsbergen	77.875	9	22	0.135802469136	1.22222222222	1.68874268373	1.57142857143	0.903507902905	1.22222222222	1.39664501	2.0	0.222222222222	0.222222222222	0.111111111111	0.444444444444
WEB62.web	terrestrial	Spitsbergen	77.875	12	26	0.0902777777778	1.08333333333	1.67705098312	1.44444444444	0.95581391856	1.08333333333	1.03749163317	2.08333333333	0.25	0.333333333333	0.166666666667	0.25
WEB63.web	stream	Rheidol	52.41888889	18	150	0.231481481481	4.16666666667	4.65772953749	5.76923076923	2.69340636923	4.16666666667	2.69258240357	1.88888888889	0.277777777778	0.388888888889	0.222222222222	0.111111111111
WEB64.web	stream	Linesville	41.65916667	19	56	0.0775623268698	1.47368421053	2.47312423673	1.64705882353	1.02562328083	1.47368421053	2.3701747893	2.15789473684	0.105263157895	0.368421052632	0.0	0.526315789474
WEB65.web	stream	Yoshino	34.37236111	16	86	0.16796875	2.6875	3.49385621484	3.07142857143	2.9146008233	2.6875	2.63909904134	2.0625	0.125	0.5	0.0	0.375
WEB66.web	stream	Thames	51.5	10	36	0.18	1.8	2.58456959666	2.57142857143	2.06031501455	1.8	0.979795897113	1.8	0.3	0.3	0.3	0.1
WEB67.web	stream	Keokuk	40.40444444	21	124	0.140589569161	2.95238095238	4.41241291757	3.26315789474	3.65401157004	2.95238095238	1.98748921473	2.28571428571	0.0952380952381	0.333333333333	0.47619047619	0.0952380952381
WEB70.web	estuary	Crystal	28.90222222	14	56	0.142857142857	2.0	2.75162289775	2.33333333333	1.31233464567	2.0	2.0	2.28571428571	0.142857142857	0.285714285714	0.285714285714	0.285714285714
WEB71.web	lake	Rybinsk	48	16	64	0.125	2.0	2.52487623459	2.46153846154	1.00883669605	2.0	1.45773797371	2.25	0.1875	0.125	0.625	0.0625
WEB72.web	lake	Heney	46.03333333	17	64	0.110726643599	1.88235294118	2.58154214794	2.66666666667	1.24721912892	1.88235294118	1.27797417544	2.11764705882	0.294117647059	0.235294117647	0.352941176471	0.117647058824
WEB74.web	marine	CapePeninsula	34.25	21	72	0.0816326530612	1.71428571429	2.55284288642	1.89473684211	0.967619805834	1.71428571429	2.35317125726	2.09523809524	0.0952380952381	0.428571428571	0.190476190476	0.285714285714
WEB75.web	lake	Kuhtai	47.18333333	9	28	0.172839506173	1.55555555556	2.07275090069	2.33333333333	1.10554159679	1.55555555556	1.06574033851	1.77777777778	0.333333333333	0.222222222222	0.333333333333	0.111111111111
WEB76.web	lake	Neusiedlersee	47.8	14	34	0.0867346938776	1.21428571429	1.5600235477	1.54545454545	0.782029569731	1.21428571429	1.01267477705	2.14285714286	0.214285714286	0.285714285714	0.214285714286	0.285714285714
WEB78.web	lake	LakeGeorge	0	16	54	0.10546875	1.6875	2.16956936971	1.92857142857	1.33439583516	1.6875	1.26089006261	2.3125	0.125	0.375	0.3125	0.1875
WEB84.web	lake	UMichigan	42.47833333	12	46	0.159722222222	1.91666666667	2.3407619842	2.3	1.1	1.91666666667	1.1873172374	2.5	0.166666666667	0.25	0.416666666667	0.166666666667
WEB86.web	marine	Suruga	35.11666667	16	74	0.14453125	2.3125	3.03430902348	2.64285714286	1.58597166508	2.3125	1.6092991487	2.8125	0.125	0.1875	0.625	0.0625
WEB87.web	terrestrial	PondInlet	72.776375	12	40	0.138888888889	1.66666666667	2.51661147842	2.0	0.774596669241	1.66666666667	1.97202659437	2.41666666667	0.166666666667	0.166666666667	0.166666666667	0.5
WEB89.web	stream	Shepreth	52.21666667	18	64	0.0987654320988	1.77777777778	2.41906011745	2.28571428571	1.27775313	1.77777777778	1.58308964986	2.05555555556	0.222222222222	0.333333333333	0.277777777778	0.166666666667
WEB93.web	terrestrial	Beartooth	45	26	140	0.103550295858	2.69230769231	3.93512478844	2.8	2.2627416998	2.69230769231	3.56013429705	2.38461538462	0.0384615384615	0.384615384615	0.153846153846	0.423076923077
WEB95.web	terrestrial	Prudhow	70.18727222	10	24	0.12	1.2	1.50996688705	1.5	0.707106781187	1.2	0.979795897113	2.1	0.2	0.3	0.2	0.3
WEB99.web	terrestrial	Cactus	32.6	48	276	0.0598958333333	2.875	4.58200738396	3.53846153846	3.33471371813	2.875	2.99043614433	2.16666666667	0.1875	0.291666666667	0.166666666667	0.354166666667
WEB102.web	marine	Pacific	2.5	9	54	0.333333333333	3.0	3.34995854037	3.85714285714	1.55182578446	3.0	1.56347191994	1.88888888889	0.222222222222	0.111111111111	0.555555555556	0.111111111111
WEB104.web	marine	Taboguilla	48.01111111	27	124	0.0850480109739	2.2962962963	3.82433188979	2.48	2.67013108292	2.2962962963	2.62205481784	2.2962962963	0.0740740740741	0.444444444444	0.259259259259	0.222222222222
WEB105.web	marine	Maine	42.66666667	10	44	0.22	2.2	2.66082693913	2.75	1.78535710714	2.2	1.16619037897	2.2	0.2	0.4	0.3	0.1
WEB107.web	marine	Barnegat	39.86722222	10	28	0.14	1.4	1.82208671583	1.75	1.08972473589	1.4	1.2	2.1	0.2	0.4	0.2	0.2
WEB108.web	marine	Monterey	36.61666667	14	40	0.102040816327	1.42857142857	1.96914982173	2.0	1.48323969742	1.42857142857	1.04978131834	1.92857142857	0.285714285714	0.357142857143	0.142857142857	0.214285714286
WEB110.web	marine	CapeAnn	42.64888889	13	46	0.136094674556	1.76923076923	2.71637593585	2.3	2.53179778023	1.76923076923	1.42255707761	1.84615384615	0.230769230769	0.461538461538	0.153846153846	0.153846153846
WEB111.web	marine	CapeAnn	42.64888889	19	72	0.0997229916898	1.89473684211	2.74694491594	2.4	2.02649122048	1.89473684211	1.71356006275	2.10526315789	0.210526315789	0.315789473684	0.157894736842	0.315789473684
WEB112.web	marine	CapeAnn	42.64888889	14	34	0.0867346938776	1.21428571429	1.73352301422	1.7	1.00498756211	1.21428571429	1.31901323662	1.85714285714	0.285714285714	0.285714285714	0.0714285714286	0.357142857143
WEB113.web	marine	CapeAnn	42.64888889	11	24	0.099173553719	1.09090909091	1.43739893644	1.71428571429	0.699854212224	1.09090909091	0.792527080644	1.90909090909	0.363636363636	0.272727272727	0.0909090909091	0.272727272727
WEB114.web	lake	McIlwaine	17.90330556	18	68	0.104938271605	1.88888888889	2.93762312587	2.61538461538	1.82033224095	1.88888888889	2.10525503572	1.88888888889	0.277777777778	0.166666666667	0.166666666667	0.388888888889
WEB116.web	lake	Bakersfield	35.15527778	7	29	0.30612244898	2.14285714286	2.31675353432	2.5	1.25830573921	2.14285714286	1.24539969815	2.14285714286	0.142857142857	0.285714285714	0.428571428571	0.142857142857
WEB117.web	lake	Gatun	9.192083333	12	28	0.0972222222222	1.16666666667	1.60727512683	1.55555555556	0.684934889219	1.16666666667	0.986013297183	2.08333333333	0.25	0.25	0.25	0.25
WEB118.web	lake	Leven	56.68853056	14	43	0.112244897959	1.57142857143	2.51119940446	2.44444444444	1.49897084036	1.57142857143	1.1157499537	2.21428571429	0.357142857143	0.214285714286	0.285714285714	0.142857142857
WEB119.web	stream	Thames	51.45	10	26	0.13	1.3	2.17485631709	2.16666666667	2.19215773966	1.3	1.1874342087	1.6	0.4	0.4	0.0	0.2
WEB120.web	lake	LakeGeorge	0.016111111	14	32	0.0816326530612	1.14285714286	1.34011878852	1.45454545455	0.655554777357	1.14285714286	0.914732033919	2.07142857143	0.214285714286	0.428571428571	0.142857142857	0.214285714286
WEB121.web	estuary	Wadden	53.29166667	12	60	0.208333333333	2.5	2.90114919759	3.33333333333	1.6996731712	2.5	1.25830573921	1.91666666667	0.25	0.166666666667	0.5	0.0833333333333
WEB122.web	estuary	Narragansett	41.55111111	9	16	0.0987654320988	0.888888888889	1.51535352189	1.14285714286	0.349927106112	0.888888888889	1.28620410031	2.0	0.222222222222	0.111111111111	0.111111111111	0.555555555556
WEB123.web	terrestrial	Pawnee	40.75777778	133	831	0.0235174402171	3.12781954887	6.90672615557	11.5555555556	5.21985762069	3.12781954887	3.32548494702	1.27067669173	0.729323308271	0.0751879699248	0.0451127819549	0.15037593985
WEB124.web	stream	Yellowstone	44.56666667	11	32	0.132231404959	1.45454545455	1.9112541856	2.28571428571	0.880630571853	1.45454545455	1.6160353486	1.63636363636	0.363636363636	0.181818181818	0.0	0.454545454545
WEB126.web	lake	Ovre	61.43333333	27	96	0.0658436213992	1.77777777778	3.85861230093	2.66666666667	3.69684550214	1.77777777778	1.83249138916	1.81481481481	0.333333333333	0.407407407407	0.037037037037	0.222222222222
WEB130.web	estuary	NorthRiver	27.2	14	34	0.0867346938776	1.21428571429	1.85301739587	1.7	0.640312423743	1.21428571429	1.01267477705	2.28571428571	0.285714285714	0.142857142857	0.357142857143	0.214285714286
WEB131.web	lake	WMalaysia	42.10277778	19	70	0.0969529085873	1.84210526316	2.97868698881	2.1875	1.94353897568	1.84210526316	2.10920683258	2.10526315789	0.157894736842	0.157894736842	0.315789473684	0.368421052632
WEB132.web	lake	WMalaysia	42.10277778	18	84	0.12962962963	2.33333333333	4.0138648596	2.8	2.87981480886	2.33333333333	2.60341655864	2.05555555556	0.166666666667	0.0555555555556	0.555555555556	0.222222222222
WEB133.web	lake	Sri Lanka	78.72777778	8	20	0.15625	1.25	1.75	1.66666666667	0.471404520791	1.25	1.47901994577	1.875	0.25	0.25	0.0	0.5
WEB134.web	lake	Madagascar	19	11	38	0.157024793388	1.72727272727	2.55032002529	2.375	1.4086784587	1.72727272727	1.86308195745	1.72727272727	0.272727272727	0.181818181818	0.363636363636	0.181818181818
WEB135.web	lake	Seychelles	46.79444444	5	12	0.24	1.2	1.44222051019	2.0	0.0	1.2	0.979795897113	1.6	0.4	0.2	0.0	0.4
WEB137.web	lake	HongKong	22.25833333	11	28	0.115702479339	1.27272727273	1.6663911618	1.75	1.08972473589	1.27272727273	1.21287855128	1.81818181818	0.272727272727	0.363636363636	0.0909090909091	0.272727272727
WEB140.web	terrestrial	RanchoGranda	10.35	7	16	0.163265306122	1.14285714286	1.53861851632	2.0	0.707106781187	1.14285714286	1.55182578446	1.57142857143	0.428571428571	0.0	0.0	0.571428571429
WEB143.web	lake	TownCreek	34.69583333	12	28	0.0972222222222	1.16666666667	1.84842275107	1.55555555556	0.95581391856	1.16666666667	1.62446572413	1.83333333333	0.25	0.333333333333	0.0	0.416666666667
WEB151.web	terrestrial	Oxshott	21.33444444	23	96	0.0907372400756	2.08695652174	3.64440166777	2.28571428571	2.96234876476	2.08695652174	1.76716534199	2.4347826087	0.0869565217391	0.347826086957	0.391304347826	0.173913043478
WEB153.web	terrestrial	Urbana	40.11055556	7	16	0.163265306122	1.14285714286	1.34011878852	1.33333333333	0.471404520791	1.14285714286	1.24539969815	2.14285714286	0.142857142857	0.571428571429	0.0	0.285714285714
WEB154.web	terrestrial	Champaign	39.94472222	15	54	0.12	1.8	2.58456959666	1.92857142857	1.27974806194	1.8	2.25684145064	2.26666666667	0.0666666666667	0.466666666667	0.133333333333	0.333333333333
WEB180.web	terrestrial	DukeForest	36.01722222	47	122	0.0276143051154	1.29787234043	3.48397352538	1.38636363636	1.56982785812	1.29787234043	3.00294106628	2.46808510638	0.063829787234	0.127659574468	0.255319148936	0.553191489362
WEB181.web	terrestrial	DukeForest	36.01722222	89	228	0.0143921222068	1.2808988764	5.88077479443	1.34117647059	1.07979236758	1.2808988764	5.8193570131	2.19101123596	0.0449438202247	0.112359550562	0.0674157303371	0.775280898876
WEB182.web	terrestrial	DukeForest	36.01722222	90	298	0.0183950617284	1.65555555556	4.85565725802	1.73255813953	2.11541638435	1.65555555556	4.35676003754	2.47777777778	0.0444444444444	0.177777777778	0.188888888889	0.588888888889
WEB183.web	terrestrial	DukeForest	36.01722222	36	94	0.0362654320988	1.30555555556	4.08219938904	1.38235294118	0.686624560584	1.30555555556	4.0539380336	2.19444444444	0.0555555555556	0.0833333333333	0.194444444444	0.666666666667
WEB202.web	stream	Cement	38.83916667	18	42	0.0648148148148	1.16666666667	3.83333333333	5.25	6.79613860953	1.16666666667	0.763762615826	1.22222222222	0.777777777778	0.166666666667	0.0	0.0555555555556
WEB203.web	stream	Yellowstone	44.4	15	86	0.191111111111	2.86666666667	3.3486315613	3.07142857143	2.78937488425	2.86666666667	2.6549743669	2.26666666667	0.0666666666667	0.6	0.0	0.333333333333
WEB204.web	lake	LakeMalawi	11.61083333	33	108	0.0495867768595	1.63636363636	3.42410833741	1.92857142857	1.33439583516	1.63636363636	3.23632958784	2.0303030303	0.151515151515	0.242424242424	0.0606060606061	0.545454545455
WEB205.web	stream	Broadstone	51.01805556	24	182	0.157986111111	3.79166666667	5.84834378264	4.55	4.67413093526	3.79166666667	3.51163739902	1.83333333333	0.166666666667	0.5	0.166666666667	0.166666666667
WEB206.web	stream	Sawdde	51.8	29	210	0.12485136742	3.62068965517	5.10403072166	4.77272727273	1.70378771036	3.62068965517	4.58192696328	1.93103448276	0.241379310345	0.413793103448	0.0689655172414	0.275862068966
WEB207.web	stream	DeepCreek	42.09166667	32	280	0.13671875	4.375	6.99665098458	9.33333333333	6.37355648145	4.375	3.53332350628	1.46875	0.53125	0.25	0.03125	0.1875
WEB208.web	stream	DoeRun	37.93333333	11	60	0.247933884298	2.72727272727	3.31038935564	3.33333333333	2.35702260396	2.72727272727	2.04898684902	2.0	0.181818181818	0.181818181818	0.454545454545	0.181818181818
WEB209.web	stream	Morgans	37.30722222	24	188	0.163194444444	3.91666666667	5.00624609863	4.47619047619	2.93775177432	3.91666666667	3.63910092682	2.08333333333	0.125	0.375	0.25	0.25
WEB213.web	stream	Dinmael	53	34	212	0.0916955017301	3.11764705882	5.27086396338	4.24	2.78969532387	3.11764705882	4.61305504158	1.79411764706	0.264705882353	0.235294117647	0.0882352941176	0.411764705882
WEB214.web	stream	Martins	44.67888889	92	360	0.0212665406427	1.95652173913	4.62681017557	4.86486486486	3.04171148624	1.95652173913	3.97796387582	1.40217391304	0.597826086957	0.0	0.0	0.402173913043
WEB215.web	stream	Martins	40.68111111	129	686	0.0206117420828	2.65891472868	6.4158094127	6.01754385965	4.23225388118	2.65891472868	5.60245810396	1.44186046512	0.558139534884	0.0	0.0	0.441860465116
WEB216.web	stream	Coweeta	35.04722222	68	252	0.0272491349481	1.85294117647	4.42185121483	4.2	2.58714772159	1.85294117647	3.96033534633	1.44117647059	0.558823529412	0.0	0.0	0.441176470588
WEB217.web	stream	Coweeta	35.04722222	78	296	0.0243261012492	1.89743589744	5.11851648873	4.48484848485	3.38554155841	1.89743589744	4.47669103872	1.42307692308	0.576923076923	0.0	0.0	0.423076923077
WEB218.web	stream	Powder	45.79	99	536	0.0273441485563	2.70707070707	6.51301350872	5.82608695652	3.82386299001	2.70707070707	5.86593061025	1.46464646465	0.535353535354	0.010101010101	0.0	0.454545454545
WEB219.web	stream	NorthCol	44.64	103	482	0.0227165614101	2.33980582524	6.13150418545	4.54716981132	3.54255018332	2.33980582524	5.60781943337	1.5145631068	0.485436893204	0.0	0.0	0.514563106796
WEB220.web	stream	Venlaw	46.29	81	374	0.0285017527816	2.30864197531	5.32737149633	5.19444444444	3.82113598906	2.30864197531	4.51784384088	1.44444444444	0.555555555556	0.0123456790123	0.0	0.432098765432
WEB221.web	stream	CraggyTor	46.41	59	220	0.0316001149095	1.86440677966	4.9655521186	3.23529411765	2.05882352941	1.86440677966	4.80979800527	1.57627118644	0.423728813559	0.0	0.0	0.576271186441
WEB222.web	stream	Berwick	45.94	88	480	0.0309917355372	2.72727272727	6.20516979876	5.71428571429	3.80028641957	2.72727272727	5.5590370175	1.47727272727	0.522727272727	0.0	0.0	0.477272727273
WEB223.web	stream	AkatoreA	46.08	93	454	0.026245808764	2.44086021505	6.00875185503	5.53658536585	3.74880508426	2.44086021505	5.32080995854	1.44086021505	0.559139784946	0.0	0.0	0.440860215054
WEB224.web	stream	AkatoreB	46.08	66	234	0.0268595041322	1.77272727273	4.52898531561	4.17857142857	3.48520927255	1.77272727273	3.77309235181	1.42424242424	0.575757575758	0.0	0.0	0.424242424242
WEB225.web	stream	Control	46.115	80	309	0.02421875	1.9375	5.84279738225	3.60465116279	2.96600533867	1.9375	5.39755442307	1.5375	0.4625	0.0	0.0125	0.525
WEB226.web	stream	Dempsters	45.61	107	1931	0.0843741811512	9.02803738318	13.9989143983	16.9473684211	10.3947035309	9.02803738318	9.57065017364	1.57943925234	0.467289719626	0.18691588785	0.224299065421	0.121495327103
WEB227.web	stream	German	44.97	84	705	0.0500283446712	4.20238095238	8.22429514379	9.80555555556	4.82366529867	4.20238095238	6.13495015291	1.42857142857	0.571428571429	0.22619047619	0.0595238095238	0.142857142857
WEB228.web	stream	Healy	44.95	96	1268	0.0687934027778	6.60416666667	11.465925515	12.9387755102	8.08477572358	6.60416666667	8.44032874393	1.58333333333	0.489583333333	0.177083333333	0.125	0.208333333333
WEB229.web	stream	KyeBurn	44.96	98	1258	0.0654935443565	6.41836734694	11.7110364903	15.725	9.90703664069	6.41836734694	7.79707358681	1.4387755102	0.591836734694	0.204081632653	0.0408163265306	0.163265306122
WEB230.web	stream	LittleKye	45	78	750	0.0616370808679	4.80769230769	8.12036546627	10.4166666667	4.62706410397	4.80769230769	5.87706906786	1.5	0.538461538462	0.230769230769	0.0512820512821	0.179487179487
WEB231.web	stream	Stony	45.58	112	1662	0.0663265306122	7.42857142857	13.4504001913	16.9795918367	9.9272656817	7.42857142857	10.054063043	1.46428571429	0.5625	0.178571428571	0.0803571428571	0.178571428571
WEB232.web	stream	Sutton	45.61	86	846	0.0571930773391	4.91860465116	11.6190954986	18.3913043478	15.5276447175	4.91860465116	4.58819292664	1.27906976744	0.732558139535	0.116279069767	0.0348837209302	0.116279069767
WEB233.web	stream	Blackrock	45.782	86	750	0.0507030827474	4.36046511628	8.38775182909	10.1351351351	6.83853217284	4.36046511628	5.74033624876	1.45348837209	0.56976744186	0.174418604651	0.0813953488372	0.174418604651
WEB234.web	stream	Broad	45.803	94	1129	0.0639429606157	6.01063829787	10.7277568421	13.7804878049	8.5383273484	6.01063829787	7.65547319278	1.46808510638	0.563829787234	0.148936170213	0.0531914893617	0.234042553191
WEB235.web	stream	Canton	45.752	108	1415	0.0606995884774	6.55555555556	11.6849063769	13.6153846154	9.24694096227	6.55555555556	8.74042686191	1.48148148148	0.518518518519	0.157407407407	0.0462962962963	0.277777777778
WEB236.web	stream	Venlaw	46.29	69	335	0.0352867044739	2.4347826087	6.32555154864	4.30769230769	4.04559808994	2.4347826087	5.33372714362	1.59420289855	0.434782608696	0.231884057971	0.0434782608696	0.289855072464
WEB237.web	stream	CraggyTor	46.41	57	284	0.0437057556171	2.49122807018	5.96295117401	3.94444444444	3.24845642357	2.49122807018	5.38393584272	1.66666666667	0.368421052632	0.157894736842	0.0526315789474	0.421052631579
WEB238.web	stream	Berwick	45.94	72	428	0.0412808641975	2.97222222222	7.07483149911	5.48717948718	4.60697239071	2.97222222222	5.81657646115	1.55555555556	0.458333333333	0.236111111111	0.0555555555556	0.25
WEB239.web	stream	AkatoreA	46.08	69	376	0.0394875026255	2.72463768116	6.56660893209	5.69696969697	4.71287629145	2.72463768116	5.56876396655	1.49275362319	0.521739130435	0.0289855072464	0.0	0.449275362319
WEB240.web	stream	AkatoreB	46.08	67	310	0.0345288482958	2.31343283582	5.52640031737	4.30555555556	2.76706266689	2.31343283582	4.88436113919	1.58208955224	0.462686567164	0.149253731343	0.0149253731343	0.373134328358
WEB241.web	stream	Control	46.115	69	307	0.0323461457677	2.23188405797	5.31182651686	4.27777777778	3.27966047625	2.23188405797	4.47908158138	1.55072463768	0.478260869565	0.217391304348	0.0434782608696	0.260869565217
WEB242.web	stream	Venlaw	46.29	81	576	0.0438957475995	3.55555555556	7.92713732522	6.4	4.89625707386	3.55555555556	6.79869268479	1.59259259259	0.444444444444	0.271604938272	0.037037037037	0.246913580247
WEB243.web	stream	CraggyTor	46.41	39	206	0.0677186061801	2.64102564103	5.01260737956	3.96153846154	2.82135768232	2.64102564103	4.29362783363	1.69230769231	0.333333333333	0.307692307692	0.025641025641	0.333333333333
WEB244.web	stream	Berwick	45.94	70	363	0.0371428571429	2.6	6.14398660713	5.05555555556	4.32656166054	2.6	4.94657168437	1.57142857143	0.485714285714	0.228571428571	0.0428571428571	0.242857142857
WEB245.web	stream	AkatoreA	46.08	55	258	0.0426446280992	2.34545454545	4.99874364381	5.86363636364	4.4034640759	2.34545454545	3.73298896483	1.41818181818	0.6	0.0545454545455	0.0	0.345454545455
WEB246.web	stream	AkatoreB	46.08	59	292	0.0419419706981	2.47457627119	5.56340280157	4.86666666667	3.88787288315	2.47457627119	4.57093222774	1.5593220339	0.491525423729	0.0847457627119	0.0677966101695	0.35593220339
WEB247.web	stream	Control	46.115	49	216	0.0449812578092	2.20408163265	4.82315323867	4.5	3.0550504633	2.20408163265	3.82782291103	1.55102040816	0.510204081633	0.183673469388	0.0612244897959	0.244897959184
WEB249.web	stream	Parana	24.5	40	366	0.115625	4.625	6.58241027284	5.13888888889	2.58363200185	4.625	5.14629721256	2.15	0.1	0.15	0.75	0.0
WEB250.web	lake	Itaipu	22.96055556	32	274	0.1357421875	4.34375	5.7734745009	4.96428571429	3.20136291129	4.34375	4.08204433311	2.09375	0.125	0.1875	0.65625	0.03125
WEB251.web	lake	Itaipu	22.96055556	33	278	0.129476584022	4.27272727273	5.79612295611	5.03571428571	3.23465766412	4.27272727273	4.03974742139	2.06060606061	0.151515151515	0.181818181818	0.636363636364	0.030303030303
WEB252.web	stream	Corrente	18.66666667	13	67	0.201183431953	2.61538461538	3.15290792799	3.77777777778	1.81216738114	2.61538461538	2.16753889286	1.76923076923	0.307692307692	0.153846153846	0.384615384615	0.153846153846
WEB253.web	marine	Angola	11.125	28	251	0.161989795918	4.53571428571	5.90366973386	4.88461538462	2.42307692308	4.53571428571	4.23827915599	2.42857142857	0.0714285714286	0.178571428571	0.642857142857	0.107142857143
WEB254.web	stream	Pantanal	21	39	496	0.163050624589	6.35897435897	8.95418978986	7.08571428571	5.84256024394	6.35897435897	5.86378358421	2.0	0.102564102564	0.282051282051	0.538461538462	0.0769230769231
WEB255.web	stream	Pantanal	21	39	458	0.150558842867	5.87179487179	8.01613264879	6.54285714286	4.82459684263	5.87179487179	5.70280851717	2.02564102564	0.102564102564	0.282051282051	0.538461538462	0.0769230769231
WEB257.web	estuary	Mondego	40.13333333	38	478	0.167590027701	6.36842105263	11.0316844109	7.8064516129	8.9997109446	6.36842105263	4.83638105586	1.81578947368	0.184210526316	0.473684210526	0.315789473684	0.0263157894737
WEB258.web	estuary	Mondego	40.13333333	33	358	0.167125803489	5.51515151515	9.83304150475	7.0	7.88377106173	5.51515151515	4.22202889703	1.78787878788	0.212121212121	0.424242424242	0.333333333333	0.030303030303
WEB259.web	estuary	Mondego	40.13333333	26	203	0.152366863905	3.96153846154	6.91677063205	5.42105263158	5.89661624175	3.96153846154	3.26379638824	1.73076923077	0.269230769231	0.423076923077	0.269230769231	0.0384615384615
WEB260.web	estuary	Mondego	40.13333333	27	259	0.181069958848	4.88888888889	8.13315118193	6.28571428571	6.7973584305	4.88888888889	3.4569664858	1.77777777778	0.222222222222	0.444444444444	0.296296296296	0.037037037037
WEB261.web	estuary	Mondego	40.13333333	21	131	0.151927437642	3.19047619048	5.76819805863	4.1875	4.51689536629	3.19047619048	2.93775177432	1.7619047619	0.238095238095	0.52380952381	0.238095238095	0.0
WEB262.web	estuary	Mondego	40.13333333	22	163	0.171487603306	3.77272727273	6.20333821089	5.1875	5.30587822608	3.77272727273	2.72916600951	1.72727272727	0.272727272727	0.454545454545	0.227272727273	0.0454545454545
WEB263.web	lake	Vilnas	45.98055556	77	1896	0.161578681059	12.4415584416	19.0505005691	12.6052631579	14.2127434918	12.4415584416	8.85598118596	2.44155844156	0.012987012987	0.337662337662	0.649350649351	0.0
WEB264.web	terrestrial	Konza	39.1075	12	38	0.131944444444	1.58333333333	2.47907913011	2.71428571429	1.82946406784	1.58333333333	1.03749163317	1.83333333333	0.416666666667	0.333333333333	0.166666666667	0.0833333333333
WEB265.web	marine	Tapong	22.45	30	132	0.0733333333333	2.2	3.49475797922	5.07692307692	2.94726831703	2.2	2.63818119165	1.43333333333	0.566666666667	0.0	0.0	0.433333333333
WEB266.web	marine	Antarctica	64.5	28	431	0.27806122449	7.78571428571	9.19266566567	8.38461538462	3.87374717293	7.78571428571	6.51567967542	2.57142857143	0.0714285714286	0.0	0.785714285714	0.142857142857
WEB267.web	marine	Huizache	23.025	26	372	0.279585798817	7.26923076923	8.63433698369	8.21739130435	4.5774164133	7.26923076923	6.04825271849	1.88461538462	0.115384615385	0.0384615384615	0.807692307692	0.0384615384615
WEB268.web	marine	Alvarado	18.79166667	30	448	0.254444444444	7.63333333333	8.97756462893	8.48148148148	3.40337926153	7.63333333333	5.72412050498	1.96666666667	0.1	0.0	0.9	0.0
WEB269.web	lake	Qiandaohu	29.54305556	17	99	0.173010380623	2.94117647059	3.45409841315	3.84615384615	2.14282896572	2.94117647059	1.86202256369	1.94117647059	0.235294117647	0.235294117647	0.411764705882	0.117647058824
WEB270.web	marine	SanSimon	42.30916667	26	140	0.103550295858	2.69230769231	3.94488658614	4.375	2.20439901107	2.69230769231	2.10802917016	1.88461538462	0.384615384615	0.307692307692	0.115384615385	0.192307692308
WEB272.web	lake	LakeCrescent	48.05805556	6	14	0.194444444444	1.16666666667	1.38443731049	2.33333333333	0.942809041582	1.16666666667	0.897527467856	1.5	0.5	0.166666666667	0.0	0.333333333333
WEB273.web	stream	Ivishak	69.01666667	45	385	0.0953086419753	4.28888888889	7.72978845957	12.0625	5.66203088565	4.28888888889	4.41523736481	1.37777777778	0.644444444444	0.222222222222	0.0666666666667	0.0666666666667
WEB274.web	stream	Ivishak	69.01666667	38	314	0.108725761773	4.13157894737	6.60148770272	10.4666666667	4.51466745422	4.13157894737	4.40795365239	1.39473684211	0.605263157895	0.184210526316	0.0526315789474	0.157894736842
WEB275.web	stream	Ivishak	69.01666667	42	364	0.103741496599	4.35714285714	7.73970679189	13.0714285714	4.49546256502	4.35714285714	4.01082718325	1.35714285714	0.666666666667	0.190476190476	0.119047619048	0.0238095238095
WEB276.web	stream	Ivishak	69.01666667	37	300	0.109569028488	4.05405405405	6.51334529333	11.5384615385	3.36532966988	4.05405405405	4.13257295644	1.35135135135	0.648648648649	0.162162162162	0.0540540540541	0.135135135135
WEB277.web	lake	Ciso	42.12583333	8	22	0.171875	1.375	1.8915932438	2.75	1.47901994577	1.375	0.992156741649	1.5	0.5	0.375	0.0	0.125
WEB278.web	lake	Ontario	43.7	22	155	0.163223140496	3.59090909091	4.84746674917	4.38888888889	2.26418709692	3.59090909091	2.46168993892	2.22727272727	0.181818181818	0.136363636364	0.545454545455	0.136363636364
WEB279.web	lake	Ontario	43.7	22	151	0.159090909091	3.5	4.74581155049	4.27777777778	1.99459145234	3.5	2.58931370339	2.22727272727	0.181818181818	0.136363636364	0.545454545455	0.136363636364
WEB280.web	stream	Duffin	43.96666667	45	384	0.0948148148148	4.26666666667	9.32666428401	5.33333333333	1.22474487139	4.26666666667	9.79886614756	1.8	0.2	0.0888888888889	0.0	0.711111111111
WEB281.web	stream	Duffin	44.96666667	39	292	0.0959894806049	3.74358974359	8.19679063572	4.86666666667	1.08730042869	3.74358974359	8.64904900276	1.76923076923	0.230769230769	0.0769230769231	0.0	0.692307692308
WEB282.web	stream	Duffin	45.96666667	35	220	0.0897959183673	3.14285714286	6.99562545525	4.23076923077	0.932642742537	3.14285714286	7.39939324595	1.74285714286	0.257142857143	0.0	0.0	0.742857142857
WEB283.web	stream	Duffin	46.96666667	32	212	0.103515625	3.3125	6.94762774262	4.24	0.861626369142	3.3125	7.45585969222	1.78125	0.21875	0.0	0.0	0.78125
WEB284.web	stream	Duffin	47.96666667	31	204	0.106139438085	3.29032258065	6.86543772615	4.25	1.05079335108	3.29032258065	7.34492824088	1.77419354839	0.225806451613	0.0	0.0	0.774193548387
WEB285.web	stream	Duffin	48.96666667	37	240	0.0876552227904	3.24324324324	7.33453960019	4.28571428571	1.12938487863	3.24324324324	7.71592038056	1.75675675676	0.243243243243	0.0540540540541	0.0	0.702702702703
WEB286.web	stream	Duffin	49.96666667	31	200	0.104058272633	3.22580645161	6.89613745212	4.0	0.748331477355	3.22580645161	7.41711045997	1.8064516129	0.193548387097	0.0	0.0	0.806451612903
WEB287.web	stream	Duffin	50.96666667	32	204	0.099609375	3.1875	6.93412079863	4.25	0.924211375534	3.1875	7.3630729828	1.75	0.25	0.0	0.0	0.75
WEB288.web	estuary	Goose	30.09416667	48	439	0.0959201388889	4.60416666667	6.73831936885	5.2619047619	3.11722956829	4.60416666667	4.32405858412	2.10416666667	0.125	0.145833333333	0.541666666667	0.1875
WEB289.web	lake	Hayq	11.25	15	83	0.186666666667	2.8	3.23728281125	3.23076923077	0.973008510821	2.8	2.66333124739	2.06666666667	0.133333333333	0.2	0.533333333333	0.133333333333
WEB290.web	marine	NWCoast	45.5	26	156	0.115384615385	3.0	4.16025147169	5.2	2.71293199325	3.0	3.93211628281	1.57692307692	0.423076923077	0.0	0.0	0.576923076923
WEB291.web	marine	NWCoast	45.5	25	172	0.1376	3.44	4.58030566666	7.16666666667	3.8042374035	3.44	3.61198006639	1.48	0.52	0.0	0.0	0.48
WEB292.web	marine	NWCoast	45.5	26	176	0.130177514793	3.38461538462	4.36093470248	6.28571428571	3.08055123612	3.38461538462	3.94263600884	1.53846153846	0.461538461538	0.0	0.0	0.538461538462
WEB293.web	marine	NWCoast	45.5	24	156	0.135416666667	3.25	4.33733789322	6.0	3.23443016025	3.25	3.84328418587	1.54166666667	0.458333333333	0.0	0.0	0.541666666667
WEB296.web	lake	Mandena	24.91666667	11	38	0.157024793388	1.72727272727	2.16470561814	2.71428571429	1.57790871674	1.72727272727	1.3545149478	1.63636363636	0.363636363636	0.272727272727	0.0909090909091	0.272727272727
WEB297.web	stream	LerderdergA	37.66666667	21	100	0.113378684807	2.38095238095	3.81011900112	3.33333333333	1.73845397472	2.38095238095	3.69653879906	1.85714285714	0.285714285714	0.285714285714	0.0	0.428571428571
WEB298.web	stream	LerderdergB	37.66666667	21	100	0.113378684807	2.38095238095	3.77243853721	3.57142857143	1.76126114371	2.38095238095	3.69653879906	1.71428571429	0.333333333333	0.238095238095	0.0	0.428571428571
WEB299.web	stream	LerderdergC	37.66666667	23	92	0.0869565217391	2.0	3.36219390073	2.875	1.76334199746	2.0	3.06452351073	1.82608695652	0.304347826087	0.260869565217	0.0434782608696	0.391304347826
WEB300.web	stream	LerderdergA	37.66666667	27	112	0.076817558299	2.07407407407	3.97005250248	2.8	1.4	2.07407407407	3.78031868073	1.92592592593	0.259259259259	0.407407407407	0.0	0.333333333333
WEB301.web	stream	LerderdergB	37.66666667	25	104	0.0832	2.08	3.82371547059	2.88888888889	1.52347880009	2.08	3.67608487388	1.88	0.28	0.32	0.0	0.4
WEB302.web	stream	LerderdergC	37.66666667	28	122	0.077806122449	2.17857142857	4.12882475743	2.90476190476	1.44435722744	2.17857142857	3.99154080014	1.92857142857	0.25	0.392857142857	0.0	0.357142857143
WEB303.web	stream	LerderdergA	37.66666667	32	146	0.0712890625	2.28125	4.75790871208	2.92	1.8529975715	2.28125	4.48772196526	1.9375	0.21875	0.40625	0.0	0.375
WEB304.web	stream	LerderdergB	37.66666667	31	142	0.0738813735692	2.29032258065	4.97140627318	2.95833333333	1.92525250869	2.29032258065	4.78029252977	1.87096774194	0.225806451613	0.387096774194	0.0	0.387096774194
WEB305.web	stream	LerderdergC	37.66666667	27	124	0.0850480109739	2.2962962963	4.95494100159	2.95238095238	1.88922232618	2.2962962963	4.82903881867	1.85185185185	0.222222222222	0.37037037037	0.0	0.407407407407
WEB306.web	stream	LerderdergA	37.66666667	49	278	0.057892544773	2.83673469388	6.79597965285	3.475	3.33157245156	2.83673469388	6.10903291981	2.02040816327	0.183673469388	0.448979591837	0.0612244897959	0.30612244898
WEB307.web	stream	LerderdergB	37.66666667	52	298	0.0551035502959	2.86538461538	6.87690264151	3.54761904762	3.33953504714	2.86538461538	6.21421709331	1.96153846154	0.192307692308	0.442307692308	0.0576923076923	0.307692307692
WEB308.web	stream	LerderdergC	37.66666667	51	286	0.0549788542868	2.80392156863	6.76947828247	3.575	3.32330784009	2.80392156863	6.11657858945	1.90196078431	0.21568627451	0.372549019608	0.0392156862745	0.372549019608
WEB309.web	marine	Faroe	61.24111111	16	122	0.23828125	3.8125	5.06404297474	5.54545454545	3.774643544	3.8125	2.65091375756	1.6875	0.3125	0.1875	0.375	0.125
WEB310.web	lake	Kelavarapalli	12.75694444	14	98	0.25	3.5	3.81257318431	4.45454545455	1.30479091767	3.5	2.89704282724	1.92857142857	0.214285714286	0.0714285714286	0.571428571429	0.142857142857
WEB320.web	marine	NCC	45.5	84	2540	0.180980725624	15.2023809524	21.0971896603	18.2428571429	10.0646988661	15.2023809524	13.2725816216	1.88095238095	0.166666666667	0.0357142857143	0.619047619048	0.178571428571
WEB321.web	marine	NCC	45.5	84	2589	0.184523809524	15.5	21.5845513538	18.6	10.1057268064	15.5	13.6132813301	1.86904761905	0.166666666667	0.0357142857143	0.630952380952	0.166666666667
WEB322.web	marine	NCC	45.5	84	2552	0.18183106576	15.2738095238	21.0501405783	18.3285714286	10.1301832286	15.2738095238	13.6070282876	1.84523809524	0.166666666667	0.0357142857143	0.607142857143	0.190476190476
WEB323.web	marine	NCC	45.5	84	2641	0.18820861678	15.8095238095	21.8721548198	18.9714285714	10.3785099792	15.8095238095	13.8774193004	1.84523809524	0.166666666667	0.0357142857143	0.630952380952	0.166666666667
WEB324.web	marine	NCC	45.5	84	2641	0.18820861678	15.8095238095	21.7766960257	18.9714285714	10.6636517848	15.8095238095	13.6882606903	1.83333333333	0.166666666667	0.0357142857143	0.619047619048	0.178571428571
WEB327.web	stream	Gingham	29.21666667	58	192	0.0285374554102	1.65517241379	4.76211765562	12.0	6.14410286372	1.65517241379	1.75726790431	1.13793103448	0.862068965517	0.0	0.0	0.137931034483
WEB328.web	stream	Gwydir	29.33333333	51	146	0.0280661284121	1.43137254902	3.48815758932	9.125	3.55096817784	1.43137254902	1.10710542851	1.1568627451	0.843137254902	0.0	0.0	0.156862745098
WEB329.web	stream	Mehi	29.58333333	68	206	0.0222750865052	1.51470588235	3.69012171478	10.3	2.7946377225	1.51470588235	1.20650987976	1.14705882353	0.852941176471	0.0	0.0	0.147058823529
WEB330.web	stream	Gingham	29.21666667	29	70	0.0416171224732	1.20689655172	4.53825069621	17.5	5.5	1.20689655172	0.549564739673	1.06896551724	0.931034482759	0.0	0.0	0.0689655172414
WEB331.web	stream	Gwydir	29.33333333	27	52	0.0356652949246	0.962962962963	3.45815669637	13.0	4.0	0.962962962963	0.33126933	1.07407407407	0.925925925926	0.0	0.0	0.0740740740741
WEB332.web	stream	Heizhuchong	31.7	20	108	0.135	2.7	4.4192759588	3.85714285714	0.914732033919	2.7	4.80728613669	1.7	0.3	0.0	0.0	0.7
WEB333.web	marine	NEShelf	39.33333333	85	3127	0.218131487889	18.5411764706	26.1990834252	19.7	17.4931415132	18.5411764706	13.3861675236	2.23529411765	0.0588235294118	0.0235294117647	0.858823529412	0.0588235294118
WEB334.web	lake	MonegrosA	41.44333333	13	51	0.153846153846	2.0	3.18651002726	2.6	1.49666295471	2.0	3.06343196181	1.76923076923	0.230769230769	0.0769230769231	0.0769230769231	0.615384615385
WEB335.web	lake	MonegrosB	41.43472222	15	75	0.168888888889	2.53333333333	3.23728281125	3.45454545455	1.8763424946	2.53333333333	2.6549743669	1.8	0.266666666667	0.466666666667	0.133333333333	0.133333333333
WEB336.web	lake	MonegrosA	41.44333333	7	24	0.244897959184	1.71428571429	1.7842851424	3.0	1.22474487139	1.71428571429	1.57790871674	1.57142857143	0.428571428571	0.142857142857	0.0	0.428571428571
WEB337.web	lake	MonegrosB	41.43472222	8	27	0.21875	1.75	2.13600093633	3.5	0.866025403784	1.75	1.47901994577	1.5	0.5	0.0	0.125	0.375
WEB339.web	marine	AustraliaShelf	38	31	192	0.0998959417274	3.09677419355	5.14978556477	6.4	3.44093010682	3.09677419355	4.48908956004	1.48387096774	0.516129032258	0.0	0.0	0.483870967742
WEB340.web	marine	RossSea	76	24	76	0.0659722222222	1.58333333333	2.76511000384	2.0	1.0760551737	1.58333333333	1.63086548257	2.625	0.208333333333	0.0833333333333	0.458333333333	0.25
WEB341.web	marine	Weddel	59.26	46	262	0.0619092627599	2.84782608696	4.82926843822	8.73333333333	4.3736585245	2.84782608696	2.90402562649	1.32608695652	0.673913043478	0.0	0.0	0.326086956522
WEB342.web	marine	Weddel	58.875	56	356	0.0567602040816	3.17857142857	5.09313764004	6.35714285714	3.79110128849	3.17857142857	4.33056884608	1.5	0.5	0.0	0.0	0.5
WEB343.web	lake	Queensland	28.2	12	57	0.201388888889	2.41666666667	3.73887237903	3.22222222222	2.34652356466	2.41666666667	1.32024829315	2.08333333333	0.25	0.333333333333	0.333333333333	0.0833333333333
WEB345.web	lake	Constance	47.63611111	23	198	0.187145557656	4.30434782609	6.02750469551	6.1875	4.01899785394	4.30434782609	2.38536812597	1.91304347826	0.304347826087	0.0869565217391	0.521739130435	0.0869565217391
WEB346.web	stream	Mulgrave	17.11666667	62	422	0.0548907388137	3.40322580645	6.12735545823	6.59375	5.63393387763	3.40322580645	4.67822573694	1.51612903226	0.483870967742	0.0	0.0	0.516129032258
WEB347.web	stream	Itatinga	23.05	106	620	0.0275898896404	2.92452830189	8.71357035289	3.13131313131	3.90194580997	2.92452830189	7.78568850727	2.10377358491	0.0660377358491	0.443396226415	0.122641509434	0.367924528302
WEB348.web	marine	Chesapeake	37.21666667	25	90	0.072	1.8	3.09192496675	4.09090909091	1.78144708566	1.8	2.69814751265	1.44	0.56	0.0	0.0	0.44
WEB349.web	marine	Chesapeake	37.21666667	22	68	0.0702479338843	1.54545454545	2.83134754589	3.09090909091	1.31110955471	1.54545454545	2.67526163083	1.5	0.5	0.0	0.0	0.5
WEB350.web	marine	Chesapeake	37.21666667	25	80	0.064	1.6	2.54558441227	3.63636363636	1.22643068757	1.6	2.09761769634	1.44	0.56	0.04	0.0	0.4
WEB354.web	terrestrial		18.05	44	436	0.112603305785	4.95454545455	7.27343746532	5.73684210526	4.99306998974	4.95454545455	3.86684358862	2.13636363636	0.136363636364	0.227272727273	0.454545454545	0.181818181818
WEB355.web	lake	Tuesday	46.21666667	21	138	0.160997732426	3.38095238095	4.85924324334	5.46153846154	3.17721175816	3.38095238095	1.70367084	1.80952380952	0.380952380952	0.333333333333	0.285714285714	0.0
WEB356.web	lake	Tuesday	46.21666667	20	108	0.14	2.8	4.28719022205	4.0	3.09377254682	2.8	1.98997487421	1.9	0.3	0.35	0.3	0.05
Alamitos.web	stream	Alamitos	37.20694444	159	7347	0.145761639176	23.1761006289	38.3126994683	24.0849673203	28.9588275935	23.1761006289	19.6736054036	2.06918238994	0.0377358490566	0.459119496855	0.471698113208	0.0314465408805
Alford.web	lake	Alford	44.26155278	56	436	0.0698341836735	3.91071428571	9.30501085657	6.84375	10.2868525768	3.91071428571	2.96573759625	1.60714285714	0.428571428571	0.446428571429	0.107142857143	0.0178571428571
BahiaDunne.web	estuary	Bahia	30.445	119	2152	0.0760539509922	9.05042016807	17.0772078772	10.5588235294	11.892140698	9.05042016807	8.9900493446	2.23529411765	0.142857142857	0.319327731092	0.470588235294	0.0672268907563
Beaver.web	lake	Beaver	44.31614722	61	649	0.0878796022575	5.3606557377	10.6349229238	9.61764705882	10.431893139	5.3606557377	3.43097169664	1.62295081967	0.44262295082	0.393442622951	0.16393442623	0.0
Bere.web	stream	Bere	50.75194444	137	2554	0.0680377217753	9.32116788321	17.8453628971	12.0471698113	11.9672367797	9.32116788321	13.8900449078	1.86131386861	0.226277372263	0.459854014599	0.226277372263	0.0875912408759
Bridge.web	lake	Bridge	44.16185	75	1100	0.0981333333333	7.36	13.869794519	15.3333333333	13.7214349752	7.36	4.09109602267	1.50666666667	0.52	0.32	0.146666666667	0.0133333333333
Broad.web	stream	Broad	45.896938	94	1129	0.0639429606157	6.01063829787	10.7277568421	13.7804878049	8.5383273484	6.01063829787	7.65547319278	1.46808510638	0.563829787234	0.148936170213	0.0531914893617	0.234042553191
Broadstone.web	stream	Broadstone	51.01805556	34	437	0.192041522491	6.52941176471	11.0711758299	7.65517241379	8.68719176906	6.52941176471	4.68561813436	1.85294117647	0.147058823529	0.558823529412	0.264705882353	0.0294117647059
Calero.web	stream	Calero	37.18736111	123	4077	0.135303060348	16.6422764228	26.5234641461	17.4957264957	19.7287693664	16.6422764228	15.1776097828	2.08943089431	0.0487804878049	0.414634146341	0.49593495935	0.0406504065041
Carpinteria2006.web	estuary	Carpinteria	34.405	72	478	0.0461033950617	3.31944444444	5.94647226576	3.85483870968	3.9261192125	3.31944444444	3.94344177397	2.18055555556	0.138888888889	0.361111111111	0.0833333333333	0.416666666667
CarpinteriaDunne.web	estuary	Carpinteria	34.405	107	1933	0.0847235566425	9.06542056075	15.5628440114	10.2105263158	8.95943458841	9.06542056075	9.14807678888	2.27102803738	0.11214953271	0.242990654206	0.598130841121	0.0467289719626
Chub.web	lake	Chub	43.5276	65	829	0.0986982248521	6.41538461538	12.0628825782	13.03125	11.7725432018	6.41538461538	2.65962581343	1.55384615385	0.507692307692	0.307692307692	0.184615384615	0.0
Coachella.web	terrestrial	Coachella	33.9	26	439	0.337278106509	8.76923076923	10.7736254769	9.91304347826	6.0498871242	8.76923076923	4.8222855442	2.07692307692	0.115384615385	0.0769230769231	0.807692307692	0.0
Connery.web	lake	Connery	44.31169444	30	118	0.0666666666667	2.0	5.11207720338	5.45454545455	5.64661823755	2.0	1.94935886896	1.36666666667	0.633333333333	0.266666666667	0.0666666666667	0.0333333333333
Corte.web	stream	Corte	37.95097222	105	3471	0.158185941043	16.6095238095	26.602715835	17.6161616162	19.6246119801	16.6095238095	14.7024424522	2.05714285714	0.0571428571429	0.438095238095	0.409523809524	0.0952380952381
Coyote.web	stream	Coyote	37.88732222	188	9021	0.127999094613	24.0638297872	39.0069348804	24.8571428571	29.7949296625	24.0638297872	22.0141678319	2.13829787234	0.031914893617	0.38829787234	0.553191489362	0.0265957446809
EsteroDunne.web	estuary	Estero	31.735	138	3304	0.087009031716	12.0072463768	20.7601866494	13.3629032258	12.490857739	12.0072463768	11.8697620801	2.28985507246	0.101449275362	0.275362318841	0.557971014493	0.0652173913043
FjordDunne.web	estuary	Fjord	54.835	77	1156	0.0976555911621	7.51948051948	11.9406880187	8.15492957746	8.49299278249	7.51948051948	7.43737558379	2.20779220779	0.0779220779221	0.168831168831	0.636363636364	0.116883116883
GrandeCl.web	terrestrial	Grande	46.78583333	118	1944	0.0698075265728	8.23728813559	13.002629394	10.0206185567	10.8399598484	8.23728813559	6.24184616065	2.05084745763	0.177966101695	0.338983050847	0.474576271186	0.00847457627119
GrandeSc.web	terrestrial	Grande	46.78583333	152	3042	0.0660491689751	10.0394736842	16.4347372551	11.7384615385	13.67904284	10.0394736842	6.41121712206	2.11842105263	0.144736842105	0.381578947368	0.453947368421	0.0197368421053
Guadalupe.web	stream	Guadalupe	37.40986111	172	9108	0.154441590049	26.5639534884	42.3206124894	27.5240963855	32.3755637821	26.5639534884	21.7592931913	2.06395348837	0.0348837209302	0.46511627907	0.470930232558	0.0290697674419
LittleRock.web	lake	LittleRock	45.73553889	180	4727	0.0732098765432	13.1777777778	25.3476859927	13.251396648	9.61890804115	13.1777777778	20.6271545826	1.5	0.00555555555556	0.0	0.65	0.344444444444
Mondego.web	estuary	Mondego	40.13333333	48	551	0.12109375	5.8125	8.52806335479	7.34210526316	5.85920919664	5.8125	4.94408843132	1.91666666667	0.208333333333	0.354166666667	0.3125	0.125
OtagoDunne.web	estuary	Otago	45.83	123	2406	0.0797144556811	9.80487804878	18.0954899873	10.1344537815	12.1474999121	9.80487804878	10.5904225305	2.32520325203	0.0325203252033	0.357723577236	0.349593495935	0.260162601626
Reef.web	marine	Reef	18.18333333	50	1091	0.2224	11.12	15.581938262	11.829787234	9.74858232778	11.12	6.66525318349	2.18	0.06	0.06	0.88	0.0
Sierra.web	lake	Sierra	36.93333333	37	592	0.218407596786	8.08108108108	12.1780376867	8.79411764706	9.91961636997	8.08108108108	4.51650653312	2.16216216216	0.0810810810811	0.513513513514	0.297297297297	0.108108108108
SimberloffE1.web	terrestrial	SimberloffE1	24.677025	48	477	0.103732638889	4.97916666667	9.01842731578	5.43181818182	8.2141721413	4.97916666667	3.7108488659	2.22916666667	0.0833333333333	0.4375	0.375	0.104166666667
SimberloffE2.web	terrestrial	SimberloffE2	24.67583333	62	686	0.0894901144641	5.54838709677	10.9574429824	6.0350877193	10.3601207611	5.54838709677	3.74026659113	2.3064516129	0.0806451612903	0.435483870968	0.403225806452	0.0806451612903
SimberloffE3.web	terrestrial	SimberloffE3	24.68995	50	483	0.0972	4.86	9.15975982218	5.28260869565	8.20037921572	4.86	3.77894165078	2.24489795918	0.08	0.54	0.28	0.1
SimberloffE7.web	terrestrial	SimberloffE7	25.25	52	504	0.0935650887574	4.86538461538	9.30175032838	5.16326530612	8.50293332045	4.86538461538	3.59502244646	2.3137254902	0.0576923076923	0.423076923077	0.423076923077	0.0961538461538
SimberloffE9.web	terrestrial	SimberloffE9	25.04098333	70	884	0.0904081632653	6.32857142857	11.7772956946	7.03174603175	11.0611119938	6.32857142857	4.2517943391	2.27142857143	0.1	0.3	0.528571428571	0.0714285714286
SimberloffST2.web	terrestrial	SimberloffST2	24.60444444	53	596	0.106443574226	5.64150943396	10.0934931756	5.98	9.14656219571	5.64150943396	4.06129610143	2.35849056604	0.0566037735849	0.396226415094	0.452830188679	0.0943396226415
Skipwith.web	lake	Skipwith	53.66666667	35	749	0.310204081633	10.8571428571	14.0517992166	11.1764705882	11.5286614402	10.8571428571	4.89981257451	2.42857142857	0.0285714285714	0.428571428571	0.514285714286	0.0285714285714
Stink.web	lake	Stink	43.63218889	53	557	0.0996796012816	5.28301886792	10.0904065693	9.65517241379	9.99750266082	5.28301886792	3.37234792231	1.64150943396	0.452830188679	0.396226415094	0.132075471698	0.0188679245283
SyltDunne.web	estuary	Sylt	54.975	126	2099	0.066263542454	8.34920634921	16.1180921618	8.76666666667	9.485720262	8.34920634921	10.9554056095	2.37301587302	0.047619047619	0.0396825396825	0.698412698413	0.214285714286
Tuesday.web	lake	Tuesday	46.21666667	50	533	0.1076	5.38	9.38971778064	10.76	6.02846580815	5.38	4.91483468695	1.62	0.5	0.34	0.16	0.0
WEB294_rotated.web	lake	Constance	47.625	8	46	0.390625	3.125	3.52889855337	4.16666666667	1.06718737291	3.125	1.26861144564	1.875	0.25	0.125	0.625	0.0
YthanDunne.web	estuary	Ythan	57.30888889	91	836	0.050718512257	4.61538461538	10.130258984	4.8275862069	5.93103448276	4.61538461538	7.04579873379	2.43956043956	0.043956043956	0.373626373626	0.241758241758	0.340659340659
