Web	Ecotype	Ecotype2	Year_pub	Humans	Site	Latitude	Species	Links	Connectance	LS	LinkSD	Gen	GenSD	Vul	VulSD	Path	Clus
WEB3.web	estuary	estuary	1967	no	Woodwell	41.0530555556	24	34	0.0590277777778	1.41666666667	1.88745860882	1.7	0.781024967591	1.41666666667	1.38192699598	1.66666666667	0.1
WEB5.web	estuary	estuary	1962	no	Sapelo	31.4772222222	7	6	0.122448979592	0.857142857143	1.34011878852	1.5	0.866025403784	0.857142857143	0.638876565	0.333333333333	0.0
WEB6.web	estuary	estuary	1935	no	Elkhorn	36.805	25	44	0.0704	1.76	2.47935475477	1.91304347826	1.17632602248	1.76	1.88212645696	0.458333333333	0.0698039215686
WEB7.web	estuary	estuary	1978	yes	Narragansett	41.625	20	34	0.085	1.7	2.45560583156	2.0	1.32842232831	1.7	1.67630546142	0.289473684211	0.105882352941
WEB8.web	estuary	estuary	1973	no	Bissel	41.55	15	25	0.111111111111	1.66666666667	2.40831891576	2.27272727273	1.28564869307	1.66666666667	1.65998661307	0.257142857143	0.265277777778
WEB10.web	marine	marine	1976	no	NewEnglandshore	44	5	6	0.24	1.2	1.29614813968	2.0	0.0	1.2	0.748331477355	0.5	0.0
WEB11.web	marine	marine	1976	no	NewEnglandshore	44	8	10	0.15625	1.25	1.43614066163	2.0	1.09544511501	1.25	0.661437827766	0.285714285714	0.0
WEB12.web	marine	marine	1976	no	Washingtonshore	47.375	13	26	0.153846153846	2.0	2.51151195651	2.6	2.24499443206	2.0	1.17669681083	0.269230769231	0.179487179487
WEB13.web	marine	marine	1976	no	Washingtonshore	47.375	13	29	0.171597633136	2.23076923077	2.9078551033	2.9	2.62488094968	2.23076923077	1.18671143235	0.326923076923	0.319047619048
WEB17.web	marine	marine	1960	no	Marshall	9.75	14	23	0.117346938776	1.64285714286	2.57242044362	2.09090909091	1.9284730396	1.64285714286	0.894997434724	0.401098901099	0.503787878788
WEB18.web	terrestrial	terrestrial	1963	yes	Kapingamarangi	1.0655555556	27	41	0.0562414266118	1.51851851852	2.74349211247	2.15789473684	2.32295542008	1.51851851852	1.64137183749	0.132478632479	0.255102040816
WEB21.web	marine	marine	1979	no	RossSea	77.5	10	21	0.21	2.1	3.28176781628	3.0	0.925820099773	2.1	1.7	0.722222222222	0.717948717949
WEB23.web	terrestrial	terrestrial	1930	yes	Aspen	50.4213888889	12	13	0.0902777777778	1.08333333333	1.82002747232	2.6	1.49666295471	1.08333333333	1.38192699598	0.0984848484848	0.0
WEB24.web	terrestrial	terrestrial	1930	yes	Aspen	50.4213888889	12	18	0.125	1.5	2.17944947177	2.25	0.968245836552	1.5	1.25830573921	0.492424242424	0.311111111111
WEB25.web	terrestrial	terrestrial	1930	yes	Aspen	50.4213888889	25	39	0.0624	1.56	2.42882687732	1.77272727273	1.31189724451	1.56	2.04117613155	0.131666666667	0.0714285714286
WEB26.web	terrestrial	terrestrial	1930	yes	Aspen	50.4213888889	34	60	0.0519031141869	1.76470588235	2.92229231726	2.4	2.0591260282	1.76470588235	1.79965394597	0.176470588235	0.195440251572
WEB28.web	estuary	estuary	1956	no	Hoopers	45.85833333	45	49	0.0241975308642	1.08888888889	2.11835016166	1.28947368421	0.508242313574	1.08888888889	1.97565429075	1.0	0.107344632768
WEB33.web	lake	freshwater	1959	no	LakeMalawi	11.61083333	34	52	0.0449826989619	1.52941176471	3.31401553435	1.85714285714	1.21638474042	1.52941176471	3.13645823218	0.0766488413547	0.20574009324
WEB35.web	stream	freshwater	1967	no	Morgans	37.30722222	13	36	0.213017751479	2.76923076923	3.26900451706	3.27272727273	1.21287855128	2.76923076923	2.39081081045	0.435897435897	0.371626984127
WEB37.web	marine	marine	1967	no	Sealab	41.0469444444	25	47	0.0752	1.88	2.87694282182	1.95833333333	1.24093938432	1.88	2.43836010466	0.156666666667	0.177581594436
WEB43.web	marine	marine	1974	no	DelMar	32.95	21	41	0.092970521542	1.95238095238	2.61731544451	2.41176470588	1.08783776523	1.95238095238	1.67548686531	0.383333333333	0.165664160401
WEB45.web	stream	freshwater	1968	no	Conesville	41.38194444	11	20	0.165289256198	1.81818181818	2.42916167562	2.0	1.41421356237	1.81818181818	2.03685059113	0.236363636364	0.236363636364
WEB46.web	lake	freshwater	1975	no	Texoma	33.9	19	68	0.18836565097	3.57894736842	5.05701564188	5.66666666667	3.56682242651	3.57894736842	2.36900577577	0.350877192982	0.595292608626
WEB52.web	marine	marine	1980	no	TorchBay	58.45	22	35	0.0723140495868	1.59090909091	2.4767514047	1.75	1.04283268073	1.59090909091	2.22912724277	0.145021645022	0.0831381733021
WEB53.web	marine	marine	1980	no	CapeFlattery	48.93333333	22	31	0.0640495867769	1.40909090909	2.16327346078	1.55	1.2835497653	1.40909090909	1.80048202912	0.11038961039	0.0
WEB58.web	terrestrial	terrestrial	1961	no	LakePoletskoye	51.7666666667	18	22	0.0679012345679	1.22222222222	1.84591641398	1.69230769231	0.721602424588	1.22222222222	0.916245694582	0.549019607843	0.446846846847
WEB59.web	terrestrial	terrestrial	1945	no	Trelease	40.1630555556	30	66	0.0733333333333	2.2	3.18538328411	2.75	1.92028643697	2.2	2.46846781088	0.193103448276	0.0721791559001
WEB60.web	terrestrial	terrestrial	1941	no	Kaibab	36.54166667	33	66	0.0606060606061	2.0	2.76339711883	2.44444444444	1.13311544747	2.0	2.38683256576	0.181818181818	0.0519413919414
WEB61.web	terrestrial	terrestrial	1928	no	Spitsbergen	77.875	9	11	0.135802469136	1.22222222222	1.68874268373	1.57142857143	0.903507902905	1.22222222222	1.39664501	0.236111111111	0.444444444444
WEB62.web	terrestrial	terrestrial	1928	no	Spitsbergen	77.875	12	13	0.0902777777778	1.08333333333	1.67705098312	1.44444444444	0.95581391856	1.08333333333	1.03749163317	0.356060606061	0.125
WEB63.web	stream	freshwater	1950	no	Rheidol	52.41888889	18	75	0.231481481481	4.16666666667	4.65772953749	5.76923076923	2.69340636923	4.16666666667	2.69258240357	0.421568627451	0.433693121693
WEB64.web	stream	freshwater	1966	no	Linesville	41.65916667	19	28	0.0775623268698	1.47368421053	2.47312423673	1.64705882353	1.02562328083	1.47368421053	2.3701747893	0.12865497076	0.0372549019608
WEB65.web	stream	freshwater	1972	no	Yoshino	34.37236111	16	43	0.16796875	2.6875	3.49385621484	3.07142857143	2.9146008233	2.6875	2.63909904134	0.220833333333	0.0
WEB66.web	stream	freshwater	1972	no	Thames	51.5	10	18	0.18	1.8	2.58456959666	2.57142857143	2.06031501455	1.8	0.979795897113	0.411111111111	0.5
WEB67.web	marine	marine	1968	no	Keokuk	40.40444444	21	62	0.140589569161	2.95238095238	4.41241291757	3.26315789474	3.65401157004	2.95238095238	1.98748921473	0.404761904762	0.348957896942
WEB70.web	estuary	estuary	1977	no	Crystal	28.9022222222	14	28	0.142857142857	2.0	2.75162289775	2.33333333333	1.31233464567	2.0	2.0	0.351648351648	0.216883116883
WEB71.web	lake	freshwater	1972	yes	Rybinsk	48	16	32	0.125	2.0	2.52487623459	2.46153846154	1.00883669605	2.0	1.45773797371	0.679166666667	0.42328042328
WEB72.web	lake	freshwater	1983	no	Heney	46.03333333	17	32	0.110726643599	1.88235294118	2.58154214794	2.66666666667	1.24721912892	1.88235294118	1.27797417544	0.533088235294	0.142076502732
WEB74.web	marine	marine	1964	no	CapePeninsula	34.25	21	36	0.0816326530612	1.71428571429	2.55284288642	1.89473684211	0.967619805834	1.71428571429	2.35317125726	0.185714285714	0.229376257545
WEB75.web	lake	freshwater	1972	no	Kuhtai	47.1833333333	9	14	0.172839506173	1.55555555556	2.07275090069	2.33333333333	1.10554159679	1.55555555556	1.06574033851	0.444444444444	0.377777777778
WEB76.web	lake	freshwater	1979	no	Neusiedlersee	47.8	14	17	0.0867346938776	1.21428571429	1.5600235477	1.54545454545	0.782029569731	1.21428571429	1.01267477705	1.33333333333	0.322580645161
WEB78.web	lake	freshwater	1972	yes	LakeGeorge	0	16	27	0.10546875	1.6875	2.16956936971	1.92857142857	1.33439583516	1.6875	1.26089006261	0.295833333333	0.304402515723
WEB84.web	lake	freshwater	1972	no	UMichigan	42.47833333	12	23	0.159722222222	1.91666666667	2.3407619842	2.3	1.1	1.91666666667	1.1873172374	0.598484848485	0.252898550725
WEB86.web	marine	marine	1979	yes	Suruga	35.1166666667	16	37	0.14453125	2.3125	3.03430902348	2.64285714286	1.58597166508	2.3125	1.6092991487	0.6	0.32545045045
WEB87.web	marine	marine	1982	no	PondInlet	72.776375	12	20	0.138888888889	1.66666666667	2.51661147842	2.0	0.774596669241	1.66666666667	1.97202659437	0.386363636364	0.322916666667
WEB89.web	stream	freshwater	1948	no	Shepreth	52.21666667	18	32	0.0987654320988	1.77777777778	2.41906011745	2.28571428571	1.27775313	1.77777777778	1.58308964986	0.290849673203	0.136111111111
WEB93.web	terrestrial	terrestrial	1966	no	Beartooth	45	26	70	0.103550295858	2.69230769231	3.93512478844	2.8	2.2627416998	2.69230769231	3.56013429705	0.16	0.0882769230769
WEB95.web	terrestrial	terrestrial	1975	no	Prudhow	70.1872722222	10	12	0.12	1.2	1.50996688705	1.5	0.707106781187	1.2	0.979795897113	0.288888888889	0.469696969697
WEB99.web	terrestrial	terrestrial	1954	no	Cactus	32.6	48	138	0.0598958333333	2.875	4.58200738396	3.53846153846	3.33471371813	2.875	2.99043614433	0.208333333333	0.115567087234
WEB102.web	marine	marine	1979	no	Pacific	2.5	9	27	0.333333333333	3.0	3.34995854037	3.85714285714	1.55182578446	3.0	1.56347191994	0.541666666667	0.818959435626
WEB104.web	marine	marine	1986	no	Taboguilla	4.801111111	27	62	0.0850480109739	2.2962962963	3.82433188979	2.48	2.67013108292	2.2962962963	2.62205481784	0.195156695157	0.234998064266
WEB105.web	marine	marine	1982	no	Maine	42.66666667	10	22	0.22	2.2	2.66082693913	2.75	1.78535710714	2.2	1.16619037897	0.511111111111	0.461363636364
WEB107.web	marine	marine	1979	no	Barnegat	39.86722222	10	14	0.14	1.4	1.82208671583	1.75	1.08972473589	1.4	1.2	0.311111111111	0.25641025641
WEB108.web	marine	marine	1937	no	Monterey	36.61666667	14	20	0.102040816327	1.42857142857	1.96914982173	2.0	1.48323969742	1.42857142857	1.04978131834	0.230769230769	0.144736842105
WEB114.web	lake	freshwater	1982	no	McIlwaine	17.9033055556	19	35	0.0969529085873	1.84210526316	2.94313605895	2.5	1.80277563773	1.84210526316	2.10920683258	0.213450292398	0.232366071429
WEB116.web	lake	freshwater	1972	no	Bakersfield	35.1552777778	7	15	0.30612244898	2.14285714286	2.31675353432	2.5	1.25830573921	2.14285714286	1.24539969815	0.47619047619	0.555555555556
WEB117.web	lake	freshwater	1983	no	Gatun	9.1920833333	13	15	0.0887573964497	1.15384615385	1.66587752521	1.5	0.67082039325	1.15384615385	0.948371385072	0.429487179487	0.173076923077
WEB118.web	lake	freshwater	1972	no	Leven	56.6885305556	14	22	0.112244897959	1.57142857143	2.51119940446	2.44444444444	1.49897084036	1.57142857143	1.1157499537	0.741758241758	0.319047619048
WEB119.web	stream	freshwater	1972	no	Thames	51.45	10	16	0.16	1.6	2.2627416998	2.28571428571	2.05038572777	1.6	1.2	0.244444444444	0.444444444444
WEB120.web	lake	freshwater	1973	yes	LakeGeorge	0.0161111111	16	19	0.07421875	1.1875	1.33023729086	1.46153846154	0.634323942403	1.1875	0.949917759598	1.4	0.0
WEB121.web	estuary	estuary	1977	no	Wadden	53.2916666667	12	30	0.208333333333	2.5	2.90114919759	3.33333333333	1.6996731712	2.5	1.25830573921	0.424242424242	0.473650793651
WEB122.web	estuary	estuary	1973	no	Narragansett	41.5511111111	9	8	0.0987654320988	0.888888888889	1.51535352189	1.14285714286	0.349927106112	0.888888888889	1.28620410031	1.0	0.5
WEB123.web	terrestrial	terrestrial	1972	no	Pawnee	40.75777778	133	416	0.0235174402171	3.12781954887	6.90672615557	11.5555555556	5.21985762069	3.12781954887	3.32548494702	0.0842447026658	0.0334763332397
WEB124.web	stream	freshwater	1976	no	Yellowstone	44.5666666667	11	16	0.132231404959	1.45454545455	1.9112541856	2.28571428571	0.880630571853	1.45454545455	1.6160353486	0.236363636364	0.0
WEB126.web	lake	freshwater	1978	no	Ovre	61.43333333	27	48	0.0658436213992	1.77777777778	3.85861230093	2.66666666667	3.69684550214	1.77777777778	1.83249138916	0.210826210826	0.0
WEB130.web	estuary	estuary	1975	no	NorthRiver	27.2	14	17	0.0867346938776	1.21428571429	1.85301739587	1.7	0.640312423743	1.21428571429	1.01267477705	2.32727272727	0.309523809524
WEB131.web	terrestrial	terrestrial	1985	no	WMalaysia	4.2102777778	19	35	0.0969529085873	1.84210526316	2.97868698881	2.1875	1.94353897568	1.84210526316	2.10920683258	0.216374269006	0.263120567376
WEB132.web	terrestrial	terrestrial	1985	no	WMalaysia	4.2102777778	18	42	0.12962962963	2.33333333333	4.0138648596	2.8	2.87981480886	2.33333333333	2.60341655864	0.267973856209	0.355555555556
WEB133.web	terrestrial	terrestrial	1985	no	Sri Lanka	7.8727777778	8	10	0.15625	1.25	1.75	1.66666666667	0.471404520791	1.25	1.47901994577	0.321428571429	0.555555555556
WEB134.web	terrestrial	terrestrial	1985	no	Madagascar	19	11	19	0.157024793388	1.72727272727	2.55032002529	2.375	1.4086784587	1.72727272727	1.86308195745	0.327272727273	0.385964912281
WEB135.web	terrestrial	terrestrial	1985	no	Seychelles	4.6794444444	5	6	0.24	1.2	1.44222051019	2.0	0.0	1.2	0.979795897113	0.5	0.777777777778
WEB137.web	terrestrial	terrestrial	1984	no	HongKong	22.25833333	11	14	0.115702479339	1.27272727273	1.6663911618	1.75	1.08972473589	1.27272727273	1.21287855128	0.218181818182	0.217948717949
WEB140.web	terrestrial	terrestrial	1979	no	RanchoGranda	10.35	7	8	0.163265306122	1.14285714286	1.53861851632	2.0	0.707106781187	1.14285714286	1.55182578446	0.190476190476	0.0
WEB143.web	terrestrial	terrestrial	1958	no	TownCreek	34.69583333	12	14	0.0972222222222	1.16666666667	1.84842275107	1.55555555556	0.95581391856	1.16666666667	1.62446572413	1.33333333333	0.0
WEB151.web	terrestrial	terrestrial	1926	no	Oxshott	21.3344444444	23	48	0.0907372400756	2.08695652174	3.64440166777	2.28571428571	2.96234876476	2.08695652174	1.76716534199	0.252964426877	0.195402298851
WEB153.web	terrestrial	terrestrial	1978	no	Urbana	40.1105555556	7	10	0.204081632653	1.42857142857	1.65369098611	1.66666666667	1.10554159679	1.42857142857	1.29362644831	0.333333333333	0.0
WEB154.web	terrestrial	terrestrial	1978	no	Champaign	39.9447222222	15	35	0.155555555556	2.33333333333	2.95522136791	2.5	1.95484745477	2.33333333333	2.41292814278	0.242857142857	0.29962585034
WEB180.web	terrestrial	terrestrial	1939	no	DukeForest	36.0172222222	47	64	0.0289723856949	1.36170212766	3.7715429189	1.42222222222	1.57040531058	1.36170212766	3.16513945049	0.100370027752	0.175824175824
WEB181.web	terrestrial	terrestrial	1939	no	DukeForest	36.0172222222	89	116	0.0146446155788	1.30337078652	6.07298953304	1.3488372093	1.07581707035	1.30337078652	5.9575360535	1.0	0.127195767196
WEB182.web	terrestrial	terrestrial	1939	no	DukeForest	36.0172222222	90	152	0.0187654320988	1.68888888889	5.06827459866	1.74712643678	2.10755832362	1.68888888889	4.49850455261	0.0551810237203	0.0262626262626
WEB183.web	terrestrial	terrestrial	1939	no	DukeForest	36.0172222222	36	49	0.0378086419753	1.36111111111	4.33306623108	1.4	0.684522774326	1.36111111111	4.26974353756	0.068253968254	0.266666666667
WEB202.web	stream	freshwater	1982	no	Cement	38.8391666667	19	22	0.0609418282548	1.15789473684	3.95753077834	5.5	7.2284161474	1.15789473684	0.744322927565	0.0643274853801	0.633333333333
WEB203.web	stream	freshwater	1976	no	Yellowstone	44.4	15	43	0.191111111111	2.86666666667	3.3486315613	3.07142857143	2.78937488425	2.86666666667	2.6549743669	0.252380952381	0.0
WEB205.web	stream	freshwater	1985	no	Broadstone	51.0180555556	24	91	0.157986111111	3.79166666667	5.84834378264	4.55	4.67413093526	3.79166666667	3.51163739902	0.222826086957	0.383547008547
WEB206.web	stream	freshwater	1949	no	Sawdde	51.8	29	105	0.12485136742	3.62068965517	5.10403072166	4.77272727273	1.70378771036	3.62068965517	4.58192696328	0.222906403941	0.0942770148512
WEB207.web	stream	freshwater	1973	no	DeepCreek	42.09166667	32	140	0.13671875	4.375	6.99665098458	9.33333333333	6.37355648145	4.375	3.53332350628	0.234879032258	0.328188840752
WEB208.web	stream	freshwater	1963	no	DoeRun	37.93333333	11	30	0.247933884298	2.72727272727	3.31038935564	3.33333333333	2.35702260396	2.72727272727	2.04898684902	0.4	0.558055555556
WEB209.web	stream	freshwater	1967	no	Morgans	37.30722222	24	94	0.163194444444	3.91666666667	5.00624609863	4.47619047619	2.93775177432	3.91666666667	3.63910092682	0.454710144928	0.261177975464
WEB213.web	stream	freshwater	1949	no	Dinmael	53	20	24	0.06	1.2	3.02985148151	8.0	3.55902608401	1.2	0.748331477355	0.0631578947368	0.0
WEB214.web	stream	freshwater	2003	no	Martins	44.67888889	92	180	0.0212665406427	1.95652173913	4.62681017557	4.86486486486	3.04171148624	1.95652173913	3.97796387582	0.0215002388915	0.0
WEB215.web	stream	freshwater	2003	no	Martins	40.68111111	129	343	0.0206117420828	2.65891472868	6.4158094127	6.01754385965	4.23225388118	2.65891472868	5.60245810396	0.0207727713178	0.0
WEB216.web	stream	freshwater	2003	no	Coweeta	35.04722222	68	126	0.0272491349481	1.85294117647	4.42185121483	4.2	2.58714772159	1.85294117647	3.96033534633	0.0276558384548	0.0
WEB217.web	stream	freshwater	2003	no	Coweeta	35.04722222	78	148	0.0243261012492	1.89743589744	5.11851648873	4.48484848485	3.38554155841	1.89743589744	4.47669103872	0.024642024642	0.0
WEB218.web	stream	freshwater	2004	no	Powder	45.79	99	268	0.0273441485563	2.70707070707	6.51301350872	5.82608695652	3.82386299001	2.70707070707	5.86593061025	0.0282415996702	0.00269775948788
WEB219.web	stream	freshwater	2004	no	NorthCol	44.64	103	241	0.0227165614101	2.33980582524	6.13150418545	4.54716981132	3.54255018332	2.33980582524	5.60781943337	0.0229392727965	0.0
WEB220.web	stream	freshwater	2004	no	Venlaw	46.29	81	187	0.0285017527816	2.30864197531	5.32737149633	5.19444444444	3.82113598906	2.30864197531	4.51784384088	1.0	0.0
WEB221.web	stream	freshwater	2004	no	CraggyTor	46.41	59	110	0.0316001149095	1.86440677966	4.9655521186	3.23529411765	2.05882352941	1.86440677966	4.80979800527	0.0321449444769	0.0
WEB222.web	stream	freshwater	2004	no	Berwick	45.94	88	240	0.0309917355372	2.72727272727	6.20516979876	5.71428571429	3.80028641957	2.72727272727	5.5590370175	0.0313479623824	0.0
WEB223.web	stream	freshwater	2004	no	AkatoreA	46.08	93	227	0.026245808764	2.44086021505	6.00875185503	5.53658536585	3.74880508426	2.44086021505	5.32080995854	0.0265310892941	0.0
WEB224.web	stream	freshwater	2004	no	AkatoreB	46.08	66	117	0.0268595041322	1.77272727273	4.52898531561	4.17857142857	3.48520927255	1.77272727273	3.77309235181	0.0272727272727	0.0
WEB225.web	stream	freshwater	2004	no	Control	46.115	80	155	0.02421875	1.9375	5.84279738225	3.60465116279	2.96600533867	1.9375	5.39755442307	0.0278481012658	0.0684122329284
WEB226.web	stream	freshwater	2004	no	Dempsters	45.61	107	966	0.0843741811512	9.02803738318	13.9989143983	16.9473684211	10.3947035309	9.02803738318	9.57065017364	0.271292540998	0.0829118297051
WEB227.web	stream	freshwater	2004	no	German	44.97	84	353	0.0500283446712	4.20238095238	8.22429514379	9.80555555556	4.82366529867	4.20238095238	6.13495015291	0.107716580608	0.0668090859076
WEB228.web	stream	freshwater	2004	no	Healy	44.95	96	634	0.0687934027778	6.60416666667	11.465925515	12.9387755102	8.08477572358	6.60416666667	8.44032874393	0.188925438596	0.0758540724824
WEB229.web	stream	freshwater	2004	no	KyeBurn	44.96	98	629	0.0654935443565	6.41836734694	11.7110364903	15.725	9.90703664069	6.41836734694	7.79707358681	0.122974963181	0.0506055154804
WEB230.web	stream	freshwater	2004	no	LittleKye	45	78	375	0.0616370808679	4.80769230769	8.12036546627	10.4166666667	4.62706410397	4.80769230769	5.87706906786	0.14319014319	0.0330332606108
WEB231.web	stream	freshwater	2004	no	Stony	45.58	112	832	0.0663265306122	7.42857142857	13.4504001913	16.9795918367	9.9272656817	7.42857142857	10.054063043	0.131435006435	0.0335917255037
WEB232.web	stream	freshwater	2004	no	Sutton	45.61	86	423	0.0571930773391	4.91860465116	11.6190954986	18.3913043478	15.5276447175	4.91860465116	4.58819292664	0.078659370725	0.0120487509014
WEB233.web	stream	freshwater	2004	no	Blackrock	45.782	86	375	0.0507030827474	4.36046511628	8.38775182909	10.1351351351	6.83853217284	4.36046511628	5.74033624876	0.106019151847	0.0439888065503
WEB234.web	stream	freshwater	2004	no	Broad	45.803	94	565	0.0639429606157	6.01063829787	10.7277568421	13.7804878049	8.5383273484	6.01063829787	7.65547319278	0.136467627545	0.0104405241209
WEB235.web	stream	freshwater	2004	no	Canton	45.752	108	708	0.0606995884774	6.55555555556	11.6849063769	13.6153846154	9.24694096227	6.55555555556	8.74042686191	0.108255451713	0.0351325950615
WEB236.web	stream	freshwater	2004	no	Venlaw	46.29	69	168	0.0352867044739	2.4347826087	6.32555154864	4.30769230769	4.04559808994	2.4347826087	5.33372714362	0.0590366581415	0.029939668175
WEB237.web	stream	freshwater	2004	no	CraggyTor	46.41	57	142	0.0437057556171	2.49122807018	5.96295117401	3.94444444444	3.24845642357	2.49122807018	5.38393584272	0.077380952381	0.0399705718603
WEB238.web	stream	freshwater	2004	no	Berwick	45.94	72	214	0.0412808641975	2.97222222222	7.07483149911	5.48717948718	4.60697239071	2.97222222222	5.81657646115	0.077269170579	0.0541672901666
WEB239.web	stream	freshwater	2004	no	AkatoreA	46.08	69	188	0.0394875026255	2.72463768116	6.56660893209	5.69696969697	4.71287629145	2.72463768116	5.56876396655	0.0502983802217	0.0156050503618
WEB240.web	stream	freshwater	2004	no	AkatoreB	46.08	67	155	0.0345288482958	2.31343283582	5.52640031737	4.30555555556	2.76706266689	2.31343283582	4.88436113919	0.0649027589326	0.0556924992219
WEB241.web	stream	freshwater	2004	no	Control	46.115	69	154	0.0323461457677	2.23188405797	5.31182651686	4.27777777778	3.27966047625	2.23188405797	4.47908158138	0.0690537084399	0.0543763849319
WEB242.web	stream	freshwater	2004	no	Venlaw	46.29	81	288	0.0438957475995	3.55555555556	7.92713732522	6.4	4.89625707386	3.55555555556	6.79869268479	0.0719135802469	0.0181585616076
WEB243.web	stream	freshwater	2004	no	CraggyTor	46.41	39	103	0.0677186061801	2.64102564103	5.01260737956	3.96153846154	2.82135768232	2.64102564103	4.29362783363	0.128879892038	0.0765031265031
WEB244.web	stream	freshwater	2004	no	Berwick	45.94	70	182	0.0371428571429	2.6	6.14398660713	5.05555555556	4.32656166054	2.6	4.94657168437	0.0548654244306	0.0475341153849
WEB245.web	stream	freshwater	2004	no	AkatoreA	46.08	55	129	0.0426446280992	2.34545454545	4.99874364381	5.86363636364	4.4034640759	2.34545454545	3.73298896483	0.0488215488215	0.0364532019704
WEB246.web	stream	freshwater	2004	no	AkatoreB	46.08	59	146	0.0419419706981	2.47457627119	5.56340280157	4.86666666667	3.88787288315	2.47457627119	4.57093222774	0.073056691993	0.048277020873
WEB247.web	stream	freshwater	2004	no	Control	46.115	49	108	0.0449812578092	2.20408163265	4.82315323867	4.5	3.0550504633	2.20408163265	3.82782291103	0.10119047619	0.0493618040584
WEB249.web	stream	freshwater	2005	no	Parana	24.5	11	10	0.0826446280992	0.909090909091	1.97086212624	5.0	2.0	0.909090909091	0.514259477227	0.0909090909091	0.0
WEB250.web	lake	freshwater	2006	no	Itaipu	22.9605555556	9	8	0.0987654320988	0.888888888889	1.58698409523	4.0	1.0	0.888888888889	0.566557723733	0.111111111111	0.0
WEB251.web	lake	freshwater	2006	no	Itaipu	22.9605555556	33	141	0.129476584022	4.27272727273	5.79612295611	5.03571428571	3.23465766412	4.27272727273	4.03974742139	0.367424242424	0.273860979446
WEB252.web	stream	freshwater	2010	no	Corrente	18.6666666667	10	9	0.09	0.9	1.78044938148	4.5	1.5	0.9	0.538516480713	0.1	0.0
WEB253.web	marine	marine	2011	no	Angola	11.125	12	11	0.0763888888889	0.916666666667	1.90940653956	5.5	0.5	0.916666666667	0.493006648592	0.0833333333333	0.0
WEB254.web	stream	freshwater	2013	no	Pantanal	21	39	85	0.0558842866535	2.17948717949	5.3498880152	14.1666666667	5.8713049846	2.17948717949	1.39360802479	0.057354925776	0.0
WEB255.web	stream	freshwater	2013	no	Pantanal	21	35	55	0.0448979591837	1.57142857143	3.85714285714	11.0	3.09838667697	1.57142857143	1.07665392465	0.046218487395	0.0
WEB257.web	estuary	estuary	2011	no	Mondego	40.1333333333	33	53	0.048668503214	1.60606060606	5.80656985177	17.6666666667	10.4986771653	1.60606060606	0.693668069228	0.0501893939394	0.0
WEB258.web	estuary	estuary	2011	no	Mondego	40.1333333333	33	60	0.0550964187328	1.81818181818	5.44595282791	15.0	8.12403840464	1.81818181818	0.998621639593	0.0568181818182	0.0
WEB260.web	estuary	estuary	2011	no	Mondego	40.1333333333	29	60	0.0713436385256	2.06896551724	5.52607052165	15.0	6.96419413859	2.06896551724	1.1724137931	0.0738916256158	0.0
WEB262.web	estuary	estuary	2011	no	Mondego	40.1333333333	25	45	0.072	1.8	4.38634243989	11.25	5.11737237261	1.8	1.1313708499	0.075	0.0
WEB263.web	lake	freshwater	1997	no	Vilnas	45.98055556	77	958	0.161578681059	12.4415584416	19.0505005691	12.6052631579	14.2127434918	12.4415584416	8.85598118596	0.603554340396	0.449952233496
WEB264.web	terrestrial	terrestrial	2002	no	Konza	39.1075	12	19	0.131944444444	1.58333333333	2.47907913011	2.71428571429	1.82946406784	1.58333333333	1.03749163317	0.371212121212	0.391666666667
WEB265.web	marine	marine	2006	no	Tapong	22.45	18	23	0.070987654321	1.27777777778	3.03528630659	7.66666666667	3.3993463424	1.27777777778	0.86958199125	0.0751633986928	0.0
WEB266.web	marine	marine	2008	no	Antarctica	64.5	24	60	0.104166666667	2.5	4.34932945023	10.0	3.46410161514	2.5	1.84842275107	0.108695652174	0.0
WEB268.web	estuary	estuary	2007	no	Alvarado	18.79166667	26	35	0.051775147929	1.34615384615	3.74501641238	11.6666666667	3.3993463424	1.34615384615	0.781630824342	0.0538461538462	0.0
WEB269.web	lake	freshwater	2007	no	Qiandaohu	29.5430555556	17	21	0.0726643598616	1.23529411765	2.40314096657	4.2	2.4	1.23529411765	1.39450230484	0.0772058823529	0.0
WEB270.web	marine	marine	2011	no	SanSimon	42.30916667	26	70	0.103550295858	2.69230769231	3.94488658614	4.375	2.20439901107	2.69230769231	2.10802917016	0.412307692308	0.133101851852
WEB272.web	lake	freshwater	2011	no	LakeCrescent	48.0580555556	6	7	0.194444444444	1.16666666667	1.38443731049	2.33333333333	0.942809041582	1.16666666667	0.897527467856	0.366666666667	0.0
WEB273.web	stream	freshwater	2006	no	Ivishak	69.01666667	45	193	0.0953086419753	4.28888888889	7.72978845957	12.0625	5.66203088565	4.28888888889	4.41523736481	0.162626262626	0.122624460137
WEB274.web	stream	freshwater	2006	no	Ivishak	69.01666667	38	157	0.108725761773	4.13157894737	6.60148770272	10.4666666667	4.51466745422	4.13157894737	4.40795365239	0.155049786629	0.0435426951216
WEB275.web	stream	freshwater	2006	no	Ivishak	69.01666667	42	183	0.103741496599	4.35714285714	7.73970679189	13.0714285714	4.49546256502	4.35714285714	4.01082718325	0.188734030197	0.175235007795
WEB276.web	stream	freshwater	2006	no	Ivishak	69.01666667	37	150	0.109569028488	4.05405405405	6.51334529333	11.5384615385	3.36532966988	4.05405405405	4.13257295644	0.165165165165	0.080344081997
WEB277.web	lake	freshwater	1996	no	Ciso	42.1258333333	8	11	0.171875	1.375	1.8915932438	2.75	1.47901994577	1.375	0.992156741649	0.267857142857	0.578947368421
WEB278.web	lake	freshwater	2011	no	Ontario	43.7	22	79	0.163223140496	3.59090909091	4.84746674917	4.38888888889	2.26418709692	3.59090909091	2.46168993892	0.575757575758	0.530398847437
WEB279.web	lake	freshwater	2011	no	Ontario	43.7	22	77	0.159090909091	3.5	4.74581155049	4.27777777778	1.99459145234	3.5	2.58931370339	0.532467532468	0.524131811816
WEB280.web	lake	freshwater	1996	no	Duffin	43.96666667	45	192	0.0948148148148	4.26666666667	9.32666428401	5.33333333333	1.22474487139	4.26666666667	9.79886614756	0.115151515152	0.0803596213853
WEB281.web	stream	freshwater	1996	no	Duffin	44.9666666667	39	146	0.0959894806049	3.74358974359	8.19679063572	4.86666666667	1.08730042869	3.74358974359	8.64904900276	0.105263157895	0.059794628752
WEB282.web	stream	freshwater	1996	no	Duffin	45.9666666667	35	110	0.0897959183673	3.14285714286	6.99562545525	4.23076923077	0.932642742537	3.14285714286	7.39939324595	0.0924369747899	0.0
WEB283.web	stream	freshwater	1996	no	Duffin	46.9666666667	32	106	0.103515625	3.3125	6.94762774262	4.24	0.861626369142	3.3125	7.45585969222	0.10685483871	0.0
WEB284.web	stream	freshwater	1996	no	Duffin	47.9666666667	31	102	0.106139438085	3.29032258065	6.86543772615	4.25	1.05079335108	3.29032258065	7.34492824088	0.109677419355	0.0
WEB285.web	stream	freshwater	1996	no	Duffin	48.9666666667	37	120	0.0876552227904	3.24324324324	7.33453960019	4.28571428571	1.12938487863	3.24324324324	7.71592038056	0.0915915915916	0.0235260770975
WEB286.web	stream	freshwater	1996	no	Duffin	49.9666666667	31	100	0.104058272633	3.22580645161	6.89613745212	4.0	0.748331477355	3.22580645161	7.41711045997	0.10752688172	0.0
WEB287.web	stream	freshwater	1996	no	Duffin	50.9666666667	32	102	0.099609375	3.1875	6.93412079863	4.25	0.924211375534	3.1875	7.3630729828	0.102822580645	0.0
WEB288.web	estuary	estuary	1999	no	Goose	30.09416667	22	37	0.0764462809917	1.68181818182	3.33928531969	5.28571428571	3.73073281634	1.68181818182	1.86806568982	0.0800865800866	0.0
WEB289.web	lake	freshwater	2011	no	Hayq	11.25	8	7	0.109375	0.875	1.39754248594	3.5	0.5	0.875	0.599478940414	0.125	0.0
WEB290.web	marine	marine	1992	no	NWCoast	45.5	19	55	0.152354570637	2.89473684211	3.57158685838	6.875	1.69096865731	2.89473684211	2.89999522399	0.16081871345	0.0
WEB291.web	marine	marine	1992	no	NWCoast	45.5	25	86	0.1376	3.44	4.58030566666	7.16666666667	3.8042374035	3.44	3.61198006639	0.143333333333	0.0
WEB292.web	marine	marine	1992	no	NWCoast	45.5	26	88	0.130177514793	3.38461538462	4.36093470248	6.28571428571	3.08055123612	3.38461538462	3.94263600884	0.135384615385	0.0
WEB293.web	marine	marine	1992	no	NWCoast	45.5	19	62	0.171745152355	3.26315789474	4.04613286185	7.75	2.90473750966	3.26315789474	2.97077174561	0.181286549708	0.0
WEB294.web	lake	freshwater	1994	no	Constance	47.625	8	25	0.390625	3.125	3.52889855337	3.125	1.26861144564	3.125	2.02715934253	0.589285714286	0.774166666667
WEB296.web	terrestrial	terrestrial	1996	no	Mandena	24.91666667	11	11	0.0909090909091	1.0	1.83402190926	2.75	1.92028643697	1.0	1.12815214964	0.1	0.0
WEB309.web	marine	marine	2011	no	Faroe	61.2411111111	16	61	0.23828125	3.8125	5.06404297474	5.54545454545	3.774643544	3.8125	2.65091375756	0.354166666667	0.804879000781
WEB310.web	lake	freshwater	2009	no	Kelavarapalli	12.7569444444	14	49	0.25	3.5	3.81257318431	4.45454545455	1.30479091767	3.5	2.89704282724	0.434065934066	0.428925353925
WEB329.web	stream	freshwater	2010	no	Mehi	29.58333333	68	103	0.0222750865052	1.51470588235	3.69012171478	10.3	2.7946377225	1.51470588235	1.20650987976	0.0226075504829	0.0
WEB332.web	stream	freshwater	2008	no	Heizhuchong	31.7	20	54	0.135	2.7	4.4192759588	3.85714285714	0.914732033919	2.7	4.80728613669	0.142105263158	0.0
WEB333.web	marine	marine	2002	no	NEShelf	39.3333333333	84	170	0.0240929705215	2.02380952381	11.2344374596	56.6666666667	23.213980462	2.02380952381	0.689654683712	0.0243832472748	0.0
WEB339.web	marine	marine	2001	no	AustraliaShelf	38	34	142	0.122837370242	4.17647058824	6.32646990456	9.46666666667	3.36386021641	4.17647058824	5.51186201182	0.126559714795	0.0
WEB340.web	marine	marine	2007	no	RossSea	76	24	38	0.0659722222222	1.58333333333	2.76511000384	2.0	1.0760551737	1.58333333333	1.63086548257	0.789855072464	0.286425017768
WEB341.web	marine	marine	1991	no	Weddel	59.26	46	131	0.0619092627599	2.84782608696	4.82926843822	8.73333333333	4.3736585245	2.84782608696	2.90402562649	0.0632850241546	0.0
WEB342.web	marine	marine	1992	no	Weddel	58.875	56	178	0.0567602040816	3.17857142857	5.09313764004	6.35714285714	3.79110128849	3.17857142857	4.33056884608	0.0577922077922	0.0
WEB343.web	terrestrial	terrestrial	1987	no	Queensland	28.2	12	29	0.201388888889	2.41666666667	3.73887237903	3.22222222222	2.34652356466	2.41666666667	1.32024829315	0.439393939394	0.506505102041
WEB345.web	lake	freshwater	2012	no	Constance	47.63611111	23	99	0.187145557656	4.30434782609	6.02750469551	6.1875	4.01899785394	4.30434782609	2.38536812597	0.5395256917	0.480093429777
WEB346.web	stream	freshwater	2010	no	Mulgrave	17.11666667	62	211	0.0548907388137	3.40322580645	6.12735545823	6.59375	5.63393387763	3.40322580645	4.67822573694	0.055790586991	0.0
WEB347.web	stream	freshwater	2005	no	Itatinga	23.05	106	310	0.0275898896404	2.92452830189	8.71357035289	3.13131313131	3.90194580997	2.92452830189	7.78568850727	0.0871518418688	0.106264427226
WEB355.web	lake	freshwater	2003	no	Tuesday	46.2166666667	21	71	0.160997732426	3.38095238095	4.85924324334	5.46153846154	3.17721175816	3.38095238095	1.70367084	0.354761904762	0.314593168848
Alamitos.web	stream	freshwater	2003	no	Alamitos	37.2069444444	159	3685	0.145761639176	23.1761006289	38.3126994683	24.0849673203	28.9588275935	23.1761006289	19.6736054036	0.862590558077	0.496309611211
Alford.web	lake	freshwater	1992	no	Alford	44.2615527778	56	219	0.0698341836735	3.91071428571	9.30501085657	6.84375	10.2868525768	3.91071428571	2.96573759625	0.16461038961	0.345263660224
BahiaDunne.web	estuary	estuary	2011	no	Bahia	30.445	119	1077	0.0760539509922	9.05042016807	17.0772078772	10.5588235294	11.892140698	9.05042016807	8.9900493446	0.815695769833	0.232824798493
Beaver.web	lake	freshwater	1992	no	Beaver	44.3161472222	61	327	0.0878796022575	5.3606557377	10.6349229238	9.61764705882	10.431893139	5.3606557377	3.43097169664	0.266666666667	0.346920958788
Bere.web	stream	freshwater	2008	no	Bere	50.7519444444	137	1277	0.0680377217753	9.32116788321	17.8453628971	12.0471698113	11.9672367797	9.32116788321	13.8900449078	0.196543580936	0.147639668013
Bridge.web	lake	freshwater	1992	no	Bridge	44.16185	75	552	0.0981333333333	7.36	13.869794519	15.3333333333	13.7214349752	7.36	4.09109602267	0.246126126126	0.348730668402
Broad.web	stream	freshwater	1998	no	Broad	45.896938	94	565	0.0639429606157	6.01063829787	10.7277568421	13.7804878049	8.5383273484	6.01063829787	7.65547319278	0.136467627545	0.0126195236194
Broadstone.web	stream	freshwater	2005	no	Broadstone	51.0180555556	34	222	0.192041522491	6.52941176471	11.0711758299	7.65517241379	8.68719176906	6.52941176471	4.68561813436	0.427807486631	0.514427290752
Calero.web	stream	freshwater	2003	no	Calero	37.1873611111	123	2047	0.135303060348	16.6422764228	26.5234641461	17.4957264957	19.7287693664	16.6422764228	15.1776097828	0.92256430761	0.459839851317
Carpinteria2006.web	estuary	estuary	2006	no	Carpinteria	34.405	72	239	0.0461033950617	3.31944444444	5.94647226576	3.85483870968	3.9261192125	3.31944444444	3.94344177397	0.166666666667	0.0769671260169
CarpinteriaDunne.web	estuary	estuary	2011	no	Carpinteria	34.405	107	970	0.0847235566425	9.06542056075	15.5628440114	10.2105263158	8.95943458841	9.06542056075	9.14807678888	0.921530594251	0.293077087421
Chub.web	lake	freshwater	1992	no	Chub	43.5276	65	417	0.0986982248521	6.41538461538	12.0628825782	13.03125	11.7725432018	6.41538461538	2.65962581343	0.301442307692	0.385396594343
Coachella.web	terrestrial	terrestrial	1991	no	Coachella	33.9	26	228	0.337278106509	8.76923076923	10.7736254769	9.91304347826	6.0498871242	8.76923076923	4.8222855442	0.726153846154	0.690458590664
Connery.web	lake	freshwater	1992	no	Connery	44.3116944444	30	60	0.0666666666667	2.0	5.11207720338	5.45454545455	5.64661823755	2.0	1.94935886896	0.131034482759	0.173076923077
Corte.web	stream	freshwater	2003	no	Corte	37.9509722222	105	1744	0.158185941043	16.6095238095	26.602715835	17.6161616162	19.6246119801	16.6095238095	14.7024424522	0.588553113553	0.517500774009
Coyote.web	stream	freshwater	2003	no	Coyote	37.8873222222	188	4524	0.127999094613	24.0638297872	39.0069348804	24.8571428571	29.7949296625	24.0638297872	22.0141678319	1.22420070543	0.457361184458
EsteroDunne.web	estuary	estuary	2011	no	Estero	31.735	138	1657	0.087009031716	12.0072463768	20.7601866494	13.3629032258	12.490857739	12.0072463768	11.8697620801	0.833280440072	0.321071213851
FjordDunne.web	estuary	estuary	2011	no	Fjord	54.835	77	579	0.0976555911621	7.51948051948	11.9406880187	8.15492957746	8.49299278249	7.51948051948	7.43737558379	0.267600820232	0.202589033897
GrandeCl.web	terrestrial	terrestrial	2004	no	Grande	46.7858333333	118	972	0.0698075265728	8.23728813559	13.002629394	10.0206185567	10.8399598484	8.23728813559	6.24184616065	1.11169056932	0.265091290168
GrandeSc.web	terrestrial	terrestrial	2004	no	Grande	46.7858333333	152	1526	0.0660491689751	10.0394736842	16.4347372551	11.7384615385	13.67904284	10.0394736842	6.41121712206	0.918656326246	0.282219548086
Guadalupe.web	stream	freshwater	2003	no	Guadalupe	37.4098611111	172	4569	0.154441590049	26.5639534884	42.3206124894	27.5240963855	32.3755637821	26.5639534884	21.7592931913	0.871447028424	0.511520849217
LittleRock.web	lake	freshwater	1991	no	LittleRock	45.7355388889	180	2372	0.0732098765432	13.1777777778	25.3476859927	13.251396648	9.61890804115	13.1777777778	20.6271545826	0.345747982619	0.425166376936
Mondego.web	estuary	estuary	2006	no	Mondego	40.1333333333	48	279	0.12109375	5.8125	8.52806335479	7.34210526316	5.85920919664	5.8125	4.94408843132	0.331560283688	0.327101137411
OtagoDunne.web	estuary	estuary	2011	no	Otago	45.83	123	1206	0.0797144556811	9.80487804878	18.0954899873	10.1344537815	12.1474999121	9.80487804878	10.5904225305	0.451819272291	0.254557204155
Reef.web	marine	marine	1996	no	Reef	18.1833333333	50	556	0.2224	11.12	15.581938262	11.829787234	9.74858232778	11.12	6.66525318349	1.18734693878	0.569680392632
Sierra.web	lake	freshwater	2006	no	Sierra	36.9333333333	37	299	0.218407596786	8.08108108108	12.1780376867	8.79411764706	9.91961636997	8.08108108108	4.51650653312	0.50975975976	0.563268696407
SimberloffE1.web	terrestrial	terrestrial	1975	no	SimberloffE1	24.677025	48	239	0.103732638889	4.97916666667	9.01842731578	5.43181818182	8.2141721413	4.97916666667	3.7108488659	0.202127659574	0.367108516861
SimberloffE2.web	terrestrial	terrestrial	1975	no	SimberloffE2	24.6758333333	62	344	0.0894901144641	5.54838709677	10.9574429824	6.0350877193	10.3601207611	5.54838709677	3.74026659113	0.213379164463	0.39423309147
SimberloffE3.web	terrestrial	terrestrial	1975	no	SimberloffE3	24.68995	50	243	0.0972	4.86	9.15975982218	5.28260869565	8.20037921572	4.86	3.77894165078	0.0	0.374099428307
SimberloffE7.web	terrestrial	terrestrial	1975	no	SimberloffE7	25.25	52	253	0.0935650887574	4.86538461538	9.30175032838	5.16326530612	8.50293332045	4.86538461538	3.59502244646	0.0	0.367108076969
SimberloffE9.web	terrestrial	terrestrial	1975	no	SimberloffE9	25.0409833333	70	443	0.0904081632653	6.32857142857	11.7772956946	7.03174603175	11.0611119938	6.32857142857	4.2517943391	0.315113871636	0.371112121266
SimberloffST2.web	terrestrial	terrestrial	1975	no	SimberloffST2	24.6044444444	53	299	0.106443574226	5.64150943396	10.0934931756	5.98	9.14656219571	5.64150943396	4.06129610143	0.276124818578	0.375719568438
Skipwith.web	lake	freshwater	1989	no	Skipwith	53.6666666667	35	380	0.310204081633	10.8571428571	14.0517992166	11.1764705882	11.5286614402	10.8571428571	4.89981257451	0.40756302521	0.611121150616
Stink.web	lake	freshwater	1992	no	Stink	43.6321888889	53	280	0.0996796012816	5.28301886792	10.0904065693	9.65517241379	9.99750266082	5.28301886792	3.37234792231	0.234397677794	0.339830927555
StMarks.web	terrestrial	terrestrial	1999	no	StMarks	30.0833333333	46	204	0.0964083175803	4.4347826087	6.63638364636	5.36842105263	3.01243958342	4.4347826087	4.15803137948	0.47729468599	0.320892915079
SyltDunne.web	estuary	estuary	2011	no	Sylt	54.975	126	1052	0.066263542454	8.34920634921	16.1180921618	8.76666666667	9.485720262	8.34920634921	10.9554056095	0.320253968254	0.242199075424
Tuesday.web	lake	freshwater	2005	no	Tuesday	46.2166666667	50	269	0.1076	5.38	9.38971778064	10.76	6.02846580815	5.38	4.91483468695	0.262040816327	0.223354589117
YthanDunne.web	estuary	estuary	1996	no	Ythan	57.3088888889	91	420	0.050718512257	4.61538461538	10.130258984	4.8275862069	5.93103448276	4.61538461538	7.04579873379	0.27264957265	0.222185054652
WEB39.web	lake	freshwater	1959	no	LakeMalawi	11.61083333	37	76	0.0555149744339	2.05405405405	3.57799459034	2.53333333333	2.2320892057	2.05405405405	3.09267614321	0.105105105105	0.086310830876
WEB38.web	lake	freshwater	1959	no	LakeMalawi	11.61083333	31	95	0.098855359001	3.06451612903	5.21354595207	3.39285714286	2.55425814942	3.06451612903	4.8522391497	0.132258064516	0.245468821137
WEB297.web	stream	freshwater	1994	no	LerderdergA	37.66666667	21	50	0.113378684807	2.38095238095	3.81011900112	3.33333333333	1.73845397472	2.38095238095	3.69653879906	0.185714285714	0.0
WEB298.web	stream	freshwater	1994	no	LerderdergB	37.66666667	21	50	0.113378684807	2.38095238095	3.77243853721	3.57142857143	1.76126114371	2.38095238095	3.69653879906	1.0	0.0
WEB299.web	stream	freshwater	1994	no	LerderdergC	37.66666667	23	46	0.0869565217391	2.0	3.36219390073	2.875	1.76334199746	2.0	3.06452351073	0.185770750988	0.0
WEB300.web	stream	freshwater	1994	no	LerderdergA	37.66666667	27	56	0.076817558299	2.07407407407	3.97005250248	2.8	1.4	2.07407407407	3.78031868073	0.131054131054	0.0
WEB301.web	stream	freshwater	1994	no	LerderdergB	37.66666667	25	52	0.0832	2.08	3.82371547059	2.88888888889	1.52347880009	2.08	3.67608487388	0.126666666667	0.0
WEB302.web	stream	freshwater	1994	no	LerderdergC	37.66666667	28	61	0.077806122449	2.17857142857	4.12882475743	2.90476190476	1.44435722744	2.17857142857	3.99154080014	0.128306878307	0.0
WEB303.web	stream	freshwater	1994	no	LerderdergA	37.66666667	32	73	0.0712890625	2.28125	4.75790871208	2.92	1.8529975715	2.28125	4.48772196526	1.0	0.0
WEB304.web	stream	freshwater	1994	no	LerderdergB	37.66666667	31	71	0.0738813735692	2.29032258065	4.97140627318	2.95833333333	1.92525250869	2.29032258065	4.78029252977	1.0	0.0
WEB305.web	stream	freshwater	1994	no	LerderdergC	37.66666667	27	62	0.0850480109739	2.2962962963	4.95494100159	2.95238095238	1.88922232618	2.2962962963	4.82903881867	0.111111111111	0.0
WEB306.web	stream	freshwater	1994	no	LerderdergA	37.66666667	49	139	0.057892544773	2.83673469388	6.79597965285	3.475	3.33157245156	2.83673469388	6.10903291981	0.107142857143	0.0298978214768
WEB307.web	stream	freshwater	1994	no	LerderdergB	37.66666667	52	149	0.0551035502959	2.86538461538	6.87690264151	3.54761904762	3.33953504714	2.86538461538	6.21421709331	0.100301659125	0.0275132275132
WEB308.web	stream	freshwater	1994	no	LerderdergC	37.66666667	51	143	0.0549788542868	2.80392156863	6.76947828247	3.575	3.32330784009	2.80392156863	6.11657858945	0.0956862745098	0.0392143004388
WEB334.web	lake	freshwater	2001	no	MonegrosA	41.44333333	13	26	0.153846153846	2.0	3.18651002726	2.6	1.49666295471	2.0	3.06343196181	0.160256410256	0.352380952381
WEB335.web	lake	freshwater	2001	no	MonegrosB	41.43472222	15	38	0.168888888889	2.53333333333	3.23728281125	3.45454545455	1.8763424946	2.53333333333	2.6549743669	0.22380952381	0.27123015873
WEB336.web	lake	freshwater	2001	no	MonegrosA	41.44333333	7	12	0.244897959184	1.71428571429	1.7842851424	3.0	1.22474487139	1.71428571429	1.57790871674	0.285714285714	0.333333333333
WEB337.web	lake	freshwater	2001	no	MonegrosB	41.43472222	8	14	0.21875	1.75	2.13600093633	3.5	0.866025403784	1.75	1.47901994577	0.232142857143	0.314393939394
WEB51.web	marine	marine	1947	no	CapeAnn	42.64888889	25	46	0.0736	1.84	2.81481793372	2.19047619048	2.17384994486	1.84	1.43331782937	0.258333333333	0.229281045752
WEB110.web	estuary	estuary	1947	no	CapeAnn	42.64888889	13	23	0.136094674556	1.76923076923	2.71637593585	2.3	2.53179778023	1.76923076923	1.42255707761	0.198717948718	0.458888888889
WEB111.web	estuary	estuary	1947	no	CapeAnn	42.64888889	19	36	0.0997229916898	1.89473684211	2.74694491594	2.4	2.02649122048	1.89473684211	1.71356006275	0.228070175439	0.344651483782
WEB112.web	estuary	estuary	1947	no	CapeAnn	42.64888889	14	17	0.0867346938776	1.21428571429	1.73352301422	1.7	1.00498756211	1.21428571429	1.31901323662	1.33333333333	0.311111111111
WEB113.web	estuary	estuary	1947	no	CapeAnn	42.64888889	11	12	0.099173553719	1.09090909091	1.43739893644	1.71428571429	0.699854212224	1.09090909091	0.792527080644	0.254545454545	0.222222222222
WEB330.web	stream	freshwater	2010	no	Gingham	29.21666667	29	35	0.0416171224732	1.20689655172	4.53825069621	17.5	5.5	1.20689655172	0.549564739673	0.0431034482759	0.0
WEB331.web	stream	freshwater	2010	no	Gwydir	29.33333333	27	26	0.0356652949246	0.962962962963	3.45815669637	13.0	4.0	0.962962962963	0.33126933	0.037037037037	0.0
WEB327.web	stream	freshwater	2010	no	Gingham	29.21666667	58	96	0.0285374554102	1.65517241379	4.76211765562	12.0	6.14410286372	1.65517241379	1.75726790431	0.0290381125227	0.0
WEB328.web	stream	freshwater	2010	no	Gwydir	29.33333333	51	73	0.0280661284121	1.43137254902	3.48815758932	9.125	3.55096817784	1.43137254902	1.10710542851	0.0286274509804	0.0
WEB259.web	estuary	estuary	2011	no	Mondego	40.13333333	22	34	0.0702479338843	1.54545454545	3.59522180605	8.5	4.27200187266	1.54545454545	1.11710961159	0.0735930735931	0.0
WEB261.web	estuary	estuary	2011	no	Mondego	40.13333333	16	16	0.0625	1.0	3.06186217848	8.0	5.0	1.0	0.5	0.0666666666667	0.0
WEB57.web	marine	marine	1978	no	Guerrero	17.43916667	9	19	0.234567901235	2.11111111111	2.65971315635	3.16666666667	1.06718737291	2.11111111111	1.28620410031	0.513888888889	0.680701754386
WEB44.web	marine	marine	1978	no	Guerrero	17.43916667	12	29	0.201388888889	2.41666666667	3.13249102154	3.22222222222	1.81216738114	2.41666666667	1.84654331718	0.5	0.529885057471
ThompsonFL.web	estuary	estuary	2005	no	Otago	45.8577777778	69	494	0.103759714346	7.15942028986	15.5497048439	7.71875	10.4425044141	7.15942028986	6.94830432532	1.67327365729	0.332210044414
AmundsenFL.web	lake	freshwater	2013	no	Takvatn	69.1166666667	38	223	0.154432132964	5.86842105263	9.23669215653	7.43333333333	4.93749824191	5.86842105263	5.12563758618	0.741820768137	0.521440410987
PrestonFL.web	lake	freshwater	2012	no	Quick	37.66	71	1038	0.205911525491	14.6197183099	21.1467698672	17.593220339	14.4387879721	14.6197183099	7.15495730282	0.939637826962	0.527356072747
WEB320.web	marine	marine	2012	no	NCC	45.5	86	565	0.0763926446728	6.56976744186	12.0716100668	23.5416666667	10.5513789252	6.56976744186	6.80550512056	0.0772913816689	0.0
WEB321.web	marine	marine	2012	no	NCC	45.5	87	586	0.0774210595851	6.73563218391	12.1583227351	23.44	10.1905053849	6.73563218391	7.13008805239	0.078321304464	0.0
WEB322.web	marine	marine	2012	no	NCC	45.5	87	597	0.0788743559255	6.86206896552	12.07640165	22.1111111111	9.77272596769	6.86206896552	7.65817482801	0.079791499599	0.0
WEB323.web	marine	marine	2012	no	NCC	45.5	88	611	0.0788997933884	6.94318181818	12.0279729491	21.8214285714	9.97516047643	6.94318181818	7.61033680199	0.0798066875653	0.0
WEB324.web	marine	marine	2012	no	NCC	45.5	88	619	0.0799328512397	7.03409090909	12.661543952	23.8076923077	11.5059156383	7.03409090909	7.25892689232	0.0808516196447	0.0
WEB267.web	marine	marine	2003	no	Huizache	23.025	31	99	0.103017689906	3.1935483871	5.7851760757	14.1428571429	2.69542318059	3.1935483871	2.65693681058	0.106451612903	0.0
WEB204.web	lake	freshwater	1959	no	LakeMalawi	11.61083333	33	54	0.0495867768595	1.63636363636	3.42410833741	1.92857142857	1.33439583516	1.63636363636	3.23632958784	0.0823863636364	0.189874686717
WEB22.web	terrestrial	terrestrial	1923	yes	BearIsland	74.465	28	61	0.077806122449	2.17857142857	3.37703075714	2.77272727273	2.02106673413	2.17857142857	2.12222207382	1.0	0.370742534302
