"Latitude"	"Marginal"	"Upper"	"Lower"	"Stream"	"Stream_upper"	"Stream_lower"	"Terrestrial"	"Terr_upper"	"Terr_lower"
"1"	0	-0.189332780993806	-0.0288575505914528	-0.34980801139616	-0.367986145369105	-0.192201877818432	-0.543770412919777	-0.470703720403881	-0.235397430248692	-0.70601001055907
"2"	0.452261306532663	-0.191061034381126	-0.0318041417541448	-0.350317927008108	-0.369714398756424	-0.19502868871466	-0.544400108798189	-0.467106554457631	-0.230866493772869	-0.703346615142393
"3"	0.904522613065327	-0.192789287768446	-0.0347457477060981	-0.350832827830794	-0.371442652143744	-0.197849362247539	-0.54503594203995	-0.463509388511381	-0.226310233872133	-0.70070854315063
"4"	1.35678391959799	-0.194517541155766	-0.0376822527433691	-0.351352829568163	-0.373170905531064	-0.200663781820464	-0.545678029241665	-0.459912222565132	-0.221728956456236	-0.698095488674027
"5"	1.80904522613065	-0.196245794543086	-0.0406135380629974	-0.351878051023174	-0.374899158918384	-0.203471828557837	-0.546326489278932	-0.456315056618882	-0.217122970314758	-0.695507142923006
"6"	2.26130653266332	-0.197974047930406	-0.0435394816814859	-0.352408614179326	-0.376627412305704	-0.206273381276474	-0.546981443334934	-0.452717890672632	-0.212492586738532	-0.692943194606731
"7"	2.71356783919598	-0.199702301317726	-0.0464599583520048	-0.352944644283447	-0.378355665693024	-0.209068316458077	-0.547643014927971	-0.449120724726382	-0.20783811915061	-0.690403330302154
"8"	3.16582914572864	-0.201430554705046	-0.0493748394803988	-0.353486269929692	-0.380083919080344	-0.21185650822288	-0.548311329937807	-0.445523558780132	-0.203159882747338	-0.687887234812926
"9"	3.61809045226131	-0.203158808092365	-0.052283993040092	-0.354033623144639	-0.381812172467664	-0.214637828304631	-0.548986516630697	-0.441926392833882	-0.198458194150118	-0.685394591517646
"10"	4.07035175879397	-0.204887061479685	-0.0551872834859948	-0.354586839473376	-0.383540425854983	-0.21741214602702	-0.549668705682947	-0.438329226887632	-0.19373337106829	-0.682925082706975
"11"	4.52261306532663	-0.206615314867005	-0.0580845716675371	-0.355146058066473	-0.385268679242303	-0.22017932828174	-0.550358030202866	-0.434732060941382	-0.188985731973545	-0.68047838990922
"12"	4.9748743718593	-0.208343568254325	-0.0609757147409619	-0.355711421767688	-0.386996932629623	-0.222939239508315	-0.551054625750931	-0.431134894995132	-0.184215595786194	-0.67805419420407
"13"	5.42713567839196	-0.210071821641645	-0.0638605660810369	-0.356283077202253	-0.388725186016943	-0.225691741675869	-0.551758630358018	-0.427537729048882	-0.17942328157355	-0.675652176524215
"14"	5.87939698492462	-0.211800075028965	-0.0667389751923565	-0.356861174865573	-0.390453439404263	-0.228436694267019	-0.552470184541507	-0.423940563102633	-0.174609108260612	-0.673272017944653
"15"	6.33165829145729	-0.213528328416285	-0.069610787620428	-0.357445869212141	-0.392181692791583	-0.231173954264073	-0.553189431319093	-0.420343397156383	-0.169773394353215	-0.67091339995955
"16"	6.78391959798995	-0.215256581803604	-0.0724758448627576	-0.358037318744451	-0.393909946178903	-0.233903376137723	-0.553916516220082	-0.416746231210133	-0.164916457673697	-0.668576004746569
"17"	7.23618090452261	-0.216984835190924	-0.0753339842801755	-0.358635686101673	-0.395638199566223	-0.23662481183844	-0.554651587294006	-0.413149065263883	-0.160038615109137	-0.666259515418629
"18"	7.68844221105528	-0.218713088578244	-0.0781850390086628	-0.359241138147826	-0.397366452953542	-0.239338110790773	-0.555394795116312	-0.409551899317633	-0.155140182372135	-0.663963616263131
"19"	8.14070351758794	-0.220441341965564	-0.0810288378719718	-0.359853846059156	-0.399094706340862	-0.242043119890791	-0.556146292790933	-0.405954733371383	-0.150221473774072	-0.661687992968695
"20"	8.5929648241206	-0.222169595352884	-0.0838652052953567	-0.360473985410411	-0.400822959728182	-0.24473968350687	-0.556906235949494	-0.402357567425133	-0.145282802010735	-0.659432332839532
"21"	9.04522613065327	-0.223897848740204	-0.0866939612207641	-0.361101736259644	-0.402551213115502	-0.247427643484074	-0.55767478274693	-0.398760401478883	-0.140324477960185	-0.657196324997582
"22"	9.49748743718593	-0.225626102127524	-0.0895149210238646	-0.361737283231183	-0.404279466502822	-0.250106839152381	-0.558452093853263	-0.395163235532633	-0.135346810492666	-0.654979660572601
"23"	9.94974874371859	-0.227354355514844	-0.0923278954333368	-0.36238081559635	-0.406007719890142	-0.252777107338983	-0.5592383324413	-0.391566069586384	-0.130350106292353	-0.652782032880414
"24"	10.4020100502513	-0.229082608902163	-0.0951326904528562	-0.363032527351471	-0.407735973277462	-0.255438282384947	-0.560033664169977	-0.387968903640134	-0.125334669690713	-0.650603137589555
"25"	10.8542713567839	-0.230810862289483	-0.0979291072862739	-0.363692617292693	-0.409464226664782	-0.258090196166467	-0.560838257163096	-0.384371737693884	-0.12030080251119	-0.648442672876578
"26"	11.3065326633166	-0.232539115676803	-0.10071694226651	-0.364361289087097	-0.411192480052101	-0.260732678121019	-0.561652281983184	-0.380774571747634	-0.115248803924964	-0.646300339570303
"27"	11.7587939698492	-0.234267369064123	-0.103495986788727	-0.365038751339519	-0.412920733439421	-0.263365555278649	-0.562475911600194	-0.377177405801384	-0.110178970317454	-0.644175841285313
"28"	12.2110552763819	-0.235995622451443	-0.1062660272484	-0.365725217654486	-0.414648986826741	-0.265988652298718	-0.563309321354765	-0.373580239855134	-0.105091595165259	-0.642068884545009
"29"	12.6633165829146	-0.237723875838763	-0.109026844984912	-0.366420906692613	-0.416377240214061	-0.268601791512354	-0.564152688915768	-0.369983073908884	-0.0999869689232041	-0.639979178894564
"30"	13.1155778894472	-0.239452129226083	-0.111778216231407	-0.367126042220758	-0.418105493601381	-0.271204792970916	-0.565006194231846	-0.366385907962634	-0.0948653789211585	-0.63790643700411
"31"	13.5678391959799	-0.241180382613403	-0.114519912071601	-0.367840853155205	-0.419833746988701	-0.273797474500748	-0.565870019476654	-0.362788742016384	-0.0897271092702594	-0.635850374762509
"32"	14.0201005025126	-0.242908636000722	-0.117251698404372	-0.368565573597073	-0.421562000376021	-0.276379651764512	-0.566744348987529	-0.359191576070134	-0.0845724407782022	-0.633810711362067
"33"	14.4723618090452	-0.244636889388042	-0.119973335916954	-0.369300442859131	-0.423290253763341	-0.278951138329391	-0.567629369197291	-0.355594410123885	-0.0794016508732304	-0.631787169374539
"34"	14.9246231155779	-0.246365142775362	-0.122684580067601	-0.370045705483124	-0.42501850715066	-0.281511745742425	-0.568525268558896	-0.351997244177635	-0.0742150135364663	-0.629779474818803
"35"	15.3768844221106	-0.248093396162682	-0.12538518107868	-0.370801611246684	-0.42674676053798	-0.28406128361328	-0.56943223746268	-0.348400078231385	-0.0690127992422208	-0.627787357220549
"36"	15.8291457286432	-0.249821649550002	-0.128074883941142	-0.371568415158862	-0.4284750139253	-0.2865995597047	-0.5703504681459	-0.344802912285135	-0.0637952749059227	-0.625810549664347
"37"	16.2814070351759	-0.251549902937322	-0.130753428431403	-0.372346377443241	-0.43020326731262	-0.289126380030906	-0.571280154594334	-0.341205746338885	-0.0585627038393093	-0.623848788838461
"38"	16.7336683417085	-0.253278156324642	-0.133420549141688	-0.373135763507595	-0.43193152069994	-0.291641548964191	-0.572221492435689	-0.337608580392635	-0.0533153457125264	-0.621901815072744
"39"	17.1859296482412	-0.255006409711962	-0.136075975524951	-0.373936843898972	-0.43365977408726	-0.294144869349951	-0.573174678824569	-0.334011414446385	-0.0480534565227877	-0.619969372369983
"40"	17.6381909547739	-0.256734663099281	-0.138719431955491	-0.374749894243072	-0.43538802747458	-0.296636142630346	-0.574139912318813	-0.330414248500135	-0.0427772885692517	-0.618051208431019
"41"	18.0904522613065	-0.258462916486601	-0.141350637806451	-0.375575195166752	-0.4371162808619	-0.299115168976821	-0.575117392746978	-0.326817082553885	-0.0374870904337807	-0.61614707467399
"42"	18.5427135678392	-0.260191169873921	-0.143969307545374	-0.376413032202469	-0.438844534249219	-0.301581747431626	-0.576107321066813	-0.323219916607635	-0.0321831069672549	-0.614256726248016
"43"	18.9949748743719	-0.261919423261241	-0.146575150849048	-0.377263695673434	-0.440572787636539	-0.304035676058515	-0.577109899214564	-0.319622750661386	-0.0268655792811192	-0.612379922041652
"44"	19.4472361809045	-0.263647676648561	-0.149167872738858	-0.378127480558264	-0.442301041023859	-0.306476752102726	-0.578125329944992	-0.316025584715136	-0.0215347447438551	-0.610516424686416
"45"	19.8994974874372	-0.265375930035881	-0.151747173737867	-0.379004686333895	-0.444029294411179	-0.308904772160344	-0.579153816662014	-0.312428418768886	-0.0161908369820734	-0.608666000555698
"46"	20.3517587939699	-0.267104183423201	-0.154312750050862	-0.379895616795539	-0.445757547798499	-0.311319532357087	-0.58019556323991	-0.308831252822636	-0.0108340858859373	-0.606828419759335
"47"	20.8040201005025	-0.268832436810521	-0.156864293768567	-0.380800579852474	-0.447485801185819	-0.313720828536558	-0.58125077383508	-0.305234086876386	-0.00546471761863304	-0.605003456134139
"48"	21.2562814070352	-0.27056069019784	-0.159401493097179	-0.381719887298502	-0.449214054573139	-0.316108456457907	-0.58231965268837	-0.301636920930136	-8.29546296151618e-05	-0.603190887230657
"49"	21.7085427135678	-0.27228894358516	-0.161924032614382	-0.382653854555938	-0.450942307960459	-0.318482212002872	-0.583402403918045	-0.298039754983886	0.00531098432863414	-0.601390494296407
"50"	22.1608040201005	-0.27401719697248	-0.164431593552891	-0.383602800392069	-0.452670561347778	-0.32084189139205	-0.584499231303506	-0.294442589037636	0.0107168841805842	-0.599602062255857
"51"	22.6130653266332	-0.2757454503598	-0.166923854112517	-0.384567046607083	-0.454398814735098	-0.323187291410266	-0.585610338059931	-0.290845423091387	0.0161345335046155	-0.597825379687388
"52"	23.0653266331658	-0.27747370374712	-0.169400489801658	-0.385546917692582	-0.456127068122418	-0.325518209640791	-0.586735926604045	-0.287248257145137	0.02156372450719	-0.596060238797463
"53"	23.5175879396985	-0.27920195713444	-0.171861173808995	-0.386542740459885	-0.457855321509738	-0.327834444708173	-0.587876198311303	-0.283651091198887	0.0270042529944535	-0.594306435392227
"54"	23.9698492462312	-0.28093021052176	-0.174305577406038	-0.387554843637482	-0.459583574897058	-0.330135796529311	-0.589031353264805	-0.280053925252637	0.0324559183414823	-0.592563768846756
"55"	24.4221105527638	-0.28265846390908	-0.17673337038102	-0.388583557437139	-0.461311828284378	-0.332422066572414	-0.590201589996341	-0.276456759306387	0.0379185234593724	-0.590832042072146
"56"	24.8743718592965	-0.284386717296399	-0.179144221504455	-0.389629213088344	-0.463040081671698	-0.334693058123383	-0.591387105220013	-0.272859593360137	0.0433918747603662	-0.58911106148064
"57"	25.3266331658291	-0.286114970683719	-0.181537799026466	-0.390692142340972	-0.464768335059018	-0.336948576559088	-0.592588093558947	-0.269262427413887	0.0488757821211959	-0.58740063694897
"58"	25.7788944723618	-0.287843224071039	-0.183913771205803	-0.391772676936275	-0.466496588446337	-0.339188429626988	-0.593804747265687	-0.265665261467637	0.0543700588448174	-0.585700581780092
"59"	26.2311557788945	-0.289571477458359	-0.186271806870174	-0.392871148046544	-0.468224841833657	-0.34141242773043	-0.595037255936885	-0.262068095521387	0.0598745216206968	-0.584010712663472
"60"	26.6834170854271	-0.291299730845679	-0.188611576007297	-0.393987885684061	-0.469953095220977	-0.343620384218925	-0.596285806223029	-0.258470929575137	0.0653889904838074	-0.582330849634082
"61"	27.1356783919598	-0.293027984232999	-0.190932750385776	-0.395123218080221	-0.471681348608297	-0.345812115682649	-0.597550581533945	-0.254873763628888	0.0709132887724776	-0.580660816030253
"62"	27.5879396984925	-0.294756237620319	-0.193235004204593	-0.396277471036044	-0.473409601995617	-0.347987442250308	-0.598831761740926	-0.251276597682638	0.0764472430852347	-0.57900043845051
"63"	28.0402010050251	-0.296484491007639	-0.195518014769706	-0.397450967245571	-0.475137855382937	-0.350146187889506	-0.600129522876367	-0.247679431736388	0.0819906832367683	-0.577349546709544
"64"	28.4924623115578	-0.298212744394958	-0.197781463195904	-0.398644025594013	-0.476866108770257	-0.352288180708652	-0.601444036831861	-0.244082265790138	0.0875434422131385	-0.575707973793414
"65"	28.9447236180905	-0.299940997782278	-0.200025035131731	-0.399856960432826	-0.478594362157577	-0.354413253259403	-0.60277547105575	-0.240485099843888	0.0931053561263434	-0.574075555814119
"66"	29.3969849246231	-0.301669251169598	-0.202248421504928	-0.401090080834268	-0.480322615544896	-0.356521242838608	-0.604123988251184	-0.236887933897638	0.0986762641683531	-0.572452131963629
"67"	29.8492462311558	-0.303397504556918	-0.204451319285526	-0.40234368982831	-0.482050868932216	-0.358611991788643	-0.605489746075789	-0.233290767951388	0.10425600856471	-0.570837544467486
"68"	30.3015075376884	-0.305125757944238	-0.206633432263332	-0.403618083625144	-0.483779122319536	-0.360685347795011	-0.606872896844061	-0.229693602005138	0.109844434527793	-0.56923163853807
"69"	30.7537688442211	-0.306854011331558	-0.208794471836258	-0.404913550826857	-0.485507375706856	-0.36274116418004	-0.608273587233672	-0.226096436058888	0.115441390209828	-0.567634262327604
"70"	31.2060301507538	-0.308582264718878	-0.210934157805582	-0.406230371632173	-0.487235629094176	-0.364779300191491	-0.609691957996861	-0.222499270112638	0.121046726655732	-0.566045266881009
"71"	31.6582914572864	-0.310310518106198	-0.213052219173951	-0.407568817038444	-0.488963882481496	-0.366799621284851	-0.611128143678141	-0.218902104166389	0.126660297755868	-0.564464506088646
"72"	32.1105527638191	-0.312038771493517	-0.215148394941655	-0.40892914804538	-0.490692135868816	-0.368801999398119	-0.612582272339513	-0.215304938220139	0.132281960198771	-0.562891836639049
"73"	32.5628140703518	-0.313767024880837	-0.217222434896453	-0.410311614865222	-0.492420389256136	-0.370786313217832	-0.614054465294439	-0.211707772273889	0.137911573423926	-0.561327117971704
"74"	33.0150753768844	-0.315495278268157	-0.219274100392039	-0.411716456144276	-0.494148642643455	-0.372752448435144	-0.615544836851767	-0.208110606327639	0.143548999574647	-0.559770212229925
"75"	33.4673366834171	-0.317223531655477	-0.221303165110066	-0.413143898200888	-0.495876896030775	-0.374700297990741	-0.61705349407081	-0.204513440381389	0.14919410345112	-0.558220984213897
"76"	33.9195979899498	-0.318951785042797	-0.223309415800562	-0.414594154285032	-0.497605149418095	-0.376629762307437	-0.618580536528753	-0.200916274435139	0.154846752463656	-0.556679301333935
"77"	34.3718592964824	-0.320680038430117	-0.225292652995492	-0.416067423864741	-0.499333402805415	-0.378540749509303	-0.620126056101527	-0.197319108488889	0.160506816586213	-0.555145033563991
"78"	34.8241206030151	-0.322408291817437	-0.227252691690261	-0.417563891944612	-0.501061656192735	-0.380433175626247	-0.621690136759223	-0.193721942542639	0.166174168310207	-0.553618053395486
"79"	35.2763819095477	-0.324136545204757	-0.229189361988003	-0.41908372842151	-0.502789909580055	-0.382306964783009	-0.623272854377101	-0.190124776596389	0.171848682598685	-0.552098235791464
"80"	35.7286432160804	-0.325864798592076	-0.231102509701652	-0.420627087482501	-0.504518162967375	-0.384162049371595	-0.624874276563154	-0.18652761065014	0.177530236840866	-0.550585458141145
"81"	36.1809045226131	-0.327593051979396	-0.232991996908999	-0.422194107049794	-0.506246416354694	-0.385998370206261	-0.626494462503128	-0.18293044470389	0.183218710807102	-0.549079600214881
"82"	36.6331658291457	-0.329321305366716	-0.234857702456197	-0.423784908277235	-0.507974669742014	-0.387815876660213	-0.628133462823816	-0.17933327875764	0.188913986604281	-0.547580544119561
"83"	37.0854271356784	-0.331049558754036	-0.236699522405534	-0.425399595102538	-0.509702923129334	-0.389614526783317	-0.629791319475352	-0.17573611281139	0.1946159486317	-0.546088174254479
"84"	37.5376884422111	-0.332777812141356	-0.238517370423663	-0.427038253859049	-0.511431176516654	-0.391394287400163	-0.631468065633145	-0.17213894686514	0.200324483537431	-0.544602377267711
"85"	37.9899497487437	-0.334506065528676	-0.240311178106962	-0.428700952950389	-0.513159429903974	-0.393155134187966	-0.633163725619982	-0.16854178091889	0.206039480175212	-0.543123042012992
"86"	38.4422110552764	-0.336234318915996	-0.242080895241189	-0.430387742590802	-0.514887683291294	-0.394897051733872	-0.634878314848715	-0.16494461497264	0.211760829561863	-0.541650059507143
"87"	38.894472361809	-0.337962572303316	-0.243826489993133	-0.432098654613498	-0.516615936678614	-0.396620033571356	-0.636611839785871	-0.16134744902639	0.217488424835259	-0.540183322888039
"88"	39.3467336683417	-0.339690825690635	-0.245547949032574	-0.433833702348697	-0.518344190065934	-0.398324082195513	-0.638364297936355	-0.15775028308014	0.223222161212873	-0.538722727373154
"89"	39.7989949748744	-0.341419079077955	-0.247245277583462	-0.435592880572449	-0.520072443453254	-0.400009209057156	-0.640135677849351	-0.15415311713389	0.228961935950897	-0.537268170218678
"90"	40.251256281407	-0.343147332465275	-0.248918499403855	-0.437376165526696	-0.521800696840573	-0.401675434535758	-0.641925959145388	-0.150555951187641	0.234707648303951	-0.535819550679233
"91"	40.7035175879397	-0.344875585852595	-0.250567656694791	-0.439183515010399	-0.523528950227893	-0.403322787891378	-0.643735112564408	-0.146958785241391	0.240459199485401	-0.534376769968182
"92"	41.1557788944724	-0.346603839239915	-0.252192809938919	-0.441014868540911	-0.525257203615213	-0.404951307195843	-0.645563100034583	-0.143361619295141	0.246216492628272	-0.532939731218554
"93"	41.608040201005	-0.348332092627235	-0.253794037670317	-0.442870147584153	-0.526985457002533	-0.406561039243561	-0.647409874761505	-0.139764453348891	0.251979432746791	-0.531508339444573
"94"	42.0603015075377	-0.350060346014555	-0.255371436177528	-0.444749255851581	-0.528713710389853	-0.408152039442448	-0.649275381337258	-0.136167287402641	0.257747926698533	-0.530082501503815
"95"	42.5125628140703	-0.351788599401875	-0.256925119142422	-0.446652079661327	-0.530441963777173	-0.40972437168556	-0.651159555868785	-0.132570121456391	0.263521883147203	-0.528662126059985
"96"	42.964824120603	-0.353516852789194	-0.258455217218003	-0.448578488360386	-0.532170217164493	-0.411278108204118	-0.653062326124867	-0.128972955510141	0.269301212526031	-0.527247123546314
"97"	43.4170854271357	-0.355245106176514	-0.259961877548763	-0.450528334804265	-0.533898470551812	-0.412813329402699	-0.654983611700926	-0.125375789563891	0.275085827001803	-0.525837406129586
"98"	43.8693467336683	-0.356973359563834	-0.261445263237622	-0.452501455890047	-0.535626723939132	-0.414330123677467	-0.656923324200798	-0.121778623617641	0.280875640439509	-0.524432887674792
"99"	44.321608040201	-0.358701612951154	-0.262905552763819	-0.454497673138489	-0.537354977326452	-0.41582858721838	-0.658881367434524	-0.118181457671391	0.286670568367622	-0.523033483710405
"100"	44.7738693467337	-0.360429866338474	-0.264342939356471	-0.456516793320476	-0.539083230713772	-0.417308823796374	-0.66085763763117	-0.114584291725142	0.292470527943997	-0.52163911139428
"101"	45.2261306532663	-0.362158119725794	-0.265757630328709	-0.458558609122878	-0.540811484101092	-0.418770944536601	-0.662852023665584	-0.110987125778892	0.298275437922392	-0.520249689480176
"102"	45.678391959799	-0.363886373113114	-0.267149846377481	-0.460622899848746	-0.542539737488412	-0.420215067678826	-0.664864407297997	-0.107389959832642	0.304085218619611	-0.518865138284894
"103"	46.1306532663317	-0.365614626500434	-0.268519820854232	-0.462709432146636	-0.544267990875732	-0.421641318326161	-0.666894663425303	-0.103792793886392	0.309899791883248	-0.517485379656031
"104"	46.5829145728643	-0.367342879887753	-0.269867799011679	-0.464817960763828	-0.545996244263052	-0.423049828183286	-0.668942660342817	-0.100195627940142	0.315719081060057	-0.516110336940341
"105"	47.035175879397	-0.369071133275073	-0.2711940372319	-0.466948229318247	-0.547724497650371	-0.424440735285404	-0.671008260015339	-0.0965984619938921	0.321543010964916	-0.5147399349527
"106"	47.4874371859297	-0.370799386662393	-0.272498802240858	-0.469099971083929	-0.549452751037691	-0.425814183719123	-0.67309131835626	-0.0930012960476422	0.327371507850393	-0.513374099945678
"107"	47.9396984924623	-0.372527640049713	-0.273782370314348	-0.471272909785078	-0.551181004425011	-0.427170323336493	-0.675191685513529	-0.0894041301013923	0.333204499376902	-0.512012759579687
"108"	48.391959798995	-0.374255893437033	-0.275045026480192	-0.473466760393874	-0.552909257812331	-0.42850930946342	-0.677309206161243	-0.0858069641551424	0.339041914583452	-0.510655842893737
"109"	48.8442211055276	-0.375984146824353	-0.276287063721236	-0.47568122992747	-0.554637511199651	-0.429831302603647	-0.679443719795655	-0.0822097982088926	0.34488368385897	-0.509303280276755
"110"	49.2964824120603	-0.377712400211673	-0.277508782183504	-0.477916018239842	-0.556365764586971	-0.431136468139494	-0.681595061034448	-0.0786126322626427	0.350729738914201	-0.507955003439487
"111"	49.748743718593	-0.379440653598992	-0.278710488393508	-0.480170818804477	-0.558094017974291	-0.432424976030482	-0.683763059918099	-0.0750154663163927	0.356580012754172	-0.506610945386957
"112"	50.2010050251256	-0.381168906986312	-0.279892494488452	-0.482445319484173	-0.559822271361611	-0.433697000510988	-0.685947542212233	-0.0714183003701429	0.362434439651212	-0.505271040391498
"113"	50.6532663316583	-0.382897160373632	-0.281055117462695	-0.484739203284569	-0.561550524748931	-0.434952719787965	-0.688148329709896	-0.067821134423893	0.368292955118531	-0.503935223966317
"114"	51.105527638191	-0.384625413760952	-0.282198678433534	-0.487052149088371	-0.56327877813625	-0.436192315739777	-0.690365240532724	-0.0642239684776431	0.374155495884329	-0.502603432839615
"115"	51.5577889447236	-0.386353667148272	-0.28332350192897	-0.489383832367574	-0.56500703152357	-0.437415973617111	-0.692598089430029	-0.0606268025313932	0.38002199986645	-0.501275604929237
"116"	52.0100502512563	-0.388081920535592	-0.284429915199835	-0.491733925871349	-0.56673528491089	-0.438623881746878	-0.694846688074902	-0.0570296365851433	0.385892406147559	-0.499951679317846
"117"	52.4623115577889	-0.389810173922912	-0.285518247558238	-0.494102100287585	-0.56846353829821	-0.439816231239965	-0.697110845356455	-0.0534324706388934	0.391766654950835	-0.498631596228622
"118"	52.9145728643216	-0.391538427310232	-0.286588829744024	-0.496488024876439	-0.57019179168553	-0.440993215703639	-0.699390367667421	-0.0498353046926435	0.397644687616174	-0.497315297001461
"119"	53.3668341708543	-0.393266680697552	-0.287641993320561	-0.498891368074542	-0.57192004507285	-0.44215503095933	-0.70168505918637	-0.0462381387463936	0.403526446576898	-0.496002724069685
"120"	53.8190954773869	-0.394994934084871	-0.288678070100889	-0.501311798068854	-0.57364829846017	-0.443301874766463	-0.703994722153876	-0.0426409728001437	0.40941187533695	-0.494693820937237
"121"	54.2713567839196	-0.396723187472191	-0.289697391604961	-0.503748983339421	-0.575376551847489	-0.444433946552955	-0.706319157142024	-0.0390438068538939	0.415300918448575	-0.493388532156363
"122"	54.7236180904523	-0.398451440859511	-0.290700288548444	-0.506202593170579	-0.577104805234809	-0.445551447152909	-0.708658163316709	-0.0354466409076439	0.421193521490481	-0.492086803305768
"123"	55.1758793969849	-0.400179694246831	-0.291687090363269	-0.508672298130393	-0.578833058622129	-0.446654578551988	-0.711011538692271	-0.031849474961394	0.427089631046459	-0.490788580969247
"124"	55.6281407035176	-0.401907947634151	-0.292658124749939	-0.511157770518363	-0.580561312009449	-0.447743543640889	-0.713379080378009	-0.0282523090151441	0.432989194684471	-0.489493812714759
"125"	56.0804020100502	-0.403636201021471	-0.293613717261325	-0.513658684781616	-0.582289565396769	-0.448818545977271	-0.715760584816267	-0.0246551430688942	0.438892160936175	-0.488202447073964
"126"	56.5326633165829	-0.405364454408791	-0.294554190917565	-0.516174717900016	-0.584017818784089	-0.449879789556435	-0.718155848011743	-0.0210579771226443	0.444798479276907	-0.486914433522196
"127"	56.9849246231156	-0.407092707796111	-0.295479865851458	-0.518705549740763	-0.585746072171409	-0.450927478590992	-0.720564665751825	-0.0174608111763944	0.450708100106081	-0.48562972245887
"128"	57.4371859296482	-0.40882096118343	-0.296391058983648	-0.521250863383213	-0.587474325558729	-0.45196181729972	-0.722986833817737	-0.0138636452301445	0.456620974728023	-0.484348265188312
"129"	57.8894472361809	-0.41054921457075	-0.297288083726727	-0.523810345414774	-0.589202578946048	-0.452983009705731	-0.725422148186366	-0.0102664792838947	0.46253705533322	-0.483070013901009
"130"	58.3417085427136	-0.41227746795807	-0.298171249717323	-0.526383686198817	-0.590930832333368	-0.453991259444041	-0.727870405222695	-0.00666931333764476	0.468456294979971	-0.481794921655261
"131"	58.7939698492462	-0.41400572134539	-0.299040862575127	-0.528970580115653	-0.592659085720688	-0.454986769578595	-0.730331401862781	-0.00307214739139489	0.474378647576447	-0.480522942359237
"132"	59.2462311557789	-0.41573397473271	-0.299897223687751	-0.531570725777669	-0.594387339108008	-0.455969742428723	-0.732804935787293	0.000525018554855039	0.480304067863135	-0.479254030753425
"133"	59.6984924623116	-0.41746222812003	-0.300740630020275	-0.534183826219784	-0.596115592495328	-0.456940379405016	-0.73529080558564	0.00412218450110491	0.486232511395666	-0.477988142393457
"134"	60.1507537688442	-0.41919048150735	-0.301571373948275	-0.536809589066424	-0.597843845882648	-0.457898880854528	-0.737788810910768	0.00771935044735483	0.492163934528029	-0.47672523363332
"135"	60.6030150753769	-0.420918734894669	-0.302389743113126	-0.539447726676213	-0.599572099269968	-0.458845445915198	-0.740298752624737	0.0113165163936048	0.498098294396137	-0.475465261608927
"136"	61.0552763819096	-0.422646988281989	-0.303196020298348	-0.542097956265631	-0.601300352657288	-0.459780272379368	-0.742820432935207	0.0149136823398546	0.504035548901765	-0.474208184222056
"137"	61.5075376884422	-0.424375241669309	-0.30399048332577	-0.544760000012848	-0.603028606044608	-0.460703556566212	-0.745353655523003	0.0185108482861046	0.50997565669684	-0.472953960124631
"138"	61.9597989949749	-0.426103495056629	-0.304773404970289	-0.547433585142969	-0.604756859431927	-0.461615493202908	-0.747898225660947	0.0221080142323543	0.515918577168068	-0.471702548703359
"139"	62.4120603015075	-0.427831748443949	-0.305545052892021	-0.550118443995877	-0.606485112819247	-0.462516275314333	-0.750453950324161	0.0257051801786042	0.521864270421909	-0.470453910064701
"140"	62.8643216080402	-0.429560001831269	-0.306305689584661	-0.552814314077876	-0.608213366206567	-0.46340609412106	-0.753020638292075	0.0293023461248542	0.527812697269877	-0.469208005020169
"141"	63.3165829145729	-0.431288255218589	-0.307055572338913	-0.555520938098264	-0.609941619593887	-0.464285138945412	-0.755598100242362	0.0328995120711041	0.533763819214163	-0.467964795071955
"142"	63.7688442211055	-0.433016508605909	-0.307794953219851	-0.558238063991967	-0.611669872981207	-0.465153597125325	-0.758186148837088	0.036496678017354	0.539717598433577	-0.466724242398869
"143"	64.2211055276382	-0.434744761993228	-0.308524079057155	-0.560965444929302	-0.613398126368527	-0.466011653935751	-0.760784598801303	0.0400938439636038	0.545673997769801	-0.465486309842593
"144"	64.6733668341708	-0.436473015380548	-0.309243191447174	-0.563702839313923	-0.615126379755847	-0.466859492517321	-0.763393266994373	0.0436910099098537	0.551632980713937	-0.46425096089423
"145"	65.1256281407035	-0.438201268767868	-0.309952526765812	-0.566450010769924	-0.616854633143166	-0.46769729381201	-0.766011972474323	0.0472881758561037	0.557594511393365	-0.463018159681157
"146"	65.5778894472362	-0.439929522155188	-0.310652316191314	-0.569206728119062	-0.618582886530486	-0.4685252365055	-0.768640536555473	0.0508853418023536	0.563558554558873	-0.461787870954166
"147"	66.0301507537689	-0.441657775542508	-0.311342785736018	-0.571972765348998	-0.620311139917806	-0.469343496975961	-0.771278782859652	0.0544825077486035	0.569525075572086	-0.460560060074879
"148"	66.4824120603015	-0.443386028929828	-0.312024156286245	-0.574747901573411	-0.622039393305126	-0.47015224924897	-0.773926537361282	0.0580796736948535	0.575494040393165	-0.459334693003458
"149"	66.9346733668342	-0.445114282317148	-0.3126966436495	-0.577531920984796	-0.623767646692446	-0.470951664958277	-0.776583628426615	0.0616768396411033	0.581465415568773	-0.458111736286566
"150"	67.3869346733668	-0.446842535704468	-0.313360458608229	-0.580324612800707	-0.625495900079766	-0.471741913312125	-0.779249886847407	0.0652740055873531	0.587439168220314	-0.456891157045608
"151"	67.8391959798995	-0.448570789091787	-0.314015806979416	-0.583125771204159	-0.627224153467086	-0.472523161064859	-0.781925145869312	0.068871171533603	0.593415266032427	-0.455672922965221
"152"	68.2914572864322	-0.450299042479107	-0.314662889679353	-0.585935195278862	-0.628952406854406	-0.473295572493536	-0.784609241215275	0.0724683374798529	0.599393677241729	-0.454457002282023
"153"	68.7437185929648	-0.452027295866427	-0.315301902792939	-0.588752688939915	-0.630680660241725	-0.474059309379258	-0.787302011104193	0.0760655034261029	0.60537437062581	-0.453243363773604
"154"	69.1959798994975	-0.453755549253747	-0.315933037646953	-0.591578060860541	-0.632408913629045	-0.474814530992973	-0.790003296265118	0.0796626693723528	0.611357315492472	-0.452031976747766
"155"	69.6482412060301	-0.455483802641067	-0.316556480886729	-0.594411124395405	-0.634137167016365	-0.475561394085476	-0.792712939947255	0.0832598353186026	0.617342481669195	-0.45082281103199
"156"	70.1005025125628	-0.457212056028387	-0.317172414555746	-0.597251697501028	-0.635865420403685	-0.476300052881353	-0.795430787926017	0.0868570012648525	0.623329839492845	-0.44961583696314
"157"	70.5527638190955	-0.458940309415707	-0.317781016177671	-0.600099602653742	-0.637593673791005	-0.477030659076631	-0.798156688505379	0.0904541672111023	0.629319359799597	-0.448411025377393
"158"	71.0050251256281	-0.460668562803027	-0.318382458840407	-0.602954666765646	-0.639321927178325	-0.477753361839879	-0.80089049251677	0.0940513331573523	0.635311013915088	-0.447208347600383
"159"	71.4572864321608	-0.462396816190346	-0.318976911281772	-0.605816721098921	-0.641050180565645	-0.478468307816551	-0.803632053314738	0.0976484991036022	0.641304773644776	-0.446007775437572
"160"	71.9095477386935	-0.464125069577666	-0.319564537976432	-0.6086856011789	-0.642778433952965	-0.479175641136324	-0.806381226769606	0.101245665049852	0.647300611264519	-0.444809281164815
"161"	72.3618090452261	-0.465853322964986	-0.320145499223768	-0.611561146706204	-0.644506687340284	-0.479875503423231	-0.809137871257338	0.104842830996102	0.653298499511352	-0.443612837519148
"162"	72.8140703517588	-0.467581576352306	-0.320719951236363	-0.614443201468249	-0.646234940727604	-0.480568033808388	-0.811901847646821	0.108439996942352	0.659298411574468	-0.442418417689765
"163"	73.2663316582915	-0.469309829739626	-0.321288046228841	-0.617331613250411	-0.647963194114924	-0.481253368945099	-0.814673019284749	0.112037162888602	0.665300321086398	-0.441225995309195
"164"	73.7185929648241	-0.471038083126946	-0.321849932506815	-0.620226233747077	-0.649691447502244	-0.48193164302617	-0.817451251978318	0.115634328834852	0.671304202114377	-0.440035544444674
"165"	74.1708542713568	-0.472766336514266	-0.322405754555695	-0.623126918472836	-0.651419700889564	-0.482602987803237	-0.820236413975891	0.119231494781102	0.677310029151901	-0.438847039589698
"166"	74.6231155778895	-0.474494589901586	-0.322955653129189	-0.626033526673983	-0.653147954276884	-0.483267532607948	-0.823028375945819	0.122828660727352	0.683317777110469	-0.437660455655766
"167"	75.0753768844221	-0.476222843288905	-0.323499765337272	-0.628945921240539	-0.654876207664204	-0.483925404374827	-0.82582701095358	0.126425826673601	0.689327421311499	-0.436475767964296
"168"	75.5276381909548	-0.477951096676225	-0.324038224733504	-0.631863968618947	-0.656604461051524	-0.484576727665669	-0.828632194437378	0.130022992619851	0.695338937478423	-0.435292952238721
"169"	75.9798994974874	-0.479679350063545	-0.324571161401514	-0.634787538725576	-0.658332714438843	-0.485221624695322	-0.831443804182365	0.133620158566101	0.701352301728953	-0.434111984596751
"170"	76.4321608040201	-0.481407603450865	-0.325098702040551	-0.637716504861179	-0.660060967826163	-0.485860215358706	-0.834261720293621	0.137217324512351	0.707367490567507	-0.432932841542805
"171"	76.8844221105528	-0.483135856838185	-0.325620970049964	-0.640650743626406	-0.661789221213483	-0.486492617258955	-0.837085825168011	0.140814490458601	0.713384480877808	-0.431755499960606
"172"	77.3366834170854	-0.484864110225505	-0.326138085612537	-0.643590134838472	-0.663517474600803	-0.487118945736539	-0.839916003465067	0.144411656404851	0.719403249915636	-0.430579937105935
"173"	77.7889447236181	-0.486592363612825	-0.326650165776574	-0.646534561449075	-0.665245727988123	-0.487739313899262	-0.842752142076984	0.148008822351101	0.725423775301738	-0.429406130599536
"174"	78.2412060301507	-0.488320617000145	-0.327157324536668	-0.649483909463621	-0.666973981375443	-0.488353832653023	-0.845594130097863	0.151605988297351	0.731446035014885	-0.428234058420183
"175"	78.6934673366834	-0.490048870387464	-0.327659672913096	-0.652438067861833	-0.668702234762763	-0.488962610733234	-0.848441858792291	0.155203154243601	0.737470007385088	-0.427063698897887
"176"	79.1457286432161	-0.491777123774784	-0.328157319029777	-0.655396928519791	-0.670430488150083	-0.489565754736803	-0.851295221563362	0.15880032018985	0.743495671086948	-0.425895030707248
"177"	79.5979899497488	-0.493505377162104	-0.328650368190758	-0.658360386133451	-0.672158741537402	-0.490163369154584	-0.854154113920221	0.1623974861361	0.749523005133157	-0.424728032860956
"178"	80.0502512562814	-0.495233630549424	-0.329138922955188	-0.66132833814366	-0.673886994924722	-0.49075555640422	-0.857018433445225	0.16599465208235	0.755551988868127	-0.423562684703427
"179"	80.5025125628141	-0.496961883936744	-0.32962308321076	-0.664300684662728	-0.675615248312042	-0.491342416863291	-0.859888079760793	0.1695918180286	0.761582601961767	-0.422398965904566
"180"	80.9547738693467	-0.498690137324064	-0.330102946245589	-0.667277328402538	-0.677343501699362	-0.491924048902697	-0.862762954496028	0.17318898397485	0.76761482440338	-0.42123685645368
"181"	81.4070351758794	-0.500418390711384	-0.330578606818525	-0.670258174604243	-0.679071755086682	-0.492500548920207	-0.865642961253157	0.1767861499211	0.773648636495701	-0.420076336653501
"182"	81.8592964824121	-0.502146644098704	-0.331050157227875	-0.673243130969533	-0.680800008474002	-0.493072011374113	-0.86852800557389	0.18038331586735	0.77968401884905	-0.41891738711435
"183"	82.3115577889447	-0.503874897486023	-0.331517687378555	-0.676232107593492	-0.682528261861322	-0.49363852881693	-0.871417994905713	0.1839804818136	0.785720952375615	-0.417759988748415
"184"	82.7638190954774	-0.505603150873343	-0.331981284847649	-0.679225016899037	-0.684256515248642	-0.494200191929076	-0.874312838568207	0.18757764775985	0.791759418283856	-0.416604122764157
"185"	83.21608040201	-0.507331404260663	-0.332441034948395	-0.682221773572931	-0.685984768635961	-0.494757089552508	-0.877212447719415	0.191174813706099	0.797799398073024	-0.415449770660825
"186"	83.6683417085427	-0.509059657647983	-0.332897020792597	-0.685222294503369	-0.687713022023281	-0.495309308724237	-0.880116735322326	0.194771979652349	0.803840873527793	-0.414296914223095
"187"	84.1206030150754	-0.510787911035303	-0.333349323351486	-0.68822649871912	-0.689441275410601	-0.495856934709703	-0.883025616111499	0.198369145598599	0.809883826713012	-0.413145535515813
"188"	84.572864321608	-0.512516164422623	-0.333798021515038	-0.691234307330208	-0.691169528797921	-0.496400051035964	-0.885939006559878	0.201966311544849	0.815928239968557	-0.411995616878859
"189"	85.0251256281407	-0.514244417809943	-0.33424319214976	-0.694245643470126	-0.692897782185241	-0.496938739524656	-0.888856824845826	0.205563477491099	0.821974095904303	-0.410847140922105
"190"	85.4773869346734	-0.515972671197263	-0.33468491015498	-0.697260432239545	-0.694626035572561	-0.497473080324702	-0.89177899082042	0.209160643437349	0.828021377395184	-0.409700090520485
"191"	85.929648241206	-0.517700924584583	-0.335123248517646	-0.700278600651519	-0.696354288959881	-0.49800315194474	-0.894705425975021	0.212757809383599	0.834070067576372	-0.408554448809175
"192"	86.3819095477387	-0.519429177971902	-0.335558278365668	-0.703300077578137	-0.698082542347201	-0.498529031285236	-0.897636053409165	0.216354975329849	0.840120149838549	-0.407410199178852
"193"	86.8341708542714	-0.521157431359222	-0.335990069019817	-0.706324793698628	-0.69981079573452	-0.499050793670265	-0.900570797798776	0.219952141276099	0.846171607823273	-0.406267325271076
"194"	87.286432160804	-0.522885684746542	-0.336418688044222	-0.709352681448862	-0.70153904912184	-0.499568512878938	-0.903509585364743	0.223549307222348	0.852224425418447	-0.40512581097375
"195"	87.7386934673367	-0.524613938133862	-0.336844201295476	-0.712383674972248	-0.70326730250916	-0.50008226117645	-0.90645234384187	0.227146473168598	0.858278586753877	-0.40398564041668
"196"	88.1909547738694	-0.526342191521182	-0.337266672970381	-0.715417710071983	-0.70499555589648	-0.500592109344745	-0.909399002448215	0.230743639114848	0.864334076196924	-0.402846797967228
"197"	88.643216080402	-0.528070444908502	-0.337686165652374	-0.71845472416463	-0.7067238092838	-0.501098126712763	-0.912349491854836	0.234340805061098	0.870390878348244	-0.401709268226047
"198"	89.0954773869347	-0.529798698295821	-0.338102740356641	-0.721494656235002	-0.70845206267112	-0.501600381186281	-0.915303744155958	0.237937971007348	0.876448978037613	-0.400573036022917
"199"	89.5477386934673	-0.531526951683141	-0.338516456573968	-0.724537446792315	-0.71018031605844	-0.502098939277314	-0.918261692839566	0.241535136953598	0.882508360319843	-0.399438086412647
"200"	90	-0.533255205070461	-0.338927372313338	-0.727583037827584	-0.71190856944576	-0.502593866133076	-0.921223272758443	0.245132302899848	0.888569010470778	-0.398304404671082
