"Latitude"	"Marginal"	"Upper"	"Lower"	"Lakeweb"	"Lakeweb_upper"	"Lakeweb_lower"	"Marine"	"Marine_upper"	"Marine_lower"	"Terrestrial"	"Terr_upper"	"Terr_lower"	"Stream"	"Stream_upper"	"Stream_lower"
"1"	0	-0.535583864821375	-0.359121716689308	-0.712046012953442	-0.283642614767964	-0.139110973625132	-0.428174255910796	-0.426482020972535	-0.270267561651588	-0.582696480293481	-0.772288138722239	-0.525564536681113	-1.01901174076337	-0.921807034554799	-0.684953987883561	-1.15866008122604
"2"	0.452261306532663	-0.536616640272661	-0.361166475246364	-0.712066805298957	-0.28467539021925	-0.141325931406881	-0.428024849031618	-0.42751479642382	-0.272419532240901	-0.582610060606739	-0.768631936128142	-0.521155371022176	-1.01610850123411	-0.919062774438459	-0.681476713768512	-1.15664883510841
"3"	0.904522613065327	-0.537649415723946	-0.363205611918991	-0.712093219528902	-0.285708165670535	-0.143536617933397	-0.427879713407673	-0.428547571875106	-0.274566617738502	-0.58252852601171	-0.764975733534045	-0.516720593250496	-1.01323087381759	-0.91631851432212	-0.677981568730903	-1.15465545991334
"4"	1.35678391959799	-0.538682191175232	-0.365239028848363	-0.7121253535021	-0.286740941121821	-0.1457429261572	-0.427738956086441	-0.429580347326391	-0.276708711319302	-0.582451983333481	-0.761319530939948	-0.512260443561433	-1.01037861831846	-0.91357425420578	-0.67446872113574	-1.15267978727582
"5"	1.80904522613065	-0.539714966626517	-0.367266626467028	-0.712163306786006	-0.287773716573106	-0.147944745841827	-0.427602687304386	-0.430613122777677	-0.278845703520561	-0.582380542034793	-0.75766332834585	-0.507775166836566	-1.00755148985514	-0.910829994089441	-0.670938341134328	-1.15072164704455
"6"	2.26130653266332	-0.540747742077803	-0.369288303482556	-0.712207180673049	-0.288806492024392	-0.150141963462144	-0.42747102058664	-0.431645898228962	-0.280977482181465	-0.58231431427646	-0.754007125751753	-0.503265012321999	-1.00474923918151	-0.908085733973101	-0.667390600511216	-1.14878086743499
"7"	2.71356783919598	-0.541780517529088	-0.371303956862095	-0.712257078196081	-0.289839267475677	-0.152334462102092	-0.427344072849263	-0.432678673680248	-0.283103932382213	-0.582253414978283	-0.750350923157656	-0.498730233308815	-1.0019716130065	-0.905341473856762	-0.663825672533528	-1.14685727518
"8"	3.16582914572864	-0.542813292980374	-0.373313481817905	-0.712313104142842	-0.290872042926963	-0.154522121349866	-0.42722196450406	-0.433711449131533	-0.285224936382725	-0.582197961880342	-0.746694720563559	-0.494171086816437	-0.999218354310681	-0.902597213740422	-0.660243731802896	-1.14495069567795
"9"	3.61809045226131	-0.543846068431659	-0.375316771793971	-0.712375365069347	-0.291904818378248	-0.156704817190567	-0.427104819565929	-0.434744224582819	-0.287340373561057	-0.582148075604581	-0.743038517969462	-0.489587833279614	-0.996489202659309	-0.899852953624083	-0.656644954110183	-1.14306095313798
"10"	4.07035175879397	-0.544878843882945	-0.377313718453783	-0.712443969312107	-0.292937593829534	-0.158882421896358	-0.42699276576271	-0.435777000034104	-0.289450120351644	-0.582103879716565	-0.739382315375364	-0.484980736239716	-0.993783894511013	-0.897108693507744	-0.65302951629319	-1.1411878707223
"11"	4.52261306532663	-0.54591161933423	-0.379304211669374	-0.712519026999086	-0.293970369280819	-0.16105480391418	-0.426885934647458	-0.43680977548539	-0.291554050183492	-0.582065500787288	-0.735726112781267	-0.480350062040936	-0.991102163521599	-0.894364433391404	-0.649397596097487	-1.13933127068532
"12"	4.9748743718593	-0.546944394785516	-0.381288139511735	-0.712600650059296	-0.295003144732105	-0.163221827751096	-0.426784461713113	-0.437842550936675	-0.293652033418458	-0.582033068454893	-0.73206991018717	-0.475696079532006	-0.988443740842334	-0.891620173275065	-0.645749372040542	-1.13749097450959
"13"	5.42713567839196	-0.547977170236801	-0.383265388242689	-0.712688952230914	-0.29603592018339	-0.16538335385735	-0.426688486509431	-0.438875326387961	-0.295743937289769	-0.582006715486153	-0.728413707593073	-0.471019059773942	-0.985808355412203	-0.888875913158725	-0.64208502327926	-1.13566680303819
"14"	5.87939698492462	-0.549009945688087	-0.385235842308353	-0.712784049067821	-0.297068695634676	-0.167539238507242	-0.426598152762109	-0.439908101839247	-0.297829625840944	-0.581986577837549	-0.724757504998976	-0.4663192757543	-0.983195734243651	-0.886131653042386	-0.638404729481056	-1.13385857660372
"15"	6.33165829145729	-0.550042721139372	-0.387199384334296	-0.712886057944448	-0.298101471085961	-0.169689333677964	-0.426513608493959	-0.440940877290532	-0.299908959865297	-0.581972794715767	-0.721101302404878	-0.46159700210839	-0.980605602701367	-0.883387392926046	-0.634708670698563	-1.13206611515353
"16"	6.78391959798995	-0.551075496590658	-0.389155895122514	-0.712995098058802	-0.299134246537247	-0.171833486926516	-0.426435006147977	-0.441973652741818	-0.301981796846226	-0.581965508637409	-0.717445099810781	-0.456852514847828	-0.978037684773735	-0.880643132809707	-0.630997027248059	-1.13028923837135
"17"	7.23618090452261	-0.552108272041943	-0.391105253650332	-0.713111290433555	-0.300167021988532	-0.173971541264921	-0.426362502712143	-0.443006428193103	-0.304047990898488	-0.581964865487719	-0.713788897216684	-0.452086091096773	-0.975491703336595	-0.877898872693367	-0.627269979591691	-1.12852776579504
"18"	7.68844221105528	-0.553141047493229	-0.393047337071388	-0.71323475791507	-0.301199797439818	-0.176103335033908	-0.426296259845728	-0.444039203644389	-0.3061073927107	-0.581971014578077	-0.710132694622587	-0.44729800883615	-0.972967380409023	-0.875154612577028	-0.623527708223547	-1.12678151693051
"19"	8.14070351758794	-0.554173822944514	-0.394982020718801	-0.713365625170228	-0.302232572891103	-0.178228701775324	-0.426236444006883	-0.445071979095674	-0.308159849489318	-0.58198410870203	-0.70647649202849	-0.442488546656108	-0.970464437400871	-0.872410352460689	-0.619770393559625	-1.12505031136175
"20"	8.5929648241206	-0.5552065983958	-0.396909178110677	-0.713504018680923	-0.303265348342389	-0.180347470103541	-0.426183226581237	-0.44610475454696	-0.31020520490435	-0.582004304189569	-0.702820289434392	-0.437657983516931	-0.967982595351854	-0.869666092344349	-0.615998215831739	-1.12333396885696
"21"	9.04522613065327	-0.556239373847085	-0.398828680958087	-0.713650066736084	-0.304298123793674	-0.182459463576166	-0.426136784011183	-0.447137529998245	-0.312243299037108	-0.582031760959382	-0.699164086840295	-0.432806598518572	-0.965521575162018	-0.86692183222801	-0.612211354985371	-1.12163230947065
"22"	9.49748743718593	-0.557272149298371	-0.400740399175656	-0.713803899421086	-0.30533089924496	-0.184564500564407	-0.426097297925513	-0.448170305449531	-0.314273968330308	-0.582066642568753	-0.695507884246198	-0.427934670678947	-0.963081097813449	-0.86417757211167	-0.608409990581486	-1.11994515364185
"23"	9.94974874371859	-0.558304924749656	-0.402644200894917	-0.713965648604395	-0.306363674696245	-0.186662394123485	-0.426064955269006	-0.449203080900816	-0.316297045540836	-0.582109116260796	-0.691851681652101	-0.423042478721077	-0.960660884583125	-0.861433311995331	-0.604594301702314	-1.11827232228835
"24"	10.4020100502513	-0.559337700200942	-0.404539952480575	-0.714135447921309	-0.307396450147531	-0.188752951863541	-0.42603994843152	-0.450235856352102	-0.318312359695563	-0.58215935300864	-0.688195479058004	-0.418130300869152	-0.958260657246855	-0.858689051878991	-0.600764466861076	-1.11661363689691
"25"	10.8542713567839	-0.560370475652227	-0.406427518549829	-0.714313432754626	-0.308429225598816	-0.190835975821531	-0.426022475376102	-0.451268631803387	-0.320319736050568	-0.582217527556207	-0.684539276463906	-0.41319841465353	-0.955880138274283	-0.855944791762652	-0.596920663915646	-1.11496891960966
"26"	11.3065326633166	-0.561403251103513	-0.408306761994914	-0.714499740212112	-0.309462001050102	-0.192911262334645	-0.426012739765558	-0.452301407254673	-0.322318996054181	-0.582283818455164	-0.680883073869809	-0.408247096724685	-0.953519051014933	-0.853200531646312	-0.593063069986115	-1.11333799330651
"27"	11.7587939698492	-0.562436026554798	-0.410177544009019	-0.714694509100578	-0.310494776501387	-0.194978601915877	-0.426010951086897	-0.453334182705958	-0.324309957314289	-0.582358408097627	-0.677226871275712	-0.403276622676056	-0.951177119875367	-0.850456271529973	-0.589191861376217	-1.11172068168373
"28"	12.2110552763819	-0.563468802006084	-0.412039724115729	-0.714897879896439	-0.311527551952673	-0.197037779132403	-0.426017324772943	-0.454366958157244	-0.326292433570336	-0.582441482744152	-0.673570668681615	-0.398287266875754	-0.948854070487475	-0.847712011413634	-0.585307213498581	-1.11011680932869
"29"	12.6633165829146	-0.564501577457369	-0.413893160202162	-0.715109994712577	-0.312560327403958	-0.199088572487504	-0.426032082320413	-0.455399733608529	-0.328266234670521	-0.582533232546537	-0.669914466087518	-0.393279302307028	-0.946549629868007	-0.844967751297294	-0.581409300803746	-1.10852620179084
"30"	13.1155778894472	-0.565534352908655	-0.415737708555953	-0.715330997261357	-0.313593102855244	-0.201130754306859	-0.426055451403629	-0.456432509059815	-0.330231166554696	-0.582633851564933	-0.66625826349342	-0.3882530004174	-0.94426352656944	-0.842223491180955	-0.577498296712898	-1.10694868564901
"31"	13.5678391959799	-0.56656712835994	-0.417573223906245	-0.715561032813636	-0.314625878306529	-0.203164090630068	-0.426087665982991	-0.4574652845111	-0.33218703124349	-0.582743537778711	-0.662602060899323	-0.383208630976332	-0.941995490822314	-0.839479231064615	-0.573574373554242	-1.10538408857499
"32"	14.0201005025126	-0.567599903811226	-0.419399559468848	-0.715800248153604	-0.315658653757815	-0.205188341108386	-0.426128966407244	-0.458498059962386	-0.334133626834225	-0.582862493090546	-0.658945858305226	-0.378146461941279	-0.939745254669173	-0.836734970948276	-0.569637702502971	-1.10383223939358
"33"	14.4723618090452	-0.568632679262511	-0.421216566995711	-0.716048791529312	-0.3166914292091	-0.20720325890971	-0.42617959950849	-0.459530835413671	-0.33607074750422	-0.582990923323123	-0.655289655711129	-0.373066759331975	-0.937512552090282	-0.833990710831936	-0.565688453524724	-1.10229296813915
"34"	14.9246231155779	-0.569665454713797	-0.423024096828881	-0.716306812598713	-0.317724204660386	-0.209208590631945	-0.426239818688827	-0.460563610864957	-0.337998183522063	-0.58312903820785	-0.651633453117032	-0.36796978711277	-0.935297119121293	-0.831246450715597	-0.561726795322492	-1.1007661061087
"35"	15.3768844221106	-0.570698230165082	-0.424821997959073	-0.716574462371092	-0.318756980111671	-0.211204076225971	-0.426309883997372	-0.461596386316242	-0.339915721267524	-0.583277051364961	-0.647977250522934	-0.362855807082822	-0.933098693963047	-0.828502190599257	-0.557752895286857	-1.09925148591166
"36"	15.8291457286432	-0.571731005616368	-0.426610118089013	-0.716851893143723	-0.319789755562957	-0.213189448929536	-0.426390062196378	-0.462629161767528	-0.341823143260723	-0.583435180274332	-0.644321047928837	-0.357725078773953	-0.930917017083721	-0.825757930482918	-0.55376691944951	-1.09774894151633
"37"	16.2814070351759	-0.572763781067654	-0.428388303701695	-0.717139258433612	-0.320822531014243	-0.215164435213457	-0.426480626815028	-0.463661937218813	-0.343720228201266	-0.583603646236361	-0.64066484533474	-0.352577859355959	-0.928751831313521	-0.823013670366579	-0.549769032439941	-1.09625830829322
"38"	16.7336683417085	-0.573796556518939	-0.430156400133668	-0.71743671290421	-0.321855306465528	-0.217128754741659	-0.426581858189397	-0.464694712670099	-0.34560675101801	-0.583782674322188	-0.637008642740643	-0.347414403549137	-0.926602881932149	-0.820269410250239	-0.545759397445215	-1.09477942305526
"39"	17.1859296482412	-0.574829331970225	-0.431914251653493	-0.717744412286956	-0.322888081916814	-0.219082120346622	-0.426694043487005	-0.465727488121384	-0.347482482930195	-0.583972493312574	-0.633352440146546	-0.342234963543829	-0.924469916749262	-0.8175251501339	-0.541738176172765	-1.09331212409503
"40"	17.6381909547739	-0.57586210742151	-0.433661701545485	-0.718062513297535	-0.323920857368099	-0.221024238021943	-0.426817476714255	-0.46676026357267	-0.349347191520639	-0.5841733356247	-0.629696237552448	-0.337039788926731	-0.922352686178165	-0.81478089001756	-0.537705528816072	-1.09185625121905
"41"	18.0904522613065	-0.576894882872796	-0.435398592198834	-0.718391173546757	-0.324953632819385	-0.222954806933794	-0.426952458704975	-0.467793039023955	-0.351200640821749	-0.584385437226162	-0.626040034958351	-0.331829126613745	-0.920250943302957	-0.812036629901221	-0.533661614023176	-1.09041164577927
"42"	18.5427135678392	-0.577927658324081	-0.437124765202207	-0.718730551445955	-0.32598640827067	-0.224873519453141	-0.427099297088199	-0.468825814475241	-0.353042591415058	-0.584609037535424	-0.622383832364254	-0.326603220789126	-0.918164443939382	-0.809292369784881	-0.529606588867906	-1.08897815070186
"43"	18.9949748743719	-0.578960433775367	-0.438840061443912	-0.719080806106821	-0.327019183721956	-0.226780061210688	-0.427258306233223	-0.469858589926526	-0.354872800545047	-0.584844379308006	-0.618727629770157	-0.321362312850694	-0.91609294668962	-0.806548109668542	-0.525540608823732	-1.08755561051335
"44"	19.4472361809045	-0.579993209226652	-0.440544321217688	-0.719442097235616	-0.328051959173241	-0.228674111176581	-0.427429807169901	-0.470891365377812	-0.356691022247961	-0.585091708507663	-0.61507142717606	-0.316106641360863	-0.914036212991256	-0.803803849552202	-0.521463827740162	-1.08614387136424
"45"	19.8994974874372	-0.581025984677938	-0.442237384334165	-0.71981458502171	-0.329084734624527	-0.230555341766956	-0.427614127482097	-0.471924140829097	-0.358497007496349	-0.585351274161846	-0.611415224581962	-0.310836442003256	-0.911994007160669	-0.801059589435863	-0.51737639782157	-1.08474278105016
"46"	20.3517587939699	-0.582058760129223	-0.443919090238036	-0.72019843002041	-0.330117510075812	-0.232423418979516	-0.427811601172108	-0.472956916280383	-0.360290504360014	-0.585623328200751	-0.607759021987865	-0.305551947544652	-0.909966096431079	-0.798315329319524	-0.513278469608379	-1.08335218903067
"47"	20.8040201005025	-0.583091535580509	-0.445589278130951	-0.720593793030066	-0.331150285527098	-0.234278002560312	-0.428022568493883	-0.473989691731668	-0.362071258184058	-0.585908125279279	-0.604102819393768	-0.300253387802047	-0.907952250985489	-0.795571069203184	-0.509170191960498	-1.08197194644587
"48"	21.2562814070352	-0.584124311031794	-0.447247787100119	-0.721000834963469	-0.332183060978383	-0.236118746203966	-0.4282473757528	-0.475022467182954	-0.363839011784646	-0.586205922581261	-0.600446616799671	-0.29494098961458	-0.905952243984761	-0.792826809086845	-0.505051712042921	-1.08060190613077
"49"	21.7085427135678	-0.58515708648308	-0.448894456252601	-0.721419716713558	-0.333215836429669	-0.237945297789566	-0.428486375069771	-0.476055242634239	-0.365593505663107	-0.586516979605372	-0.596790414205574	-0.289614976820101	-0.903965851591046	-0.790082548970505	-0.500923175313399	-1.07924192262761
"50"	22.1608040201005	-0.586189861934365	-0.450529124855232	-0.721850599013498	-0.334248611880954	-0.239757299654443	-0.428739924107466	-0.477088018085525	-0.367334478238887	-0.586841557932163	-0.593134211611476	-0.284275570236146	-0.901992852986807	-0.787338288854166	-0.496784725512101	-1.07789185219623
"51"	22.6130653266332	-0.587222637385651	-0.452151632480102	-0.722293642291199	-0.33528138733224	-0.241554388908005	-0.429008385756475	-0.47812079353681	-0.369061666101867	-0.587179920971754	-0.589478009017379	-0.278922987645109	-0.900033030389649	-0.784594028737826	-0.492636504653171	-1.07655155282248
"52"	23.0653266331658	-0.588255412836936	-0.453761819155484	-0.722749006518389	-0.336314162783525	-0.243336197787723	-0.429292127779328	-0.479153568988096	-0.370774804284439	-0.587532333691753	-0.585821806423282	-0.27355744378338	-0.898086169063184	-0.781849768621487	-0.488478653018086	-1.07522088422489
"53"	23.5175879396985	-0.589288188288222	-0.45535952552209	-0.723216851054353	-0.337346938234811	-0.245102354059258	-0.429591522410363	-0.480186344439381	-0.372473626553676	-0.587899062325087	-0.582165603829185	-0.268179150334237	-0.896152057324133	-0.779105508505147	-0.484311309150756	-1.07389970785954
"54"	23.9698492462312	-0.590320963739507	-0.456944592994489	-0.723697334484525	-0.338379713686096	-0.246852481462587	-0.429906945909605	-0.481219119890667	-0.374157865723828	-0.588280374057506	-0.578509401235088	-0.262788315924297	-0.894230486545879	-0.776361248388808	-0.480134609854257	-1.07258788692336
"55"	24.4221105527638	-0.591353739190793	-0.458516863927497	-0.724190614454089	-0.339412489137382	-0.248586200205777	-0.430238778068987	-0.482251895341953	-0.37582725398929	-0.588676536694615	-0.574853198640991	-0.257385146123309	-0.892321251158672	-0.773616988272469	-0.475948690189127	-1.07128528635581
"56"	24.8743718592965	-0.592386514642078	-0.460076181787323	-0.724696847496834	-0.340445264588667	-0.250303127507863	-0.430587401669471	-0.483284670793238	-0.377481523278029	-0.589087818308447	-0.571196996046893	-0.251969843447098	-0.890424148646688	-0.770872728156129	-0.471753683473152	-1.06999177283911
"57"	25.3266331658291	-0.593419290093364	-0.461622391327226	-0.725216188859502	-0.341478040039953	-0.252002878192001	-0.430953201887905	-0.484317446244524	-0.379120405625393	-0.589514486863654	-0.567540793452796	-0.246542607363476	-0.888538979542116	-0.76812846803979	-0.467549721282553	-1.06870721479703
"58"	25.7788944723618	-0.594452065544649	-0.463155338767388	-0.72574879232191	-0.342510815491238	-0.253685065329725	-0.431336565652752	-0.485350221695809	-0.380743633568021	-0.589956809823597	-0.563884590858699	-0.241103634300924	-0.886665547416474	-0.76538420792345	-0.463336933454509	-1.06743148239239
"59"	26.2311557788945	-0.595484840995935	-0.464674871978701	-0.726294810013168	-0.343543590942524	-0.255349300936823	-0.431737880948225	-0.486382997147095	-0.382350940557474	-0.590415053736715	-0.560228388264602	-0.235653117659881	-0.884803658869323	-0.762639947807111	-0.45911544809094	-1.06616444752328
"60"	26.6834170854271	-0.59651761644722	-0.466180840670112	-0.726854392224328	-0.344576366393809	-0.256995196720874	-0.432157536066745	-0.48741577259838	-0.383942061393017	-0.590889483803744	-0.556572185670504	-0.230191247826455	-0.882953123514554	-0.759895687690771	-0.454885391563481	-1.06490598381806
"61"	27.1356783919598	-0.597550391898506	-0.467673096579153	-0.727427687217859	-0.345609141845095	-0.258622364880058	-0.432595918810132	-0.488448548049666	-0.385516732672826	-0.591380363426505	-0.552915983076407	-0.224718212188408	-0.881113753964407	-0.757151427574432	-0.450646888519569	-1.0636559666293
"62"	27.5879396984925	-0.598583167349791	-0.469151493665239	-0.728014841034343	-0.34664191729638	-0.260230418952315	-0.433053415640446	-0.489481323500951	-0.387074693262728	-0.591887953739174	-0.54925978048231	-0.219234195153233	-0.879285365811387	-0.754407167458093	-0.446400061889599	-1.06241427302659
"63"	28.0402010050251	-0.599615942801077	-0.470615888305297	-0.728615997296856	-0.347674692747666	-0.261818974713377	-0.433530410781955	-0.490514098952237	-0.388615684781356	-0.592412513123117	-0.545603577888213	-0.213739378168198	-0.877467777608228	-0.751662907341753	-0.442145032895061	-1.06118078178845
"64"	28.4924623115578	-0.600648718252362	-0.472066139491243	-0.729231297013482	-0.348707468198951	-0.26338765112158	-0.434027285276323	-0.491546874403522	-0.390139452100476	-0.592954296706568	-0.541947375294116	-0.20823393974219	-0.875660810846041	-0.748918647225414	-0.437881921057608	-1.05995537339322
"65"	28.9447236180905	-0.601681493703648	-0.473502109028808	-0.729860878378488	-0.349740243650237	-0.264936071306746	-0.434544415993728	-0.492579649854808	-0.391645743858993	-0.593513555850622	-0.538291172700018	-0.202718055469228	-0.873864289930809	-0.746174387109074	-0.433610844209002	-1.05873793000915
"66"	29.3969849246231	-0.602714269154933	-0.474923661737184	-0.730504876572683	-0.350773019101522	-0.266463863599711	-0.435082174603334	-0.493612425306093	-0.393134312988976	-0.59409053762321	-0.534634970105921	-0.197191898053511	-0.872078042158331	-0.743430126992735	-0.429331918501865	-1.0575283354836
"67"	29.8492462311558	-0.603747044606219	-0.47633066564892	-0.731163423563518	-0.351805794552808	-0.267970662598427	-0.435640926507189	-0.494645200757379	-0.394604917251852	-0.594685484262906	-0.530978767511824	-0.191655637335876	-0.870301897687773	-0.740685866876395	-0.425045258421188	-1.0563264753316
"68"	30.3015075376884	-0.604779820057504	-0.477722992209497	-0.731836647905512	-0.352838570004093	-0.269456110265825	-0.436221029742362	-0.495677976208664	-0.396057319782715	-0.595298632634613	-0.527322564917727	-0.186109440321535	-0.868535689513919	-0.737941606760056	-0.420750976796553	-1.05513223672356
"69"	30.7537688442211	-0.60581259550879	-0.47910051647596	-0.73252467454162	-0.353871345455379	-0.270919857053933	-0.436822833856825	-0.49671075165995	-0.397491289640529	-0.595930213679371	-0.52366636232363	-0.180553471208989	-0.86677925343827	-0.735197346643716	-0.416449184815003	-1.05394550847243
"70"	31.2060301507538	-0.606845370960075	-0.480463117313997	-0.733227624606154	-0.354904120906664	-0.272361563048053	-0.437446678765276	-0.497743527111235	-0.3989066023618	-0.59658045186067	-0.520010159729532	-0.174987891419999	-0.865032428039066	-0.732453086527377	-0.412139992034512	-1.05276618102024
"71"	31.6582914572864	-0.607878146411361	-0.481810677592807	-0.733945615229915	-0.35593689635795	-0.273780899124121	-0.438092893591779	-0.498776302562521	-0.400303040515184	-0.597249564609857	-0.516353957135435	-0.169412859630512	-0.863295054640359	-0.729708826411038	-0.407823506398029	-1.05159414642405
"72"	32.1105527638191	-0.608910921862647	-0.48314308437711	-0.734678759348183	-0.356969671809236	-0.275177548111759	-0.438761795506712	-0.499809078013806	-0.401680394254281	-0.597937761773332	-0.512697754541338	-0.163828531802438	-0.861566977280238	-0.726964566294698	-0.403499834248021	-1.05042929834138
"73"	32.5628140703518	-0.609943697313932	-0.484460229115627	-0.735427165512237	-0.358002447260521	-0.276551205954956	-0.439453688566086	-0.500841853465092	-0.403038461865791	-0.598645245064393	-0.509041551947241	-0.158235061216205	-0.859848042678277	-0.724220306178359	-0.39916908034149	-1.04927153201523
"74"	33.0150753768844	-0.610976472765217	-0.485762007825349	-0.736190937705086	-0.359035222711806	-0.277901582861821	-0.440168862561792	-0.501874628916377	-0.404377050310079	-0.599372207522675	-0.505385349353144	-0.152632598503965	-0.858138100202322	-0.721476046062019	-0.394831347865425	-1.04812074425861
"75"	33.4673366834171	-0.612009248216503	-0.487048321270934	-0.736970175162072	-0.360067998163092	-0.279228404434445	-0.440907591891739	-0.502907404367663	-0.405695975751106	-0.60011883298422	-0.501729146759047	-0.147021291683411	-0.856437001834682	-0.71873178594568	-0.39048673845264	-1.04697683343872
"76"	33.9195979899498	-0.613042023667788	-0.488319075138539	-0.737764972197038	-0.361100773614377	-0.280531412769612	-0.441670134459143	-0.503940179818948	-0.406995064072623	-0.600885295565273	-0.498072944164949	-0.141401286192086	-0.854744602137812	-0.71598752582934	-0.386135352197966	-1.04583969946071
"77"	34.3718592964824	-0.614074799119074	-0.489574180203426	-0.738575418034722	-0.362133549065663	-0.281810367520913	-0.442456730610413	-0.504972955270234	-0.408274151377525	-0.601671759162942	-0.494416741570852	-0.13577272492214	-0.853060758219564	-0.713243265713001	-0.381777287674762	-1.04470924375124
"78"	34.8241206030151	-0.61510757457036	-0.490813552490676	-0.739401596650043	-0.363166324516949	-0.283065046912758	-0.443267602121139	-0.506005730721519	-0.409533084467214	-0.602478376975825	-0.490760538976755	-0.130135748255444	-0.851385329698066	-0.710499005596661	-0.377412641951703	-1.04358536924162
"79"	35.2763819095477	-0.616140350021645	-0.492037113428372	-0.740243586614918	-0.364199099968234	-0.284295248696897	-0.444102951239571	-0.507038506172805	-0.410771721297896	-0.603305291047713	-0.487104336382658	-0.124490494099004	-0.849718178666312	-0.707754745480322	-0.373041510609833	-1.04246798035081
"80"	35.7286432160804	-0.617173125472931	-0.493244789992611	-0.74110146095325	-0.36523187541952	-0.285500791042245	-0.444962959796794	-0.50807128162409	-0.411989931410788	-0.604152631837392	-0.483448133788561	-0.118837097920613	-0.848059169656508	-0.705010485363983	-0.368663987759825	-1.04135698296814
"81"	36.1809045226131	-0.618205900924216	-0.494436514843752	-0.741975287004681	-0.366264650870805	-0.286681513349243	-0.445847788392367	-0.509104057075376	-0.4131875963333	-0.605020517817452	-0.479791931194463	-0.113175692784681	-0.846408169604245	-0.702266225247643	-0.364280166059442	-1.04025228443584
"82"	36.6331658291457	-0.619238676375502	-0.495612226453313	-0.74286512629769	-0.367297426322091	-0.287837276980478	-0.446757575663703	-0.510136832526661	-0.414364609948417	-0.605909055104906	-0.476135728600366	-0.107506409388185	-0.844765047812547	-0.699521965131304	-0.359890136731156	-1.03915379353145
"83"	37.0854271356784	-0.620271451826787	-0.496771869220986	-0.743771034432589	-0.368330201773376	-0.288967965899993	-0.447692437646759	-0.511169607977947	-0.415520878829655	-0.606818337126238	-0.472479526006269	-0.101829376096693	-0.843129675915845	-0.696777705014964	-0.35549398957991	-1.03806142045002
"84"	37.5376884422111	-0.621304227278073	-0.497915393581231	-0.744693060974914	-0.369362977224662	-0.290073487214513	-0.44865246723481	-0.512202383429232	-0.416656322539181	-0.607748444319284	-0.468823323412172	-0.0961447189804119	-0.841501927843932	-0.694033444898625	-0.351091813010991	-1.03697507678626
"85"	37.9899497487437	-0.622337002729358	-0.499042756099022	-0.745631249359694	-0.370395752675947	-0.291153771610781	-0.449637733741113	-0.513235158880518	-0.417770873886897	-0.608699443874138	-0.465167120818075	-0.090452561850219	-0.83988167978593	-0.691289184782285	-0.346683694047994	-1.03589467551658
"86"	38.4422110552764	-0.623369778180644	-0.500153919554275	-0.746585636807012	-0.371428528127233	-0.292208773684225	-0.45064828257024	-0.514267934331803	-0.418864479148583	-0.609671389515024	-0.461510918223977	-0.0847530262936261	-0.838268810154329	-0.688544924665946	-0.342269718350852	-1.03482013098104
"87"	38.894472361809	-0.624402553631929	-0.501248853014611	-0.747556254249247	-0.372461303578518	-0.293238472155345	-0.451684135001691	-0.515300709783089	-0.419937098241443	-0.610664321324735	-0.45785471562988	-0.0790462317106476	-0.836663199549113	-0.685800664549607	-0.337849970233917	-1.0337513588653
"88"	39.3467336683417	-0.625435329083215	-0.502327531896105	-0.748543126270324	-0.373494079029804	-0.294242869971429	-0.452745288088179	-0.516333485234374	-0.420988704855735	-0.611678265613014	-0.454198513035783	-0.0733322953495325	-0.835064730722033	-0.683056404433267	-0.333424532684065	-1.03268827618247
"89"	39.7989949748744	-0.6264681045345	-0.503389938011755	-0.749546271057246	-0.374526854481089	-0.295221994292449	-0.453831714669729	-0.51736626068566	-0.422019286541476	-0.612713234829843	-0.450542310441686	-0.0676113323423284	-0.833473288541043	-0.680312144316928	-0.328993487378812	-1.03163080125504
"90"	40.251256281407	-0.627500879985786	-0.50443605960744	-0.750565700364132	-0.375559629932375	-0.296175896361315	-0.454943363503434	-0.518399036136945	-0.423028844749552	-0.613769227524338	-0.446886107847589	-0.061883455740245	-0.831888759954932	-0.677567884200588	-0.324556914704423	-1.03057885369675
"91"	40.7035175879397	-0.628533655437071	-0.505465891385212	-0.751601419488931	-0.37659240538366	-0.29710465125991	-0.456080159507411	-0.519431811588231	-0.424017394826926	-0.614846228349536	-0.443229905253491	-0.0561487765487927	-0.83031103395819	-0.674823624084249	-0.320114893773992	-1.02953235439451
"92"	41.1557788944724	-0.629566430888357	-0.506479434513803	-0.752653427262911	-0.377625180834946	-0.298008357553616	-0.457242004116275	-0.520464587039516	-0.424984965965971	-0.615944208113062	-0.439573702659394	-0.0504074037626678	-0.82874000155612	-0.672079363967909	-0.315667502445489	-1.02849122549033
"93"	41.608040201005	-0.630599206339642	-0.507476696626306	-0.753721716052978	-0.378657956286231	-0.298887136828244	-0.458428775744218	-0.521497362490802	-0.425931601108331	-0.617063123873273	-0.435917500065297	-0.0446594444003609	-0.827175555730233	-0.66933510385157	-0.311214817339748	-1.02745539036339
"94"	42.0603015075377	-0.631631981790928	-0.508457691805041	-0.754806271776814	-0.379690731737517	-0.299741133124373	-0.459640330350661	-0.522530137942087	-0.42685735680403	-0.618202919080145	-0.4322612974712	-0.0389050035384677	-0.825617591403932	-0.66659084373523	-0.306756913858388	-1.02642477361207
"95"	42.5125628140703	-0.632664757242213	-0.509422440553668	-0.755907073930759	-0.380723507188802	-0.300570512275184	-0.460876502102421	-0.523562913393373	-0.427762303026917	-0.619363523759829	-0.428605094877103	-0.0331441843456836	-0.824066005408522	-0.663846583618891	-0.302293866201657	-1.02539930103613
"96"	42.964824120603	-0.633697532693499	-0.510370969756685	-0.757024095630312	-0.381756282640088	-0.301375461154748	-0.462137104125427	-0.524595688844659	-0.428646522947835	-0.620544854741482	-0.424948892283005	-0.0273770881164603	-0.822520696449551	-0.661102323502551	-0.297825747386184	-1.02437889961892
"97"	43.4170854271357	-0.634730308144784	-0.511303312626495	-0.758157303663073	-0.382789058091373	-0.302156186844535	-0.463421929338212	-0.525628464295944	-0.429510112667222	-0.621746815924666	-0.421292689688908	-0.0216038143043139	-0.820981565073502	-0.658358063386212	-0.293352629262629	-1.0233634975098
"98"	43.8693467336683	-0.63576308359607	-0.512219508638279	-0.759306658553861	-0.383821833542659	-0.302912915726536	-0.464730751358781	-0.52666123974723	-0.430353180909121	-0.622969298585338	-0.417636487094811	-0.0158244605547642	-0.819448513634858	-0.655613803269873	-0.288874582533215	-1.02235302400653
"99"	44.321608040201	-0.636795859047355	-0.513119603452974	-0.760472114641736	-0.384854608993944	-0.303645892511915	-0.466063325475974	-0.527694015198515	-0.431175848678826	-0.624212181718204	-0.413980284500714	-0.0100391227378966	-0.817921446263531	-0.652869543153533	-0.284391676769151	-1.02134740953792
"100"	44.7738693467337	-0.637828634498641	-0.514003648828714	-0.761653620168568	-0.38588738444523	-0.304355379214419	-0.467419389676041	-0.528726790649801	-0.431978248886651	-0.62547533241295	-0.410324081906617	-0.00424789498053391	-0.816400268832699	-0.650125283037194	-0.279903980427913	-1.02034658564647
"101"	45.2261306532663	-0.638861409949926	-0.514871702521107	-0.762851117378746	-0.386920159896515	-0.30504165407801	-0.468798665715021	-0.529759566101086	-0.432760525940448	-0.626758606261724	-0.406667879312519	0.00154913030199533	-0.814884888927034	-0.647381022920854	-0.275411560870393	-1.01935048497132
"102"	45.678391959799	-0.639894185401212	-0.515723828172819	-0.764064542629605	-0.387952935347801	-0.305705010468198	-0.470200860227403	-0.530792341552372	-0.433522835309716	-0.628061847795027	-0.403011676718422	0.00735186237449509	-0.81337521581134	-0.644636762804515	-0.270914484377904	-1.01835904123113
"103"	46.1306532663317	-0.640926960852497	-0.51656009519293	-0.765293826512065	-0.388985710799086	-0.306345755736501	-0.471625665861672	-0.531825117003657	-0.434265343064237	-0.629384890943077	-0.399355474124325	0.0131602121509601	-0.81187116039961	-0.641892502688175	-0.266412816169031	-1.01737218920732
"104"	46.5829145728643	-0.641959736303783	-0.517380578626591	-0.766538893980975	-0.390018486250372	-0.30696421006722	-0.473072762433524	-0.532857892454943	-0.434988225390285	-0.630727559519601	-0.395699271530228	0.018974092164056	-0.810372635224512	-0.639148242571836	-0.261906620416323	-1.01638986472735
"105"	47.035175879397	-0.642992511755068	-0.518185359015539	-0.767799664494598	-0.391051261701657	-0.307560705315416	-0.474541818087899	-0.533890667906228	-0.435691668087497	-0.632089667724959	-0.392043068936131	0.0247934165350333	-0.808879554407294	-0.636403982455496	-0.257395960262823	-1.01541200464817
"106"	47.4874371859297	-0.644025287206354	-0.518974522250063	-0.769076052162645	-0.392084037152943	-0.308135583844518	-0.476032490461368	-0.534923443357514	-0.436375866049561	-0.633471020665466	-0.388386866342033	0.0306181009440706	-0.807391833628137	-0.633659722339157	-0.252880897838435	-1.01443854683988
"107"	47.9396984924623	-0.645058062657639	-0.519748159413025	-0.770367965902254	-0.393116812604228	-0.308689197371503	-0.477544427836953	-0.535956218808799	-0.437041022731805	-0.634871414885794	-0.384730663747936	0.0364480626010615	-0.805909390096934	-0.630915462222818	-0.248361494276109	-1.01346943016953
"108"	48.391959798995	-0.646090838108925	-0.520506366616581	-0.771675309601269	-0.394149588055514	-0.309221905826991	-0.479077270284037	-0.536988994260085	-0.437687349608803	-0.636290638911367	-0.381074461153839	0.0422832202168387	-0.804432142524517	-0.628171202106478	-0.243837809727854	-1.0125045944851
"109"	48.8442211055276	-0.64712361356021	-0.521249244832245	-0.772997982288175	-0.395182363506799	-0.309734076236961	-0.480630650776637	-0.53802176971137	-0.438315065625013	-0.637728473797727	-0.377418258559742	0.0481234939748435	-0.802960011094327	-0.625426941990139	-0.239309903380571	-1.01154398059971
"110"	49.2964824120603	-0.648156389011496	-0.521976899714971	-0.774335878308021	-0.396215138958085	-0.310226081632143	-0.482204196284027	-0.539054545162656	-0.438924396641369	-0.639184693683943	-0.373762055965645	0.0539688055032392	-0.801492917434529	-0.622682681873799	-0.234777833471702	-1.0105875302759
"111"	49.748743718593	-0.649189164462781	-0.522689441421916	-0.775688887503647	-0.39724791440937	-0.310698299990384	-0.483797528828357	-0.540087320613941	-0.439515574880652	-0.64065906634723	-0.370105853371547	0.0598190778474719	-0.800030784590567	-0.61993842175746	-0.230241657304692	-1.00963518621023
"112"	50.2010050251256	-0.650221939914067	-0.523386984426571	-0.777056895401563	-0.398280689860656	-0.311151113216659	-0.485410266504653	-0.541120096065227	-0.440088838374335	-0.642151353756118	-0.36644965077745	0.0656742354432732	-0.798573536998174	-0.61719416164112	-0.225701431264261	-1.00868689201798
"113"	50.6532663316583	-0.651254715365353	-0.524069647328926	-0.778439783401779	-0.399313465311942	-0.311584906164622	-0.487042024459261	-0.542152871516512	-0.440644430413415	-0.64366131261961	-0.362793448183353	0.0715342040901126	-0.797121100456819	-0.614449901524781	-0.221157210831487	-1.00774259221807
"114"	51.105527638191	-0.652287490816638	-0.524737552662355	-0.779837428970921	-0.400346240763227	-0.312000065702939	-0.488692415823514	-0.543185646967798	-0.441182599005619	-0.645188694929976	-0.359137245589256	0.0773989109250904	-0.795673402103602	-0.611705641408441	-0.216609050598695	-1.00680223221819
"115"	51.5577889447236	-0.653320266267923	-0.52539082669787	-0.781249705837977	-0.401379016214512	-0.312396979828976	-0.490361052600049	-0.544218422419083	-0.441703596341175	-0.646733248496991	-0.355481042995159	0.0832682843972746	-0.794230370387592	-0.608961381292102	-0.212057004284153	-1.00586575830005
"116"	52.0100502512563	-0.654353041719209	-0.526029599246407	-0.782676484192011	-0.402411791665798	-0.312776036831766	-0.49204754649983	-0.545251197870369	-0.442207678269141	-0.648294717471596	-0.351824840401061	0.0891422542424786	-0.792791935044601	-0.606217121175763	-0.207501124746571	-1.00493311760495
"117"	52.4623115577889	-0.655385817170494	-0.526654003459786	-0.784117630881203	-0.403444567117083	-0.31313762450561	-0.493751509728557	-0.546283973321654	-0.442695103786124	-0.649872842857185	-0.348168637806964	0.0950207514584765	-0.791358027072405	-0.603472861059423	-0.202941463999408	-1.00400425811944
"118"	52.9145728643216	-0.65641859262178	-0.527264175630945	-0.785573009612615	-0.404477342568369	-0.313482129415077	-0.495472555721661	-0.54731674877294	-0.443166134539007	-0.651467363006872	-0.344512435212867	0.100903708280655	-0.789928578706389	-0.600728600943084	-0.198378073224972	-1.0030791286612
"119"	53.3668341708543	-0.657451368073066	-0.527860254994074	-0.787042481152057	-0.405510118019655	-0.313809936211711	-0.497210299827598	-0.548349524224225	-0.443621034343117	-0.653078014105334	-0.34085623261877	0.106791058158094	-0.788503523395634	-0.597984340826744	-0.193811002788336	-1.00215767886515
"120"	53.8190954773869	-0.658484143524351	-0.528442383525199	-0.788525903523503	-0.40654289347094	-0.314121427002254	-0.498964359939626	-0.549382299675511	-0.44406006871706	-0.654704530633961	-0.337200030024673	0.112682735730083	-0.787082795779428	-0.595240080710405	-0.189240302251049	-1.00123985916976
"121"	54.2713567839196	-0.659516918975637	-0.529010705743783	-0.79002313220749	-0.407575668922226	-0.314416980767815	-0.500734357076636	-0.550415075126796	-0.444483504435295	-0.656346645818298	-0.333543827430575	0.118578676803054	-0.785666331664205	-0.592495820594065	-0.184666020384649	-1.00032562080348
"122"	54.7236180904523	-0.660549694426922	-0.529565368515862	-0.791534020337982	-0.408608444373511	-0.314696972833051	-0.502519915913971	-0.551447850578082	-0.444891609099285	-0.658004092056879	-0.329887624836478	0.124478818327941	-0.784254068000897	-0.589751560477726	-0.18008820518398	-0.999414915771472
"123"	55.1758793969849	-0.661582469878208	-0.530106520859206	-0.793058418897209	-0.409641219824797	-0.314961774384118	-0.504320665265475	-0.552480626029367	-0.445284650727948	-0.659676601330787	-0.326231422242381	0.130383098377956	-0.782845942862717	-0.587007300361386	-0.175506903880316	-0.998507696842457
"124"	55.6281407035176	-0.662615245329493	-0.530634313750968	-0.794596176908018	-0.410673995276082	-0.315211752033899	-0.506136238518265	-0.553513401480653	-0.445662897367908	-0.661363905593398	-0.322575219648284	0.136291456126774	-0.781441895423342	-0.584263040245047	-0.170922162954285	-0.997603917535809
"125"	56.0804020100502	-0.663648020780779	-0.531148899938265	-0.796147141623292	-0.411706770727368	-0.31544726743278	-0.507966274021956	-0.554546176931938	-0.446026616723931	-0.663065737139946	-0.318919017054187	0.14220383182713	-0.780041865935503	-0.581518780128708	-0.166334028148597	-0.996703532108818
"126"	56.5326633165829	-0.664680796232064	-0.531650433752071	-0.797711158712058	-0.412739546178653	-0.315668676923106	-0.509810415434201	-0.555578952383224	-0.44637607580975	-0.664781828956698	-0.31526281446009	0.148120166789814	-0.778645795709993	-0.578774520012368	-0.161742544480581	-0.995806495544156
"127"	56.9849246231156	-0.66571357168335	-0.532139070924808	-0.799288072441892	-0.413772321629939	-0.315876331235285	-0.511668312024592	-0.556611727834509	-0.446711540619386	-0.666511915049633	-0.311606611865992	0.154040403363068	-0.777253627095053	-0.576030259896029	-0.157147756254524	-0.994912763537534
"128"	57.4371859296482	-0.666746347134635	-0.532614968411964	-0.800877725857306	-0.414805097081224	-0.316070575223424	-0.513539618939024	-0.557644503285795	-0.447033275818903	-0.668255730752687	-0.307950409271895	0.159964484912373	-0.775865303456163	-0.573285999779689	-0.152549707073824	-0.994022292485555
"129"	57.8894472361809	-0.667779122585921	-0.533078284218035	-0.802479960953806	-0.41583787253251	-0.316251747638314	-0.515423997426705	-0.55867727873708	-0.447341544458451	-0.67001301301571	-0.304294206677798	0.165892355800624	-0.774480769156219	-0.57054173966335	-0.147948439852945	-0.993135039473755
"130"	58.3417085427136	-0.668811898037206	-0.533529177227069	-0.804094618847344	-0.416870647983795	-0.316420180935543	-0.517321115032047	-0.559710054188366	-0.447636607704346	-0.671783500672386	-0.300638004083701	0.171823961368685	-0.773099969536087	-0.56779747954701	-0.143343996829188	-0.992250962264833
"131"	58.7939698492462	-0.669844673488492	-0.533967807038048	-0.805721539938935	-0.417903423435081	-0.316576201116509	-0.519230645753653	-0.560742829639651	-0.447918724590832	-0.673566934688471	-0.296981801489604	0.177759247916329	-0.771722850895536	-0.565053219430671	-0.138736419574272	-0.99137001928707
"132"	59.2462311557789	-0.670877448939777	-0.53439433380532	-0.807360564074234	-0.418936198886366	-0.316720127600103	-0.521152270172629	-0.561775605090937	-0.448188151791097	-0.675363058390777	-0.293325598895506	0.183698162683535	-0.770349360474547	-0.562308959314332	-0.134125749005726	-0.990492169622937
"133"	59.6984924623116	-0.671910224391063	-0.534808918084248	-0.809011530697877	-0.419968974337652	-0.316852273122886	-0.523085675552417	-0.562808380542222	-0.448445143407052	-0.677171617677393	-0.289669396301409	0.189640653832163	-0.768979446434981	-0.559564699197992	-0.1295120253981	-0.989617372997884
"134"	60.1507537688442	-0.672942999842348	-0.535211720682238	-0.810674279002458	-0.421001749788937	-0.316972943665596	-0.525030555912278	-0.563841155993508	-0.44868995077731	-0.678992361209706	-0.286013193707312	0.195586670427983	-0.767613057842606	-0.556820439081653	-0.12489528839399	-0.988745589769315
"135"	60.6030150753769	-0.673975775293634	-0.535602902515256	-0.812348648072011	-0.422034525240223	-0.317082438403915	-0.52698661207653	-0.564873931444793	-0.448922822302766	-0.680825040586821	-0.282356991113215	0.201536162423058	-0.766250144649487	-0.554076178965313	-0.120275577014885	-0.987876780915742
"136"	61.0552763819096	-0.675008550744919	-0.535982624469934	-0.814034477019905	-0.423067300691508	-0.317181049681475	-0.528953551701542	-0.565906706896079	-0.449144003289125	-0.682669410503033	-0.278700788519118	0.207489080638478	-0.764890657676713	-0.551331918848974	-0.115652929671829	-0.987010908026119
"137"	61.5075376884422	-0.676041326196205	-0.536351047271328	-0.815731605121082	-0.424100076142794	-0.317269063003166	-0.530931089282422	-0.566939482347365	-0.449353735805701	-0.684525228889028	-0.27504458592502	0.213445376747438	-0.763534548597478	-0.548587658732634	-0.111027384175913	-0.986147933289356
"138"	61.9597989949749	-0.67707410164749	-0.536708331356375	-0.817439871938605	-0.425132851594079	-0.317346757046894	-0.532918946141264	-0.56797225779865	-0.449552258559793	-0.686392257037507	-0.271388383330923	0.219405003258644	-0.76218176992049	-0.545843398616295	-0.106398977748582	-0.985287819484008
"139"	62.4120603015075	-0.678106877098776	-0.537054636753074	-0.819159117444478	-0.426165627045365	-0.317414403692035	-0.534916850398694	-0.569005033249936	-0.449739806785903	-0.688270259713968	-0.267732180736826	0.225367913500065	-0.760832274973717	-0.543099138499956	-0.10176774703178	-0.984430529968131
"140"	62.8643216080402	-0.679139652550061	-0.53739012296537	-0.820889182134752	-0.42719840249665	-0.317472268062904	-0.536924536930396	-0.570037808701221	-0.449916612149076	-0.690159005253366	-0.264075978142729	0.231334061602998	-0.759486017888455	-0.540354878383616	-0.0971337280979123	-0.98357602866932
"141"	63.3165829145729	-0.680172428001347	-0.537714948863758	-0.822629907138935	-0.428231177947936	-0.317520608585679	-0.538941747310192	-0.571070584152507	-0.450082902661635	-0.692058265643378	-0.260419775548631	0.23730340248646	-0.758142953583723	-0.537610618267277	-0.092496956459644	-0.982724280074909
"142"	63.7688442211055	-0.681205203452632	-0.538029272581528	-0.824381134323737	-0.429263953399221	-0.317559677057296	-0.540968229741147	-0.572103359603792	-0.450238902612551	-0.693967816595033	-0.256763572954534	0.243275891841894	-0.756803037750963	-0.534866358150937	-0.0878574670795322	-0.981875249222342
"143"	64.2211055276382	-0.682237978903918	-0.538333251416619	-0.826142706391217	-0.430296728850507	-0.317589718724929	-0.543003738976085	-0.573136135055078	-0.450384832508754	-0.695887437601401	-0.253107370360437	0.249251486118179	-0.755466226839053	-0.532122098034598	-0.0832152943794902	-0.981028901689705
"144"	64.6733668341708	-0.683270754355203	-0.538627041739009	-0.827914466971398	-0.431329504301792	-0.317610972374772	-0.545048036228812	-0.574168910506363	-0.450520909027634	-0.697816911985093	-0.24945116776634	0.25523014250695	-0.75413247803963	-0.529377837918258	-0.0785704722500895	-0.980185203586427
"145"	65.1256281407035	-0.684303529806489	-0.538910798903551	-0.829696260709427	-0.432362279753078	-0.317623670428919	-0.547100889077237	-0.575201685957649	-0.450647344980048	-0.699756026935249	-0.245794965172243	0.261211818928211	-0.752801749272696	-0.526633577801919	-0.0739230340597023	-0.979344121544135
"146"	65.5778894472362	-0.685336305257774	-0.53918467716815	-0.831487933347399	-0.433395055204363	-0.317628039049229	-0.549162071359497	-0.576234461408934	-0.450764349283135	-0.701704573534733	-0.242138762578145	0.267196474016242	-0.751473999172533	-0.523889317685579	-0.0692730126634838	-0.978505622707675
"147"	66.0301507537689	-0.68636908070906	-0.539448829617192	-0.833289331800927	-0.434427830655649	-0.317624298247165	-0.551231363064133	-0.57726723686022	-0.450872126942262	-0.703662346778177	-0.238482559984048	0.273184067105793	-0.750149187073889	-0.52114505756924	-0.0646204404121984	-0.977669674726281
"148"	66.4824120603015	-0.687401856160345	-0.539703408090088	-0.835100304230603	-0.435460606106934	-0.317612661998638	-0.553308550215231	-0.578300012311505	-0.450970879041463	-0.705629145581547	-0.234826357389951	0.279174558218558	-0.748827272998461	-0.5184007974529	-0.059965349160893	-0.976836245744908
"149"	66.9346733668342	-0.688434631611631	-0.539948563114807	-0.836920700108455	-0.43649338155822	-0.31759333836302	-0.55539342475342	-0.579332787762791	-0.451060802741729	-0.707604772783853	-0.231170154795854	0.285167908049928	-0.747508217641636	-0.515656537336561	-0.0553077702774158	-0.976005304395706
"150"	67.3869346733668	-0.689467407062916	-0.540184443846279	-0.838750370279554	-0.437526157009505	-0.317566529605515	-0.557485784413496	-0.580365563214076	-0.451142091286556	-0.709589035141596	-0.227513952201757	0.291164077956011	-0.746191982359524	-0.512912277220221	-0.0506477346507888	-0.975176819789654
"151"	67.8391959798995	-0.690500182514202	-0.540411198009501	-0.840589167018903	-0.438558932460791	-0.317532432322169	-0.559585432599413	-0.581398338665362	-0.451214934014165	-0.711581743316559	-0.22385774960766	0.297163029940916	-0.744878529156236	-0.510168017103882	-0.0459852726994298	-0.974350761508334
"152"	68.2914572864322	-0.691532957965487	-0.540628971847227	-0.842436944083748	-0.439591707912076	-0.317491237566876	-0.561692178257277	-0.582431114116647	-0.451279516375835	-0.713582711857459	-0.220201547013562	0.30316472664431	-0.743567820671435	-0.507423756987543	-0.0413204143792302	-0.973527099595855
"153"	68.7437185929648	-0.692565733416773	-0.540837910072062	-0.844293556761484	-0.440624483363362	-0.317443130979772	-0.563805835746952	-0.583463889567933	-0.451336019959837	-0.715591759176029	-0.216545344419465	0.309169131329212	-0.742259820168142	-0.504679496871203	-0.0366531891914905	-0.972705804550916
"154"	69.1959798994975	-0.693598508868059	-0.541038155822835	-0.846158861913282	-0.441657258814648	-0.317388292916492	-0.565926224712803	-0.584496665019218	-0.451384622520442	-0.717608707517994	-0.212889141825368	0.315176207870049	-0.740954491520785	-0.501935236754864	-0.0319836261907134	-0.971886847319014
"155"	69.6482412060301	-0.694631284319344	-0.541229850625071	-0.848032718013617	-0.442690034265933	-0.317326898577808	-0.568053169954058	-0.585529440470504	-0.451425498011553	-0.719633382929454	-0.209232939231271	0.321185920740956	-0.739651799203498	-0.499190976638524	-0.0273117539922594	-0.971070199284789
"156"	70.1005025125628	-0.69566405977063	-0.541413134355417	-0.849914985185842	-0.443722809717219	-0.317259118139211	-0.570186501295226	-0.586562215921789	-0.451458816624485	-0.721665615219094	-0.205576736637174	0.327198235004314	-0.738351708278662	-0.496446716522185	-0.0226376007798662	-0.970255832264504
"157"	70.5527638190955	-0.696696835221915	-0.54158814520986	-0.85180552523397	-0.444755585168504	-0.317185116880066	-0.572326053456942	-0.587594991373075	-0.451484744829488	-0.723705237916661	-0.201920534043076	0.333213116299525	-0.737054184385678	-0.493702456405846	-0.0179611943130318	-0.969443718498659
"158"	71.0050251256281	-0.6977296106732	-0.54175501967557	-0.853704201670831	-0.445788360619789	-0.317105055311988	-0.574471665927591	-0.58862776682436	-0.451503445420604	-0.725752088228117	-0.198264331448979	0.339230530832014	-0.735759193729972	-0.490958196289506	-0.0132825619342679	-0.968633830644744
"159"	71.4572864321608	-0.698762386124486	-0.54191389250623	-0.855610879742742	-0.446821136071075	-0.317019089306141	-0.576623182836009	-0.589660542275646	-0.451515077563477	-0.727806006987815	-0.194608128854882	0.345250445362466	-0.73446670307223	-0.488213936173167	-0.00860173057622243	-0.967826141770111
"160"	71.9095477386935	-0.699795161575772	-0.542064896700669	-0.857525426450874	-0.447853911522361	-0.316927370219204	-0.578780452825517	-0.590693317726931	-0.451519796845776	-0.729866838608086	-0.190951926260785	0.351272827196275	-0.733176679717844	-0.485469676056827	-0.003918726768673	-0.967020625344981
"161"	72.3618090452261	-0.700827937027057	-0.542208163484667	-0.859447710569448	-0.448886686973646	-0.316830045017765	-0.580943328929527	-0.591726093178217	-0.451517755329895	-0.731934431026539	-0.187295723666688	0.357297644173216	-0.731889091506591	-0.482725415940488	0.000766423354602974	-0.966217255235578
"162"	72.8140703517588	-0.701860712478343	-0.542343822295753	-0.861377602660932	-0.449919462424932	-0.316727256400944	-0.583111668448919	-0.592758868629502	-0.451509101607617	-0.734008635651387	-0.18363952107259	0.363324864657326	-0.730603906802506	-0.479981155824148	0.00545369404908413	-0.965416005697381
"163"	73.2663316582915	-0.702893487929628	-0.542472000770878	-0.863314975088379	-0.450952237876217	-0.316619142921086	-0.585285332831349	-0.593791644080788	-0.451493980856475	-0.736089307305101	-0.179983318478493	0.369354457526997	-0.729321094483983	-0.477236895707809	0.010143059952881	-0.964616851368499
"164"	73.7185929648241	-0.703926263380914	-0.542592824736776	-0.865259702025051	-0.451985013327503	-0.316505839102354	-0.587464187552651	-0.594824419532073	-0.451472534897517	-0.73817630416663	-0.176327115884396	0.375386392165271	-0.728040623934062	-0.474492635591469	0.0148344960802323	-0.963819767263171
"165"	74.1708542713568	-0.704959038832199	-0.542706418202904	-0.867211659461494	-0.453017788778788	-0.316387475557133	-0.589648102000444	-0.595857194983359	-0.451444902254264	-0.740269487712454	-0.172670913290299	0.38142063845033	-0.726762465030928	-0.47174837547513	0.0195279778151177	-0.963024728765377
"166"	74.6231155778895	-0.705991814283485	-0.542812903356791	-0.869170725210179	-0.454050564230074	-0.316264179100109	-0.591836949360038	-0.596889970434644	-0.451411218212595	-0.742368722656693	-0.169014710696202	0.387457166746194	-0.725486588138597	-0.46900411535879	0.0242234809049873	-0.962231711622568
"167"	75.0753768844221	-0.70702458973477	-0.542912400561675	-0.871136778907865	-0.455083339681359	-0.316136072859971	-0.594030606502747	-0.59792274588593	-0.451371614881388	-0.744473876890472	-0.165358508102104	0.393495947893594	-0.724212964097803	-0.466259855242451	0.028920981454603	-0.961440691939505
"168"	75.5276381909548	-0.708057365186056	-0.543005028356294	-0.873109702015817	-0.456116115132645	-0.31600327638865	-0.596228953876639	-0.598955521337215	-0.451326221253688	-0.746584821420743	-0.161702305508007	0.399536953201048	-0.722941564217062	-0.463515595126112	0.0336204559199932	-0.960651646172217
"169"	75.9798994974874	-0.709090140637341	-0.543090903456684	-0.875089377817998	-0.45714889058393	-0.315865905768054	-0.598431875399806	-0.599988296788501	-0.451275163268257	-0.748701430308745	-0.15804610291391	0.405580154436108	-0.721672360263928	-0.460771335009772	0.0383218811025158	-0.95986455112206
"170"	76.4321608040201	-0.710122916088627	-0.54317014075988	-0.877075691417373	-0.458181666035216	-0.315724073714269	-0.600639258356162	-0.601021072239786	-0.451218563871324	-0.750823580608249	-0.154389900319813	0.411625523816795	-0.720405324456421	-0.458027074893433	0.0430252341430277	-0.959079383929893
"171"	76.8844221105528	-0.711155691539912	-0.543242853349387	-0.879068529730437	-0.459214441486501	-0.315577889679188	-0.602850993293814	-0.602053847691072	-0.451156543078391	-0.752951152303753	-0.150733697725716	0.417673034003209	-0.719140429454641	-0.455282814777093	0.0477304925161642	-0.958296122070351
"172"	77.3366834170854	-0.712188466991198	-0.543309152502301	-0.881067781480094	-0.460247216937787	-0.315427459949576	-0.605066973925998	-0.603086623142358	-0.451089218035965	-0.75508402824875	-0.147077495131618	0.423722658089305	-0.717877648352542	-0.452538554660754	0.0524376340247168	-0.957514743346225
"173"	77.7889447236181	-0.713221242442483	-0.543369147697975	-0.883073337186992	-0.461279992389072	-0.315272887743546	-0.607287097034598	-0.604119398593643	-0.451016703083089	-0.757222094104197	-0.143421292537521	0.429774369594842	-0.716616954669884	-0.449794294544414	0.0571466367941169	-0.956735225882946
"174"	78.2412060301507	-0.714254017893769	-0.543422946628114	-0.885085089159423	-0.462312767840358	-0.315114273304474	-0.609511262376242	-0.605152174044928	-0.45093910981257	-0.759365238277287	-0.139765089943424	0.4358281424575	-0.715358322344348	-0.447050034428075	0.0618574792670182	-0.955957548123168
"175"	78.6934673366834	-0.715286793345054	-0.543470655208206	-0.887102931481903	-0.463345543291643	-0.314951713992352	-0.611739372590935	-0.606184949496214	-0.450856547131787	-0.761513351860641	-0.136108887349327	0.441883951025153	-0.714101725723807	-0.444305774311735	0.0665701401979779	-0.955181688821449
"176"	79.1457286432161	-0.71631956879634	-0.54351237759017	-0.889126760002509	-0.464378318742929	-0.314785304372606	-0.613971333113252	-0.607217724947499	-0.450769121323009	-0.76366632857199	-0.13245268475523	0.447941770048302	-0.712847139558761	-0.441561514195396	0.0712845986482338	-0.954407627039026
"177"	79.5979899497488	-0.717352344247625	-0.543548216176148	-0.891156472319102	-0.465411094194214	-0.314615136302407	-0.616207052086022	-0.608250500398785	-0.450676936103133	-0.765824064694438	-0.128796482161132	0.454001574672663	-0.711594538994927	-0.438817254079057	0.0760008339805769	-0.95363534213869
"178"	80.0502512562814	-0.718385119698911	-0.543578271633331	-0.893191967764491	-0.4664438696455	-0.314441299014502	-0.618446440276498	-0.609283275850071	-0.450580092682766	-0.767986459017375	-0.125140279567035	0.460063340431905	-0.710343899565975	-0.436072993962717	0.0807188258543176	-0.952864813779752
"179"	80.5025125628141	-0.719417895150196	-0.54360264290974	-0.895233147390652	-0.467476645096785	-0.314263879198604	-0.620689410994967	-0.610316051301356	-0.450478689824604	-0.770153412778108	-0.121484076972938	0.466127043240539	-0.709095197186415	-0.433328733846378	0.0854385542203421	-0.952096021913098
"180"	80.9547738693467	-0.720450670601482	-0.543621427250889	-0.897279913952074	-0.468509420548071	-0.31408296108038	-0.622935880015761	-0.611348826752642	-0.450372823901036	-0.772324829604247	-0.117827874378841	0.47219265938695	-0.707848408144631	-0.430584473730038	0.0901599993162592	-0.951328946776336
"181"	81.4070351758794	-0.721483446052767	-0.543634720217223	-0.899332171888312	-0.469542195999356	-0.313898626498085	-0.625185765500628	-0.612381602203927	-0.450262588950927	-0.774500615456927	-0.114171671784744	0.478260165526568	-0.706603509096055	-0.427840213613699	0.0948831416616356	-0.950563568889033
"182"	81.8592964824121	-0.722516221504053	-0.543642615702286	-0.90138982730582	-0.470574971450642	-0.31371095497687	-0.627438987924414	-0.613414377655213	-0.450148076735555	-0.77668067857487	-0.110515469190646	0.484329538675186	-0.705360477056479	-0.425095953497359	0.0996079620533172	-0.949799869048036
"183"	82.3115577889447	-0.723548996955338	-0.543645205951533	-0.903452787959144	-0.471607746901927	-0.31352002380084	-0.629695470003015	-0.614447153106498	-0.450029376793638	-0.778864929419358	-0.106859266596549	0.490400756202404	-0.704119289395502	-0.42235169338102	0.104334441560835	-0.949037828322875
"184"	82.7638190954774	-0.724581772406624	-0.543642581581718	-0.90552096323153	-0.472640522353213	-0.313325908082882	-0.631955136623543	-0.615479928557784	-0.449906576495446	-0.781053280620122	-0.103203064002452	0.496473795825211	-0.702879923830115	-0.419607433264681	0.109062561521896	-0.948277428051257
"185"	83.21608040201	-0.725614547857909	-0.543634831600799	-0.907594264115019	-0.473673297804498	-0.313128680832337	-0.63421791477666	-0.616512704009069	-0.449779761095955	-0.783245646922183	-0.0995468614083549	0.5025486356017	-0.70164235841841	-0.416863173148341	0.113792303537954	-0.947518649834636
"186"	83.6683417085427	-0.726647323309195	-0.543622043428299	-0.909672603190091	-0.474706073255784	-0.312928413020548	-0.63648373349102	-0.617545479460355	-0.449649013787034	-0.785441945133675	-0.0958906588142577	0.508625253924904	-0.700406571553419	-0.414118913032002	0.118523649469859	-0.946761475533863
"187"	84.1206030150754	-0.72768009876048	-0.543604302916056	-0.911755894604905	-0.475738848707069	-0.312725173644354	-0.638752523769785	-0.61857825491164	-0.44951441574864	-0.787642094074641	-0.0922344562201605	0.514703629516758	-0.699172541957079	-0.411374652915662	0.123256581433594	-0.946005887264918
"188"	84.572864321608	-0.728712874211766	-0.543581694369331	-0.913844054054201	-0.476771624158355	-0.31251902978757	-0.64102421852914	-0.619611030362926	-0.449376046199009	-0.789846014526842	-0.0885782536260633	0.520783741422188	-0.697940248674315	-0.408630392799323	0.127991081796076	-0.945251867394722
"189"	85.0251256281407	-0.729745649663051	-0.543554300568199	-0.915936998757904	-0.47780439960964	-0.312310046680514	-0.643298752538767	-0.620643805814211	-0.449233982443843	-0.792053629184579	-0.0849220510319662	0.526865569003315	-0.696709671067248	-0.405886132682983	0.132727133171045	-0.944499398537011
"190"	85.4773869346734	-0.730778425114337	-0.543522202789186	-0.918034647439488	-0.478837175060926	-0.312098287757626	-0.645576062364226	-0.621676581265497	-0.449088299924473	-0.79426486260652	-0.0812658484378689	0.532949091933773	-0.695480788809511	-0.403141872566644	0.137464718415018	-0.943748463548306
"191"	85.929648241206	-0.731811200565622	-0.543485480827115	-0.92013692030413	-0.479869950512211	-0.31188381471324	-0.647856086311183	-0.622709356716782	-0.448939072265005	-0.796479641168559	-0.0776096458437716	0.539034290193147	-0.69425358188069	-0.400397612450304	0.142203820623325	-0.942999045523934
"192"	86.3819095477387	-0.732843976016908	-0.5434442130171	-0.922243739016716	-0.480902725963497	-0.311666687555555	-0.650138764371439	-0.623742132168068	-0.448786371318445	-0.798697893017691	-0.0739534432496745	0.545121144061519	-0.693028030560867	-0.397653352333965	0.146944423126209	-0.942251127794139
"193"	86.8341708542714	-0.733876751468193	-0.543398476256673	-0.924355026679714	-0.481935501414782	-0.311446964658865	-0.6524240381707	-0.624774907619353	-0.448630267211803	-0.800919548026903	-0.0702972406555772	0.551209634114125	-0.691804115425279	-0.394909092217625	0.151686509484998	-0.941504693920249
"194"	87.286432160804	-0.734909526919479	-0.543348346027985	-0.926470707810973	-0.482968276866068	-0.311224702814085	-0.654711850918051	-0.625807683070639	-0.448470828390187	-0.80314453775109	-0.06664103806148	0.557299741216119	-0.690581817339079	-0.392164832101286	0.156430063488354	-0.940759727690926
"195"	87.7386934673367	-0.735942302370765	-0.543293896420061	-0.928590708321468	-0.484001052317354	-0.310999957277641	-0.657002147357066	-0.626840458521924	-0.448308121659882	-0.805372795383966	-0.0629848354673829	0.563391446517441	-0.689361117452206	-0.389420571984947	0.161175069148574	-0.940016213118467
"196"	88.1909547738694	-0.73697507782205	-0.54323520015107	-0.93071495549303	-0.485033827768639	-0.310772781818759	-0.65929487371852	-0.62787323397321	-0.448142212230431	-0.807604255715989	-0.0593286328732857	0.569484731447784	-0.688141997194355	-0.386676311868607	0.165921510697974	-0.939274134435189
"197"	88.643216080402	-0.738007853273336	-0.543172328590588	-0.932843377956083	-0.486066603219925	-0.310543228765214	-0.661589977674635	-0.628906009424495	-0.44797316375572	-0.80983885509327	-0.0556724302791884	0.575579577711669	-0.686924438270046	-0.383932051752268	0.170669372585331	-0.938533476089866
"198"	89.0954773869347	-0.739040628724621	-0.54310535178182	-0.934975905667422	-0.48709937867121	-0.310311349047577	-0.663887408294844	-0.629938784875781	-0.44780103837409	-0.812076531377471	-0.0520162276850913	0.581675967283614	-0.685708422653797	-0.381187791635928	0.175418639472381	-0.937794222744238
"199"	89.5477386934673	-0.740073404175907	-0.543034338463752	-0.937112469888061	-0.488132154122495	-0.310077192242012	-0.666187116002979	-0.630971560327066	-0.447625896747469	-0.814317223906664	-0.048360025090994	0.587773882403394	-0.684493932585382	-0.378443531519589	0.180169296230398	-0.937056359269575
"200"	90	-0.741106179627192	-0.542959356093226	-0.939253003161158	-0.489164929573781	-0.309840806611671	-0.668489052535891	-0.632004335778352	-0.447447798099548	-0.816560873457155	-0.0447038224968969	0.593873305571404	-0.683280950565198	-0.375699271403249	0.184921327936815	-0.936319870743314
