"Species"	"Latitude"	"Lake"	"Marine"	"Stream"	"pred"
1	0	1	0	0	-0.561137204698061
2	0	1	0	0	-0.376042879287656
3	0	1	0	0	-0.26776963982629
4	0	1	0	0	-0.190948553877251
5	0	1	0	0	-0.131361490323418
6	0	1	0	0	-0.0826753144158848
7	0	1	0	0	-0.0415117392122283
8	0	1	0	0	-0.00585422846684569
9	0	1	0	0	0.0255979250454812
10	0	1	0	0	0.0537328350869875
11	0	1	0	0	0.0791839570570353
12	0	1	0	0	0.10241901099452
13	0	1	0	0	0.123793188653134
14	0	1	0	0	0.143582586198177
15	0	1	0	0	0.162006074548353
16	0	1	0	0	0.179240096943559
17	0	1	0	0	0.195428972543268
18	0	1	0	0	0.210692250455886
19	0	1	0	0	0.225130072795079
20	0	1	0	0	0.238827160497392
21	0	1	0	0	0.251855825659543
22	0	1	0	0	0.26427828246744
23	0	1	0	0	0.276148444010484
24	0	1	0	0	0.287513336404925
25	0	1	0	0	0.298414224051226
26	0	1	0	0	0.308887514063539
27	0	1	0	0	0.318965489917252
28	0	1	0	0	0.328676911608582
29	0	1	0	0	0.338047510451645
30	0	1	0	0	0.347100399958758
31	0	1	0	0	0.355856419323715
32	0	1	0	0	0.364334422353964
33	0	1	0	0	0.372551521928806
34	0	1	0	0	0.380523297953673
35	0	1	0	0	0.388263975162415
36	0	1	0	0	0.395786575866291
37	0	1	0	0	0.403103051769994
38	0	1	0	0	0.410224398205484
39	0	1	0	0	0.417160753524905
40	0	1	0	0	0.423921485907797
41	0	1	0	0	0.430515269447886
42	0	1	0	0	0.436950151069948
43	0	1	0	0	0.443233609571781
44	0	1	0	0	0.449372607877845
45	0	1	0	0	0.455373639420124
46	0	1	0	0	0.461242769420889
47	0	1	0	0	0.466985671735368
48	0	1	0	0	0.47260766181533
49	0	1	0	0	0.478113726273604
50	0	1	0	0	0.483508549461631
51	0	1	0	0	0.488796537415039
52	0	1	0	0	0.493981839473944
53	0	1	0	0	0.499068367843775
54	0	1	0	0	0.504059815327657
55	0	1	0	0	0.508959671431678
56	0	1	0	0	0.513771237018987
57	0	1	0	0	0.51849763766685
58	0	1	0	0	0.52314183586205
59	0	1	0	0	0.527706642153777
60	0	1	0	0	0.532194725369163
61	0	1	0	0	0.536608621984443
62	0	1	0	0	0.54095074473412
63	0	1	0	0	0.545223390531313
64	0	1	0	0	0.549428747764369
65	0	1	0	0	0.553568903027777
66	0	1	0	0	0.557645847339211
67	0	1	0	0	0.56166148188907
68	0	1	0	0	0.565617623364078
69	0	1	0	0	0.569516008882255
70	0	1	0	0	0.57335830057282
71	0	1	0	0	0.57714608983124
72	0	1	0	0	0.580880901276696
73	0	1	0	0	0.584564196436594
74	0	1	0	0	0.588197377180399
75	0	1	0	0	0.591781788922997
76	0	1	0	0	0.595318723615889
77	0	1	0	0	0.598809422542868
78	0	1	0	0	0.60225507893531
79	0	1	0	0	0.605656840420878
80	0	1	0	0	0.609015811318202
81	0	1	0	0	0.612333054789023
82	0	1	0	0	0.615609594858291
83	0	1	0	0	0.61884641831183
84	0	1	0	0	0.622044476480352
85	0	1	0	0	0.625204686917911
86	0	1	0	0	0.628327934982186
87	0	1	0	0	0.631415075323416
88	0	1	0	0	0.63446693328825
89	0	1	0	0	0.637484306244272
90	0	1	0	0	0.640467964830529
91	0	1	0	0	0.643418654138966
92	0	1	0	0	0.646337094831294
93	0	1	0	0	0.649223984195486
94	0	1	0	0	0.652079997145773
95	0	1	0	0	0.654905787169722
96	0	1	0	0	0.657701987225735
97	0	1	0	0	0.660469210594034
98	0	1	0	0	0.663208051684009
99	0	1	0	0	0.665919086800577
100	0	1	0	0	0.668602874872036
101	0	1	0	0	0.671259958141695
102	0	1	0	0	0.673890862825444
103	0	1	0	0	0.676496099737234
104	0	1	0	0	0.679076164884349
105	0	1	0	0	0.681631540034186
106	0	1	0	0	0.68416269325418
107	0	1	0	0	0.686670079426375
108	0	1	0	0	0.689154140738062
109	0	1	0	0	0.691615307149802
110	0	1	0	0	0.694053996842083
111	0	1	0	0	0.696470616641765
112	0	1	0	0	0.698865562429391
113	0	1	0	0	0.701239219528414
114	0	1	0	0	0.703591963077255
115	0	1	0	0	0.705924158385127
116	0	1	0	0	0.708236161272455
117	0	1	0	0	0.710528318396676
118	0	1	0	0	0.712800967564182
119	0	1	0	0	0.7150544380291
120	0	1	0	0	0.717289050779568
121	0	1	0	0	0.719505118812131
122	0	1	0	0	0.721702947394848
123	0	1	0	0	0.723882834319657
124	0	1	0	0	0.726045070144525
125	0	1	0	0	0.728189938425869
126	0	1	0	0	0.730317715941719
127	0	1	0	0	0.732428672906061
128	0	1	0	0	0.734523073174774
129	0	1	0	0	0.736601174443552
130	0	1	0	0	0.738663228438182
131	0	1	0	0	0.74070948109754
132	0	1	0	0	0.742740172749616
133	0	1	0	0	0.744755538280911
134	0	1	0	0	0.746755807299475
135	0	1	0	0	0.748741204291895
136	0	1	0	0	0.750711948774483
137	0	1	0	0	0.75266825543893
138	0	1	0	0	0.75461033429266
139	0	1	0	0	0.756538390794121
140	0	1	0	0	0.758452625983225
141	0	1	0	0	0.760353236607138
142	0	1	0	0	0.762240415241645
143	0	1	0	0	0.76411435040823
144	0	1	0	0	0.765975226687101
145	0	1	0	0	0.767823224826288
146	0	1	0	0	0.769658521846998
147	0	1	0	0	0.771481291145375
148	0	1	0	0	0.773291702590804
149	0	1	0	0	0.775089922620914
150	0	1	0	0	0.776876114333401
151	0	1	0	0	0.778650437574793
152	0	1	0	0	0.780413049026294
153	0	1	0	0	0.78216410228681
154	0	1	0	0	0.783903747953273
155	0	1	0	0	0.785632133698358
156	0	1	0	0	0.787349404345715
157	0	1	0	0	0.789055701942778
158	0	1	0	0	0.790751165831283
159	0	1	0	0	0.792435932715546
160	0	1	0	0	0.794110136728607
161	0	1	0	0	0.795773909496316
162	0	1	0	0	0.797427380199428
163	0	1	0	0	0.799070675633791
164	0	1	0	0	0.800703920268697
165	0	1	0	0	0.802327236303449
166	0	1	0	0	0.803940743722235
167	0	1	0	0	0.805544560347336
168	0	1	0	0	0.807138801890758
169	0	1	0	0	0.808723582004328
170	0	1	0	0	0.810299012328316
171	0	1	0	0	0.81186520253862
172	0	1	0	0	0.813422260392591
173	0	1	0	0	0.814970291773514
174	0	1	0	0	0.816509400733821
175	0	1	0	0	0.818039689537058
176	0	1	0	0	0.819561258698655
177	0	1	0	0	0.821074207025548
178	0	1	0	0	0.822578631654677
179	0	1	0	0	0.824074628090413
180	0	1	0	0	0.825562290240934
181	0	1	0	0	0.827041710453606
182	0	1	0	0	0.828512979549371
183	0	1	0	0	0.829976186856214
184	0	1	0	0	0.831431420241699
185	0	1	0	0	0.832878766144637
186	0	1	0	0	0.834318309605891
187	0	1	0	0	0.835750134298364
188	0	1	0	0	0.837174322556178
189	0	1	0	0	0.838590955403084
190	0	1	0	0	0.840000112580127
191	0	1	0	0	0.841401872572572
192	0	1	0	0	0.84279631263614
193	0	1	0	0	0.844183508822557
194	0	1	0	0	0.845563536004439
195	0	1	0	0	0.846936467899548
196	0	1	0	0	0.848302377094414
197	0	1	0	0	0.849661335067367
198	0	1	0	0	0.851013412210982
199	0	1	0	0	0.852358677853956
200	0	1	0	0	0.85369720028244
1	30	1	0	0	-0.561137204698061
2	30	1	0	0	-0.333230247561601
3	30	1	0	0	-0.199913223983308
4	30	1	0	0	-0.105323290425142
5	30	1	0	0	-0.0319536379026255
6	30	1	0	0	0.027993733153151
7	30	1	0	0	0.0786785131901503
8	30	1	0	0	0.122583666711318
9	30	1	0	0	0.161310756731444
10	30	1	0	0	0.195953319233834
11	30	1	0	0	0.227291328927223
12	30	1	0	0	0.255900690289611
13	30	1	0	0	0.282218751530373
14	30	1	0	0	0.30658547032661
15	30	1	0	0	0.329270342812127
16	30	1	0	0	0.350490623847777
17	30	1	0	0	0.370424013859651
18	30	1	0	0	0.389217713867903
19	30	1	0	0	0.406995029027113
20	30	1	0	0	0.423860276370293
21	30	1	0	0	0.439902493904903
22	30	1	0	0	0.455198286063682
23	30	1	0	0	0.469814036125144
24	30	1	0	0	0.48380764742607
25	30	1	0	0	0.49722992889281
26	30	1	0	0	0.510125708666833
27	30	1	0	0	0.522534737446196
28	30	1	0	0	0.534492427463069
29	30	1	0	0	0.546030461728214
30	30	1	0	0	0.557177299948586
31	30	1	0	0	0.567958601458887
32	30	1	0	0	0.578397580984237
33	30	1	0	0	0.588515309641975
34	30	1	0	0	0.598330970996111
35	30	1	0	0	0.607862079985586
36	30	1	0	0	0.617124671004363
37	30	1	0	0	0.626133460206721
38	30	1	0	0	0.634901986163573
39	30	1	0	0	0.643442732245125
40	30	1	0	0	0.651767233506753
41	30	1	0	0	0.659886170374785
42	30	1	0	0	0.667809451041362
43	30	1	0	0	0.675546284162911
44	30	1	0	0	0.683105243200141
45	30	1	0	0	0.690494323526879
46	30	1	0	0	0.697720993261603
47	30	1	0	0	0.70479223863189
48	30	1	0	0	0.711714604562529
49	30	1	0	0	0.718494231078361
50	30	1	0	0	0.725136886029269
51	30	1	0	0	0.731647994574404
52	30	1	0	0	0.738032665803292
53	30	1	0	0	0.744295716821124
54	30	1	0	0	0.750441694582656
55	30	1	0	0	0.756474895722658
56	30	1	0	0	0.762399384599529
57	30	1	0	0	0.768219009741866
58	30	1	0	0	0.773937418864673
59	30	1	0	0	0.77955807260194
60	30	1	0	0	0.785084257085046
61	30	1	0	0	0.790519095481484
62	30	1	0	0	0.795865558595346
63	30	1	0	0	0.801126474619654
64	30	1	0	0	0.806304538120696
65	30	1	0	0	0.811402318325808
66	30	1	0	0	0.816422266778434
67	30	1	0	0	0.821366724417539
68	30	1	0	0	0.82623792813257
69	30	1	0	0	0.831038016839896
70	30	1	0	0	0.835769037122045
71	30	1	0	0	0.840432948466958
72	30	1	0	0	0.845031628140822
73	30	1	0	0	0.849566875724812
74	30	1	0	0	0.854040417343181
75	30	1	0	0	0.858453909607562
76	30	1	0	0	0.862808943300033
77	30	1	0	0	0.867107046815433
78	30	1	0	0	0.871349689381585
79	30	1	0	0	0.875538284074377
80	30	1	0	0	0.879674190643212
81	30	1	0	0	0.883758718160948
82	30	1	0	0	0.887793127511245
83	30	1	0	0	0.891778633725162
84	30	1	0	0	0.895716408177821
85	30	1	0	0	0.899607580655086
86	30	1	0	0	0.903453241299371
87	30	1	0	0	0.907254442442966
88	30	1	0	0	0.911012200336601
89	30	1	0	0	0.914727496780336
90	30	1	0	0	0.918401280663338
91	30	1	0	0	0.922034469418584
92	30	1	0	0	0.925627950398063
93	30	1	0	0	0.929182582173639
94	30	1	0	0	0.93269919576835
95	30	1	0	0	0.936178595822549
96	30	1	0	0	0.939621561698989
97	30	1	0	0	0.943028848530649
98	30	1	0	0	0.946401188214821
99	30	1	0	0	0.949739290356727
100	30	1	0	0	0.953043843165728
101	30	1	0	0	0.956315514306935
102	30	1	0	0	0.959554951710863
103	30	1	0	0	0.962762784343599
104	30	1	0	0	0.965939622939752
105	30	1	0	0	0.969086060700338
106	30	1	0	0	0.972202673957584
107	30	1	0	0	0.975290022808522
108	30	1	0	0	0.978348651719115
109	30	1	0	0	0.981379090100531
110	30	1	0	0	0.984381852859117
111	30	1	0	0	0.987357440921473
112	30	1	0	0	0.990306341735988
113	30	1	0	0	0.99322902975208
114	30	1	0	0	0.996125966878325
115	30	1	0	0	0.998997602920579
116	30	1	0	0	1.00184437600113
117	30	1	0	0	1.00466671295988
118	30	1	0	0	1.0074650297384
119	30	1	0	0	1.01023973174786
120	30	1	0	0	1.01299121422151
121	30	1	0	0	1.01571986255251
122	30	1	0	0	1.01842605261794
123	30	1	0	0	1.02111015108954
124	30	1	0	0	1.02377251573181
125	30	1	0	0	1.02641349568824
126	30	1	0	0	1.02903343175611
127	30	1	0	0	1.03163265665035
128	30	1	0	0	1.03421149525716
129	30	1	0	0	1.03677026487766
130	30	1	0	0	1.03930927546227
131	30	1	0	0	1.04182882983592
132	30	1	0	0	1.04432922391489
133	30	1	0	0	1.04681074691532
134	30	1	0	0	1.049273681554
135	30	1	0	0	1.05171830424163
136	30	1	0	0	1.05414488526903
137	30	1	0	0	1.05655368898644
138	30	1	0	0	1.05894497397636
139	30	1	0	0	1.06131899322012
140	30	1	0	0	1.0636759942585
141	30	1	0	0	1.06601621934664
142	30	1	0	0	1.06833990560342
143	30	1	0	0	1.07064728515566
144	30	1	0	0	1.07293858527728
145	30	1	0	0	1.07521402852365
146	30	1	0	0	1.07747383286127
147	30	1	0	0	1.07971821179311
148	30	1	0	0	1.08194737447964
149	30	1	0	0	1.08416152585579
150	30	1	0	0	1.08636086674402
151	30	1	0	0	1.08854559396365
152	30	1	0	0	1.09071590043649
153	30	1	0	0	1.09287197528916
154	30	1	0	0	1.09501400395189
155	30	1	0	0	1.09714216825432
156	30	1	0	0	1.09925664651804
157	30	1	0	0	1.10135761364631
158	30	1	0	0	1.10344524121084
159	30	1	0	0	1.10551969753588
160	30	1	0	0	1.10758114777967
161	30	1	0	0	1.10962975401335
162	30	1	0	0	1.11166567529741
163	30	1	0	0	1.11368906775577
164	30	1	0	0	1.1157000846477
165	30	1	0	0	1.11769887643741
166	30	1	0	0	1.11968559086162
167	30	1	0	0	1.12166037299512
168	30	1	0	0	1.12362336531428
169	30	1	0	0	1.12557470775881
170	30	1	0	0	1.12751453779155
171	30	1	0	0	1.12944299045662
172	30	1	0	0	1.13136019843583
173	30	1	0	0	1.13326629210345
174	30	1	0	0	1.13516139957943
175	30	1	0	0	1.13704564678102
176	30	1	0	0	1.13891915747306
177	30	1	0	0	1.14078205331669
178	30	1	0	0	1.1426344539168
179	30	1	0	0	1.14447647686806
180	30	1	0	0	1.1463082377998
181	30	1	0	0	1.14812985041946
182	30	1	0	0	1.14994142655504
183	30	1	0	0	1.15174307619624
184	30	1	0	0	1.15353490753452
185	30	1	0	0	1.15531702700216
186	30	1	0	0	1.1570895393101
187	30	1	0	0	1.15885254748493
188	30	1	0	0	1.16060615290481
189	30	1	0	0	1.16235045533441
190	30	1	0	0	1.16408555295901
191	30	1	0	0	1.16581154241765
192	30	1	0	0	1.16752851883545
193	30	1	0	0	1.16923657585501
194	30	1	0	0	1.17093580566711
195	30	1	0	0	1.17262629904056
196	30	1	0	0	1.17430814535128
197	30	1	0	0	1.17598143261066
198	30	1	0	0	1.17764624749319
199	30	1	0	0	1.17930267536341
200	30	1	0	0	1.18095080030219
1	60	1	0	0	-0.561137204698061
2	60	1	0	0	-0.290417615835547
3	60	1	0	0	-0.132056808140327
4	60	1	0	0	-0.0196980269730326
5	60	1	0	0	0.0674542145181665
6	60	1	0	0	0.138662780722187
7	60	1	0	0	0.198868765592529
8	60	1	0	0	0.251021561889481
9	60	1	0	0	0.297023588417406
10	60	1	0	0	0.33817380338068
11	60	1	0	0	0.37539870079741
12	60	1	0	0	0.409382369584701
13	60	1	0	0	0.440644314407613
14	60	1	0	0	0.469588354455043
15	60	1	0	0	0.4965346110759
16	60	1	0	0	0.521741150751995
17	60	1	0	0	0.545419055176035
18	60	1	0	0	0.56774317727992
19	60	1	0	0	0.588859985259148
20	60	1	0	0	0.608893392243194
21	60	1	0	0	0.627949162150262
22	60	1	0	0	0.646118289659924
23	60	1	0	0	0.663479628239803
24	60	1	0	0	0.680101958447215
25	60	1	0	0	0.696045633734394
26	60	1	0	0	0.711363903270127
27	60	1	0	0	0.72610398497514
28	60	1	0	0	0.740307943317557
29	60	1	0	0	0.754013413004782
30	60	1	0	0	0.767254199938414
31	60	1	0	0	0.780060783594058
32	60	1	0	0	0.792460739614509
33	60	1	0	0	0.804479097355143
34	60	1	0	0	0.816138644038549
35	60	1	0	0	0.827460184808756
36	60	1	0	0	0.838462766142434
37	60	1	0	0	0.849163868643448
38	60	1	0	0	0.859579574121662
39	60	1	0	0	0.869724710965346
40	60	1	0	0	0.879612981105708
41	60	1	0	0	0.889257071301685
42	60	1	0	0	0.898668751012777
43	60	1	0	0	0.907858958754042
44	60	1	0	0	0.916837878522438
45	60	1	0	0	0.925615007633633
46	60	1	0	0	0.934199217102318
47	60	1	0	0	0.942598805528413
48	60	1	0	0	0.950821547309729
49	60	1	0	0	0.958874735883119
50	60	1	0	0	0.966765222596908
51	60	1	0	0	0.974499451733768
52	60	1	0	0	0.982083492132641
53	60	1	0	0	0.989523065798473
54	60	1	0	0	0.996823573837654
55	60	1	0	0	1.00399012001364
56	60	1	0	0	1.01102753218007
57	60	1	0	0	1.01794038181688
58	60	1	0	0	1.0247330018673
59	60	1	0	0	1.0314095030501
60	60	1	0	0	1.03797378880093
61	60	1	0	0	1.04442956897853
62	60	1	0	0	1.05078037245657
63	60	1	0	0	1.057029558708
64	60	1	0	0	1.06318032847702
65	60	1	0	0	1.06923573362384
66	60	1	0	0	1.07519868621766
67	60	1	0	0	1.08107196694601
68	60	1	0	0	1.08685823290106
69	60	1	0	0	1.09256002479754
70	60	1	0	0	1.09817977367127
71	60	1	0	0	1.10371980710268
72	60	1	0	0	1.10918235500495
73	60	1	0	0	1.11456955501303
74	60	1	0	0	1.11988345750596
75	60	1	0	0	1.12512603029213
76	60	1	0	0	1.13029916298418
77	60	1	0	0	1.135404671088
78	60	1	0	0	1.14044429982786
79	60	1	0	0	1.14541972772788
80	60	1	0	0	1.15033256996822
81	60	1	0	0	1.15518438153287
82	60	1	0	0	1.1599766601642
83	60	1	0	0	1.16471084913849
84	60	1	0	0	1.16938833987529
85	60	1	0	0	1.17401047439226
86	60	1	0	0	1.17857854761656
87	60	1	0	0	1.18309380956252
88	60	1	0	0	1.18755746738495
89	60	1	0	0	1.1919706873164
90	60	1	0	0	1.19633459649615
91	60	1	0	0	1.2006502846982
92	60	1	0	0	1.20491880596483
93	60	1	0	0	1.20914118015179
94	60	1	0	0	1.21331839439093
95	60	1	0	0	1.21745140447538
96	60	1	0	0	1.22154113617224
97	60	1	0	0	1.22558848646726
98	60	1	0	0	1.22959432474563
99	60	1	0	0	1.23355949391288
100	60	1	0	0	1.23748481145942
101	60	1	0	0	1.24137107047217
102	60	1	0	0	1.24521904059628
103	60	1	0	0	1.24902946894996
104	60	1	0	0	1.25280308099516
105	60	1	0	0	1.25654058136649
106	60	1	0	0	1.26024265466099
107	60	1	0	0	1.26390996619067
108	60	1	0	0	1.26754316270017
109	60	1	0	0	1.27114287305126
110	60	1	0	0	1.27470970887615
111	60	1	0	0	1.27824426520118
112	60	1	0	0	1.28174712104258
113	60	1	0	0	1.28521883997575
114	60	1	0	0	1.2886599706794
115	60	1	0	0	1.29207104745603
116	60	1	0	0	1.29545259072981
117	60	1	0	0	1.29880510752308
118	60	1	0	0	1.30212909191262
119	60	1	0	0	1.30542502546662
120	60	1	0	0	1.30869337766344
121	60	1	0	0	1.31193460629288
122	60	1	0	0	1.31514915784104
123	60	1	0	0	1.31833746785942
124	60	1	0	0	1.32149996131909
125	60	1	0	0	1.32463705295062
126	60	1	0	0	1.32774914757051
127	60	1	0	0	1.33083664039465
128	60	1	0	0	1.33389991733954
129	60	1	0	0	1.33693935531177
130	60	1	0	0	1.33995532248635
131	60	1	0	0	1.34294817857431
132	60	1	0	0	1.34591827508017
133	60	1	0	0	1.34886595554974
134	60	1	0	0	1.35179155580852
135	60	1	0	0	1.35469540419137
136	60	1	0	0	1.35757782176358
137	60	1	0	0	1.36043912253395
138	60	1	0	0	1.36327961366005
139	60	1	0	0	1.36609959564611
140	60	1	0	0	1.36889936253378
141	60	1	0	0	1.37167920208615
142	60	1	0	0	1.37443939596519
143	60	1	0	0	1.37718021990308
144	60	1	0	0	1.37990194386746
145	60	1	0	0	1.38260483222101
146	60	1	0	0	1.38528914387554
147	60	1	0	0	1.38795513244085
148	60	1	0	0	1.39060304636848
149	60	1	0	0	1.39323312909066
150	60	1	0	0	1.39584561915464
151	60	1	0	0	1.3984407503525
152	60	1	0	0	1.40101875184669
153	60	1	0	0	1.4035798482915
154	60	1	0	0	1.40612425995051
155	60	1	0	0	1.40865220281029
156	60	1	0	0	1.41116388869037
157	60	1	0	0	1.41365952534984
158	60	1	0	0	1.41613931659039
159	60	1	0	0	1.41860346235621
160	60	1	0	0	1.42105215883074
161	60	1	0	0	1.42348559853039
162	60	1	0	0	1.42590397039539
163	60	1	0	0	1.42830745987776
164	60	1	0	0	1.43069624902671
165	60	1	0	0	1.43307051657137
166	60	1	0	0	1.43543043800101
167	60	1	0	0	1.43777618564289
168	60	1	0	0	1.4401079287378
169	60	1	0	0	1.44242583351329
170	60	1	0	0	1.44473006325478
171	60	1	0	0	1.44702077837461
172	60	1	0	0	1.44929813647907
173	60	1	0	0	1.45156229243339
174	60	1	0	0	1.45381339842503
175	60	1	0	0	1.45605160402498
176	60	1	0	0	1.45827705624747
177	60	1	0	0	1.46048989960784
178	60	1	0	0	1.46269027617891
179	60	1	0	0	1.46487832564571
180	60	1	0	0	1.46705418535866
181	60	1	0	0	1.46921799038532
182	60	1	0	0	1.47136987356072
183	60	1	0	0	1.47350996553626
184	60	1	0	0	1.47563839482735
185	60	1	0	0	1.47775528785968
186	60	1	0	0	1.47986076901431
187	60	1	0	0	1.48195496067151
188	60	1	0	0	1.48403798325344
189	60	1	0	0	1.48610995526573
190	60	1	0	0	1.48817099333789
191	60	1	0	0	1.49022121226274
192	60	1	0	0	1.49226072503476
193	60	1	0	0	1.49428964288746
194	60	1	0	0	1.49630807532978
195	60	1	0	0	1.49831613018157
196	60	1	0	0	1.50031391360815
197	60	1	0	0	1.50230153015395
198	60	1	0	0	1.50427908277539
199	60	1	0	0	1.50624667287287
200	60	1	0	0	1.50820440032194
1	0	0	1	0	-0.561137204698061
2	0	0	1	0	-0.325037283969477
3	0	0	1	0	-0.186927683920017
4	0	0	1	0	-0.0889373632408925
5	0	0	1	0	-0.0129301655576822
6	0	0	1	0	0.0491722368085667
7	0	0	1	0	0.10167906985674
8	0	0	1	0	0.147162557487692
9	0	0	1	0	0.187281836858026
10	0	0	1	0	0.223169755170902
11	0	0	1	0	0.255634326228163
12	0	0	1	0	0.285272157537151
13	0	0	1	0	0.312536319415955
14	0	0	1	0	0.337778990585324
15	0	0	1	0	0.361279355220361
16	0	0	1	0	0.383262478216276
17	0	0	1	0	0.403912448102177
18	0	0	1	0	0.42338175758661
19	0	0	1	0	0.441798144486741
20	0	0	1	0	0.459269675899486
21	0	0	1	0	0.475888590634783
22	0	0	1	0	0.491734246956746
23	0	0	1	0	0.506875414537839
24	0	0	1	0	0.521372078265735
25	0	0	1	0	0.535276873582696
26	0	0	1	0	0.548636240144539
27	0	0	1	0	0.561491357636069
28	0	0	1	0	0.573878911313908
29	0	0	1	0	0.585831723152527
30	0	0	1	0	0.597379275948945
31	0	0	1	0	0.608548151458124
32	0	0	1	0	0.61936239894486
33	0	0	1	0	0.629843847006206
34	0	0	1	0	0.640012368830761
35	0	0	1	0	0.649886108997119
36	0	0	1	0	0.659481678315194
37	0	0	1	0	0.66881432196619
38	0	0	1	0	0.677898065215325
39	0	0	1	0	0.686745840193998
40	0	0	1	0	0.69536959662807
41	0	0	1	0	0.703780398891535
42	0	0	1	0	0.711988511363367
43	0	0	1	0	0.720003473739414
44	0	0	1	0	0.72783416768533
45	0	0	1	0	0.735488875998404
46	0	0	1	0	0.742975335266423
47	0	0	1	0	0.750300782862906
48	0	0	1	0	0.757471998994319
49	0	0	1	0	0.764495344411541
50	0	0	1	0	0.77137679431128
51	0	0	1	0	0.778121968880221
52	0	0	1	0	0.784736160873123
53	0	0	1	0	0.791224360563946
54	0	0	1	0	0.797591278364653
55	0	0	1	0	0.803841365368541
56	0	0	1	0	0.809978832042492
57	0	0	1	0	0.816007665264784
58	0	0	1	0	0.821931643881111
59	0	0	1	0	0.827754352930826
60	0	0	1	0	0.833479196677529
61	0	0	1	0	0.839109410562591
62	0	0	1	0	0.844648072186708
63	0	0	1	0	0.850098111412826
64	0	0	1	0	0.855462319673444
65	0	0	1	0	0.860743358556333
66	0	0	1	0	0.86594376773479
67	0	0	1	0	0.87106597230154
68	0	0	1	0	0.876112289559346
69	0	0	1	0	0.881084935315882
70	0	0	1	0	0.885986029725703
71	0	0	1	0	0.890817602717833
72	0	0	1	0	0.895581599043778
73	0	0	1	0	0.900279882977354
74	0	0	1	0	0.904914242694774
75	0	0	1	0	0.90948639436074
76	0	0	1	0	0.913997985943909
77	0	0	1	0	0.918450600782963
78	0	0	1	0	0.922845760922583
79	0	0	1	0	0.927184930236927
80	0	0	1	0	0.931469517356654
81	0	0	1	0	0.935700878414113
82	0	0	1	0	0.93988031962012
83	0	0	1	0	0.944009099684546
84	0	0	1	0	0.948088432091951
85	0	0	1	0	0.952119487242556
86	0	0	1	0	0.956103394467998
87	0	0	1	0	0.96004124393057
88	0	0	1	0	0.963934088413915
89	0	0	1	0	0.967782945012547
90	0	0	1	0	0.971588796726989
91	0	0	1	0	0.975352593970756
92	0	0	1	0	0.979075255995007
93	0	0	1	0	0.982757672236167
94	0	0	1	0	0.98640070359149
95	0	0	1	0	0.99000518362712
96	0	0	1	0	0.993571919722903
97	0	0	1	0	0.997101694157884
98	0	0	1	0	1.00059526514012
99	0	0	1	0	1.00405336778425
100	0	0	1	0	1.00747671503986
101	0	0	1	0	1.01086599857379
102	0	0	1	0	1.0142218896088
103	0	0	1	0	1.01754503972153
104	0	0	1	0	1.02083608160171
105	0	0	1	0	1.02409562977516
106	0	0	1	0	1.02732428129253
107	0	0	1	0	1.03052261638562
108	0	0	1	0	1.03369119909324
109	0	0	1	0	1.03683057785822
110	0	0	1	0	1.03994128609712
111	0	0	1	0	1.04302384274423
112	0	0	1	0	1.04607875277108
113	0	0	1	0	1.04910650768292
114	0	0	1	0	1.05210758599337
115	0	0	1	0	1.05508245367822
116	0	0	1	0	1.0580315646097
117	0	0	1	0	1.06095536097204
118	0	0	1	0	1.06385427365941
119	0	0	1	0	1.06672872265698
120	0	0	1	0	1.06957911740611
121	0	0	1	0	1.07240585715439
122	0	0	1	0	1.07520933129117
123	0	0	1	0	1.07798991966958
124	0	0	1	0	1.08074799291529
125	0	0	1	0	1.08348391272307
126	0	0	1	0	1.08619803214141
127	0	0	1	0	1.08889069584592
128	0	0	1	0	1.09156224040203
129	0	0	1	0	1.09421299451746
130	0	0	1	0	1.09684327928492
131	0	0	1	0	1.09945340841553
132	0	0	1	0	1.10204368846337
133	0	0	1	0	1.10461441904154
134	0	0	1	0	1.10716589303012
135	0	0	1	0	1.10969839677645
136	0	0	1	0	1.11221221028793
137	0	0	1	0	1.11470760741787
138	0	0	1	0	1.11718485604447
139	0	0	1	0	1.11964421824342
140	0	0	1	0	1.12208595045429
141	0	0	1	0	1.12451030364095
142	0	0	1	0	1.12691752344642
143	0	0	1	0	1.12930785034218
144	0	0	1	0	1.13168151977236
145	0	0	1	0	1.13403876229291
146	0	0	1	0	1.13637980370594
147	0	0	1	0	1.13870486518958
148	0	0	1	0	1.14101416342336
149	0	0	1	0	1.14330791070934
150	0	0	1	0	1.14558631508932
151	0	0	1	0	1.147849580458
152	0	0	1	0	1.15009790667249
153	0	0	1	0	1.15233148965826
154	0	0	1	0	1.15455052151155
155	0	0	1	0	1.1567551905985
156	0	0	1	0	1.15894568165117
157	0	0	1	0	1.16112217586034
158	0	0	1	0	1.16328485096551
159	0	0	1	0	1.16543388134199
160	0	0	1	0	1.16756943808524
161	0	0	1	0	1.16969168909264
162	0	0	1	0	1.1718007991427
163	0	0	1	0	1.17389692997181
164	0	0	1	0	1.1759802403487
165	0	0	1	0	1.17805088614658
166	0	0	1	0	1.18010902041313
167	0	0	1	0	1.18215479343837
168	0	0	1	0	1.18418835282054
169	0	0	1	0	1.18620984352997
170	0	0	1	0	1.18821940797114
171	0	0	1	0	1.19021718604283
172	0	0	1	0	1.19220331519658
173	0	0	1	0	1.19417793049346
174	0	0	1	0	1.19614116465915
175	0	0	1	0	1.1980931481375
176	0	0	1	0	1.2000340091425
177	0	0	1	0	1.20196387370887
178	0	0	1	0	1.20388286574113
179	0	0	1	0	1.20579110706136
180	0	0	1	0	1.20768871745557
181	0	0	1	0	1.20957581471888
182	0	0	1	0	1.21145251469934
183	0	0	1	0	1.21331893134063
184	0	0	1	0	1.21517517672359
185	0	0	1	0	1.21702136110657
186	0	0	1	0	1.21885759296475
187	0	0	1	0	1.2206839790284
188	0	0	1	0	1.22250062432007
189	0	0	1	0	1.22430763219087
190	0	0	1	0	1.2261051043557
191	0	0	1	0	1.22789314092767
192	0	0	1	0	1.22967184045149
193	0	0	1	0	1.23144129993611
194	0	0	1	0	1.23320161488647
195	0	0	1	0	1.23495287933438
196	0	0	1	0	1.23669518586871
197	0	0	1	0	1.23842862566475
198	0	0	1	0	1.24015328851283
199	0	0	1	0	1.24186926284625
200	0	0	1	0	1.24357663576845
1	30	0	1	0	-0.561137204698061
2	30	0	1	0	-0.337850138110384
3	30	0	1	0	-0.207235577260565
4	30	0	1	0	-0.114563071522707
5	30	0	1	0	-0.0426806915631488
6	30	0	1	0	0.0160514893271115
7	30	0	1	0	0.0657088407186577
8	30	0	1	0	0.10872399506497
9	30	0	1	0	0.14666605017693
10	30	0	1	0	0.180606375024528
11	30	0	1	0	0.21130913348812
12	30	0	1	0	0.239338555914788
13	30	0	1	0	0.265123125050193
14	30	0	1	0	0.288995907306334
15	30	0	1	0	0.311220935874347
16	30	0	1	0	0.332011061652646
17	30	0	1	0	0.351540382910858
18	30	0	1	0	0.369953116764607
19	30	0	1	0	0.387370068855841
20	30	0	1	0	0.403893441612205
21	30	0	1	0	0.419610468156153
22	30	0	1	0	0.434596200075797
23	30	0	1	0	0.448915674997523
24	30	0	1	0	0.462625622502465
25	30	0	1	0	0.475775821571763
26	30	0	1	0	0.48841019163787
27	30	0	1	0	0.500567677614426
28	30	0	1	0	0.512282973894011
29	30	0	1	0	0.523587121242658
30	30	0	1	0	0.534508002462023
31	30	0	1	0	0.545070756747716
32	30	0	1	0	0.555298128240323
33	30	0	1	0	0.565210760925615
34	30	0	1	0	0.574827449498535
35	30	0	1	0	0.58416535385357
36	30	0	1	0	0.593240183352284
37	30	0	1	0	0.602066355838527
38	30	0	1	0	0.610657135443518
39	30	0	1	0	0.619024752487688
40	30	0	1	0	0.627180508199881
41	30	0	1	0	0.635134866504038
42	30	0	1	0	0.64289753474383
43	30	0	1	0	0.65047753490747
44	30	0	1	0	0.657883266663473
45	30	0	1	0	0.665122563311842
46	30	0	1	0	0.6722027415852
47	30	0	1	0	0.679130646093651
48	30	0	1	0	0.685912689090142
49	30	0	1	0	0.692554886135376
50	30	0	1	0	0.69906288815944
51	30	0	1	0	0.705442010348354
52	30	0	1	0	0.711697258225547
53	30	0	1	0	0.717833351248908
54	30	0	1	0	0.723854744202103
55	30	0	1	0	0.729765646623032
56	30	0	1	0	0.735570040481688
57	30	0	1	0	0.741271696293337
58	30	0	1	0	0.746874187830335
59	30	0	1	0	0.752380905576331
60	30	0	1	0	0.7577950690497
61	30	0	1	0	0.763119738108364
62	30	0	1	0	0.768357823335393
63	30	0	1	0	0.773512095593648
64	30	0	1	0	0.778585194828
65	30	0	1	0	0.783579638185105
66	30	0	1	0	0.788497827513292
67	30	0	1	0	0.79334205629847
68	30	0	1	0	0.798114516086212
69	30	0	1	0	0.802817302435018
70	30	0	1	0	0.807452420441246
71	30	0	1	0	0.812021789872155
72	30	0	1	0	0.816527249939961
73	30	0	1	0	0.820970563746619
74	30	0	1	0	0.825353422426204
75	30	0	1	0	0.829677449009259
76	30	0	1	0	0.833944202031195
77	30	0	1	0	0.838155178904838
78	30	0	1	0	0.842311819075365
79	30	0	1	0	0.846415506974275
80	30	0	1	0	0.850467574787558
81	30	0	1	0	0.854469305051921
82	30	0	1	0	0.858421933091715
83	30	0	1	0	0.862326649308165
84	30	0	1	0	0.866184601331506
85	30	0	1	0	0.86999689604577
86	30	0	1	0	0.873764601495147
87	30	0	1	0	0.877488748680153
88	30	0	1	0	0.88117033325115
89	30	0	1	0	0.884810317106178
90	30	0	1	0	0.888409629899519
91	30	0	1	0	0.891969170466911
92	30	0	1	0	0.895489808172876
93	30	0	1	0	0.898972384185211
94	30	0	1	0	0.902417712681328
95	30	0	1	0	0.905826581990753
96	30	0	1	0	0.909199755677819
97	30	0	1	0	0.912537973568239
98	30	0	1	0	0.915841952723053
99	30	0	1	0	0.919112388363111
100	30	0	1	0	0.922349954747116
101	30	0	1	0	0.925555306005973
102	30	0	1	0	0.928729076936031
103	30	0	1	0	0.931871883753634
104	30	0	1	0	0.934984324813223
105	30	0	1	0	0.938066981291065
106	30	0	1	0	0.941120417836585
107	30	0	1	0	0.944145183193117
108	30	0	1	0	0.947141810789779
109	30	0	1	0	0.950110819306075
110	30	0	1	0	0.953052713210708
111	30	0	1	0	0.955967983276023
112	30	0	1	0	0.958857107069364
113	30	0	1	0	0.961720549422611
114	30	0	1	0	0.964558762881013
115	30	0	1	0	0.967372188132435
116	30	0	1	0	0.970161254418011
117	30	0	1	0	0.972926379925184
118	30	0	1	0	0.975667972164007
119	30	0	1	0	0.978386428327576
120	30	0	1	0	0.981082135637377
121	30	0	1	0	0.983755471674301
122	30	0	1	0	0.986406804696041
123	30	0	1	0	0.989036493941534
124	30	0	1	0	0.99164488992307
125	30	0	1	0	0.994232334706675
126	30	0	1	0	0.996799162181325
127	30	0	1	0	0.999345698317513
128	30	0	1	0	1.00187226141568
129	30	0	1	0	1.00437916234497
130	30	0	1	0	1.00686670477278
131	30	0	1	0	1.00933518538553
132	30	0	1	0	1.01178489410097
133	30	0	1	0	1.01421611427256
134	30	0	1	0	1.01662912288615
135	30	0	1	0	1.01902419074934
136	30	0	1	0	1.02140158267389
137	30	0	1	0	1.02376155765141
138	30	0	1	0	1.02610436902269
139	30	0	1	0	1.0284302646409
140	30	0	1	0	1.03073948702892
141	30	0	1	0	1.03303227353115
142	30	0	1	0	1.03530885645983
143	30	0	1	0	1.03756946323637
144	30	0	1	0	1.03981431652764
145	30	0	1	0	1.04204363437757
146	30	0	1	0	1.0442576303343
147	30	0	1	0	1.04645651357287
148	30	0	1	0	1.04864048901388
149	30	0	1	0	1.05080975743803
150	30	0	1	0	1.05296451559694
151	30	0	1	0	1.05510495632017
152	30	0	1	0	1.05723126861887
153	30	0	1	0	1.05934363778585
154	30	0	1	0	1.06144224549251
155	30	0	1	0	1.06352726988263
156	30	0	1	0	1.06559888566304
157	30	0	1	0	1.06765726419155
158	30	0	1	0	1.06970257356195
159	30	0	1	0	1.0717349786864
160	30	0	1	0	1.07375464137523
161	30	0	1	0	1.07576172041424
162	30	0	1	0	1.0777563716396
163	30	0	1	0	1.07973874801047
164	30	0	1	0	1.08170899967939
165	30	0	1	0	1.08366727406053
166	30	0	1	0	1.08561371589584
167	30	0	1	0	1.08754846731931
168	30	0	1	0	1.08947166791918
169	30	0	1	0	1.09138345479845
170	30	0	1	0	1.09328396263345
171	30	0	1	0	1.09517332373083
172	30	0	1	0	1.09705166808282
173	30	0	1	0	1.09891912342088
174	30	0	1	0	1.10077581526783
175	30	0	1	0	1.10262186698848
176	30	0	1	0	1.10445739983883
177	30	0	1	0	1.10628253301383
178	30	0	1	0	1.10809738369385
179	30	0	1	0	1.10990206708985
180	30	0	1	0	1.1116966964872
181	30	0	1	0	1.1134813832884
182	30	0	1	0	1.11525623705459
183	30	0	1	0	1.11702136554586
184	30	0	1	0	1.11877687476055
185	30	0	1	0	1.12052286897344
186	30	0	1	0	1.12225945077289
187	30	0	1	0	1.12398672109704
188	30	0	1	0	1.125704779269
189	30	0	1	0	1.12741372303114
190	30	0	1	0	1.12911364857843
191	30	0	1	0	1.13080465059094
192	30	0	1	0	1.1324868222655
193	30	0	1	0	1.13416025534649
194	30	0	1	0	1.13582504015592
195	30	0	1	0	1.1374812656226
196	30	0	1	0	1.13912901931073
197	30	0	1	0	1.14076838744762
198	30	0	1	0	1.14239945495079
199	30	0	1	0	1.14402230545436
200	30	0	1	0	1.14563702133479
1	60	0	1	0	-0.561137204698061
2	60	0	1	0	-0.350662992251291
3	60	0	1	0	-0.227543470601113
4	60	0	1	0	-0.140188779804522
5	60	0	1	0	-0.0724312175686153
6	60	0	1	0	-0.0170692581543437
7	60	0	1	0	0.0297386115805754
8	60	0	1	0	0.0702854326422477
9	60	0	1	0	0.106050263495834
10	60	0	1	0	0.138042994878154
11	60	0	1	0	0.166983940748077
12	60	0	1	0	0.193404954292426
13	60	0	1	0	0.217709930684431
14	60	0	1	0	0.240212824027345
15	60	0	1	0	0.261162516528332
16	60	0	1	0	0.280759645089017
17	60	0	1	0	0.299168317719539
18	60	0	1	0	0.316524475942604
19	60	0	1	0	0.332941993224942
20	60	0	1	0	0.348517207324923
21	60	0	1	0	0.363332345677523
22	60	0	1	0	0.377458153194847
23	60	0	1	0	0.390955935457207
24	60	0	1	0	0.403879166739195
25	60	0	1	0	0.41627476956083
26	60	0	1	0	0.428184143131201
27	60	0	1	0	0.439643997592782
28	60	0	1	0	0.450687036474114
29	60	0	1	0	0.461342519332788
30	60	0	1	0	0.471636728975102
31	60	0	1	0	0.481593362037308
32	60	0	1	0	0.491233857535787
33	60	0	1	0	0.500577674845025
34	60	0	1	0	0.509642530166308
35	60	0	1	0	0.518444598710021
36	60	0	1	0	0.526998688389373
37	60	0	1	0	0.535318389710865
38	60	0	1	0	0.543416205671711
39	60	0	1	0	0.551303664781378
40	60	0	1	0	0.558991419771693
41	60	0	1	0	0.566489334116541
42	60	0	1	0	0.573806558124292
43	60	0	1	0	0.580951596075526
44	60	0	1	0	0.587932365641616
45	60	0	1	0	0.59475625062528
46	60	0	1	0	0.601430147903976
47	60	0	1	0	0.607960509324395
48	60	0	1	0	0.614353379185964
49	60	0	1	0	0.620614427859211
50	60	0	1	0	0.626748982007599
51	60	0	1	0	0.632762051816487
52	60	0	1	0	0.63865835557797
53	60	0	1	0	0.64444234193387
54	60	0	1	0	0.650118210039552
55	60	0	1	0	0.655689927877523
56	60	0	1	0	0.661161248920884
57	60	0	1	0	0.666535727321889
58	60	0	1	0	0.671816731779558
59	60	0	1	0	0.677007458221835
60	60	0	1	0	0.682110941421871
61	60	0	1	0	0.687130065654138
62	60	0	1	0	0.692067574484077
63	60	0	1	0	0.69692607977447
64	60	0	1	0	0.701708069982556
65	60	0	1	0	0.706415917813876
66	60	0	1	0	0.711051887291794
67	60	0	1	0	0.7156181402954
68	60	0	1	0	0.720116742613078
69	60	0	1	0	0.724549669554154
70	60	0	1	0	0.72891881115679
71	60	0	1	0	0.733225977026476
72	60	0	1	0	0.737472900836143
73	60	0	1	0	0.741661244515883
74	60	0	1	0	0.745792602157634
75	60	0	1	0	0.749868503657777
76	60	0	1	0	0.75389041811848
77	60	0	1	0	0.757859757026713
78	60	0	1	0	0.761777877228148
79	60	0	1	0	0.765646083711622
80	60	0	1	0	0.769465632218462
81	60	0	1	0	0.77323773168973
82	60	0	1	0	0.776963546563311
83	60	0	1	0	0.780644198931784
84	60	0	1	0	0.784280770571062
85	60	0	1	0	0.787874304848984
86	60	0	1	0	0.791425808522295
87	60	0	1	0	0.794936253429736
88	60	0	1	0	0.798406578088386
89	60	0	1	0	0.801837689199808
90	60	0	1	0	0.805230463072049
91	60	0	1	0	0.808585746963067
92	60	0	1	0	0.811904360350746
93	60	0	1	0	0.815187096134255
94	60	0	1	0	0.818434721771165
95	60	0	1	0	0.821647980354387
96	60	0	1	0	0.824827591632734
97	60	0	1	0	0.827974252978595
98	60	0	1	0	0.831088640305981
99	60	0	1	0	0.834171408941973
100	60	0	1	0	0.837223194454369
101	60	0	1	0	0.84024461343816
102	60	0	1	0	0.843236264263256
103	60	0	1	0	0.846198727785736
104	60	0	1	0	0.849132568024739
105	60	0	1	0	0.852038332806968
106	60	0	1	0	0.85491655438064
107	60	0	1	0	0.857767750000617
108	60	0	1	0	0.860592422486321
109	60	0	1	0	0.863391060753933
110	60	0	1	0	0.866164140324292
111	60	0	1	0	0.868912123807813
112	60	0	1	0	0.871635461367653
113	60	0	1	0	0.874334591162301
114	60	0	1	0	0.877009939768658
115	60	0	1	0	0.879661922586652
116	60	0	1	0	0.882290944226327
117	60	0	1	0	0.884897398878326
118	60	0	1	0	0.887481670668605
119	60	0	1	0	0.890044133998175
120	60	0	1	0	0.89258515386864
121	60	0	1	0	0.895105086194215
122	60	0	1	0	0.897604278100907
123	60	0	1	0	0.900083068213489
124	60	0	1	0	0.902541786930847
125	60	0	1	0	0.904980756690275
126	60	0	1	0	0.90740029222124
127	60	0	1	0	0.909800700789108
128	60	0	1	0	0.912182282429325
129	60	0	1	0	0.914545330172473
130	60	0	1	0	0.916890130260646
131	60	0	1	0	0.919216962355528
132	60	0	1	0	0.921526099738564
133	60	0	1	0	0.923817809503578
134	60	0	1	0	0.92609235274217
135	60	0	1	0	0.928349984722227
136	60	0	1	0	0.930590955059847
137	60	0	1	0	0.932815507884958
138	60	0	1	0	0.935023882000924
139	60	0	1	0	0.937216311038379
140	60	0	1	0	0.93939302360356
141	60	0	1	0	0.941554243421343
142	60	0	1	0	0.943700189473246
143	60	0	1	0	0.945831076130569
144	60	0	1	0	0.947947113282912
145	60	0	1	0	0.950048506462234
146	60	0	1	0	0.952135456962652
147	60	0	1	0	0.954208161956159
148	60	0	1	0	0.956266814604404
149	60	0	1	0	0.958311604166722
150	60	0	1	0	0.960342716104547
151	60	0	1	0	0.962360332182349
152	60	0	1	0	0.96436463056525
153	60	0	1	0	0.966355785913434
154	60	0	1	0	0.968333969473483
155	60	0	1	0	0.970299349166753
156	60	0	1	0	0.972252089674918
157	60	0	1	0	0.974192352522768
158	60	0	1	0	0.976120296158391
159	60	0	1	0	0.978036076030818
160	60	0	1	0	0.979939844665232
161	60	0	1	0	0.981831751735843
162	60	0	1	0	0.983711944136499
163	60	0	1	0	0.985580566049127
164	60	0	1	0	0.98743775901008
165	60	0	1	0	0.98928366197447
166	60	0	1	0	0.991118411378553
167	60	0	1	0	0.992942141200246
168	60	0	1	0	0.994754983017831
169	60	0	1	0	0.996557066066923
170	60	0	1	0	0.998348517295754
171	60	0	1	0	1.00012946141884
172	60	0	1	0	1.00190002096906
173	60	0	1	0	1.0036603163483
174	60	0	1	0	1.00541046587651
175	60	0	1	0	1.00715058583947
176	60	0	1	0	1.00888079053515
177	60	0	1	0	1.01060119231878
178	60	0	1	0	1.01231190164658
179	60	0	1	0	1.01401302711834
180	60	0	1	0	1.01570467551882
181	60	0	1	0	1.01738695185792
182	60	0	1	0	1.01905995940984
183	60	0	1	0	1.02072379975109
184	60	0	1	0	1.02237857279752
185	60	0	1	0	1.02402437684031
186	60	0	1	0	1.02566130858102
187	60	0	1	0	1.02728946316568
188	60	0	1	0	1.02890893421793
189	60	0	1	0	1.03051981387142
190	60	0	1	0	1.03212219280116
191	60	0	1	0	1.03371616025421
192	60	0	1	0	1.0353018040795
193	60	0	1	0	1.03687921075687
194	60	0	1	0	1.03844846542536
195	60	0	1	0	1.04000965191082
196	60	0	1	0	1.04156285275275
197	60	0	1	0	1.04310814923049
198	60	0	1	0	1.04464562138874
199	60	0	1	0	1.04617534806247
200	60	0	1	0	1.04769740690114
1	0	0	0	1	-0.561137204698061
2	0	0	0	1	-0.389043554923151
3	0	0	0	1	-0.288375223192589
4	0	0	0	1	-0.216949905148241
5	0	0	0	1	-0.161548124333991
6	0	0	0	1	-0.116281573417679
7	0	0	0	1	-0.0780092499476102
8	0	0	0	1	-0.0448562553733313
9	0	0	0	1	-0.015613241687117
10	0	0	0	1	0.0105455254409183
11	0	0	0	1	0.0342090086999556
12	0	0	0	1	0.0558120763572307
13	0	0	0	1	0.0756849721688782
14	0	0	0	1	0.0940843998272994
15	0	0	0	1	0.11121385717148
16	0	0	0	1	0.127237394401578
17	0	0	0	1	0.142289193972033
18	0	0	0	1	0.156480408087793
19	0	0	0	1	0.169904145069703
20	0	0	0	1	0.182639175215828
21	0	0	0	1	0.194752731557862
22	0	0	0	1	0.206302658474865
23	0	0	0	1	0.217339082302721
24	0	0	0	1	0.22790572613214
25	0	0	0	1	0.238040956030078
26	0	0	0	1	0.247778621943788
27	0	0	0	1	0.257148739818355
28	0	0	0	1	0.266178049602209
29	0	0	0	1	0.274890475290591
30	0	0	0	1	0.28330750694639
31	0	0	0	1	0.291448520057808
32	0	0	0	1	0.299331044176488
33	0	0	0	1	0.306970990205427
34	0	0	0	1	0.314382843746942
35	0	0	0	1	0.321579830416459
36	0	0	0	1	0.328574057862702
37	0	0	0	1	0.335376638325213
38	0	0	0	1	0.341997794844613
39	0	0	0	1	0.34844695367435
40	0	0	0	1	0.354732824990738
41	0	0	0	1	0.360863473635549
42	0	0	0	1	0.366846381332771
43	0	0	0	1	0.372688501583579
44	0	0	0	1	0.378396308249775
45	0	0	0	1	0.383975838676952
46	0	0	0	1	0.38943273207763
47	0	0	0	1	0.394772263786169
48	0	0	0	1	0.39999937590705
49	0	0	0	1	0.40511870480284
50	0	0	0	1	0.410134605804987
51	0	0	0	1	0.415051175477505
52	0	0	0	1	0.419872271718698
53	0	0	0	1	0.42460153194808
54	0	0	0	1	0.429242389593265
55	0	0	0	1	0.433798089064025
56	0	0	0	1	0.438271699377119
57	0	0	0	1	0.442666126575175
58	0	0	0	1	0.446984125065501
59	0	0	0	1	0.451228307989623
60	0	0	0	1	0.4554011567213
61	0	0	0	1	0.459505029579468
62	0	0	0	1	0.463542169832718
63	0	0	0	1	0.467514713063333
64	0	0	0	1	0.471424693951398
65	0	0	0	1	0.475274052532947
66	0	0	0	1	0.479064639980337
67	0	0	0	1	0.482798223947945
68	0	0	0	1	0.486476493521852
69	0	0	0	1	0.490101063808192
70	0	0	0	1	0.493673480191369
71	0	0	0	1	0.497195222290238
72	0	0	0	1	0.500667707637612
73	0	0	0	1	0.504092295105972
74	0	0	0	1	0.507470288100122
75	0	0	0	1	0.51080293753555
76	0	0	0	1	0.514091444619522
77	0	0	0	1	0.517336963450406
78	0	0	0	1	0.52054060344926
79	0	0	0	1	0.523703431636548
80	0	0	0	1	0.526826474765647
81	0	0	0	1	0.529910721323827
82	0	0	0	1	0.532957123410459
83	0	0	0	1	0.535966598501397
84	0	0	0	1	0.538940031107681
85	0	0	0	1	0.541878274336102
86	0	0	0	1	0.544782151358489
87	0	0	0	1	0.547652456796063
88	0	0	0	1	0.550489958024685
89	0	0	0	1	0.553295396406345
90	0	0	0	1	0.556069488451862
91	0	0	0	1	0.558812926919329
92	0	0	0	1	0.56152638185254
93	0	0	0	1	0.56421050156328
94	0	0	0	1	0.566865913561079
95	0	0	0	1	0.569493225433772
96	0	0	0	1	0.57209302568196
97	0	0	0	1	0.57466588451022
98	0	0	0	1	0.57721235457775
99	0	0	0	1	0.579732971710899
100	0	0	0	1	0.582228255579897
101	0	0	0	1	0.584698710341909
102	0	0	0	1	0.587144825252414
103	0	0	0	1	0.589567075246757
104	0	0	0	1	0.591965921493607
105	0	0	0	1	0.594341811921931
106	0	0	0	1	0.59669518172299
107	0	0	0	1	0.599026453828775
108	0	0	0	1	0.601336039368174
109	0	0	0	1	0.603624338102134
110	0	0	0	1	0.605891738838934
111	0	0	0	1	0.608138619830685
112	0	0	0	1	0.610365349152029
113	0	0	0	1	0.612572285062026
114	0	0	0	1	0.614759776350084
115	0	0	0	1	0.61692816266679
116	0	0	0	1	0.619077774840411
117	0	0	0	1	0.621208935179822
118	0	0	0	1	0.623321957764533
119	0	0	0	1	0.625417148722483
120	0	0	0	1	0.62749480649621
121	0	0	0	1	0.629555222097972
122	0	0	0	1	0.631598679354377
123	0	0	0	1	0.633625455141021
124	0	0	0	1	0.635635819607628
125	0	0	0	1	0.637630036394147
126	0	0	0	1	0.639608362838243
127	0	0	0	1	0.641571050174583
128	0	0	0	1	0.643518343726308
129	0	0	0	1	0.64545048308905
130	0	0	0	1	0.647367702307857
131	0	0	0	1	0.64927023004732
132	0	0	0	1	0.651158289755247
133	0	0	0	1	0.653032099820153
134	0	0	0	1	0.654891873722855
135	0	0	0	1	0.656737820182424
136	0	0	0	1	0.658570143296762
137	0	0	0	1	0.660389042678021
138	0	0	0	1	0.662194713583102
139	0	0	0	1	0.663987347039439
140	0	0	0	1	0.665767129966279
141	0	0	0	1	0.66753424529164
142	0	0	0	1	0.669288872065148
143	0	0	0	1	0.671031185566894
144	0	0	0	1	0.672761357412522
145	0	0	0	1	0.674479555654661
146	0	0	0	1	0.676185944880882
147	0	0	0	1	0.677880686308312
148	0	0	0	1	0.679563937875032
149	0	0	0	1	0.681235854328408
150	0	0	0	1	0.682896587310459
151	0	0	0	1	0.684546285440396
152	0	0	0	1	0.686185094394432
153	0	0	0	1	0.687813156982976
154	0	0	0	1	0.689430613225316
155	0	0	0	1	0.691037600421878
156	0	0	0	1	0.692634253224169
157	0	0	0	1	0.694220703702485
158	0	0	0	1	0.695797081411458
159	0	0	0	1	0.697363513453552
160	0	0	0	1	0.698920124540557
161	0	0	0	1	0.700467037053171
162	0	0	0	1	0.702004371098736
163	0	0	0	1	0.703532244567201
164	0	0	0	1	0.705050773185369
165	0	0	0	1	0.706560070569496
166	0	0	0	1	0.708060248276307
167	0	0	0	1	0.709551415852467
168	0	0	0	1	0.711033680882591
169	0	0	0	1	0.712507149035817
170	0	0	0	1	0.713971924111012
171	0	0	0	1	0.715428108080646
172	0	0	0	1	0.716875801133398
173	0	0	0	1	0.718315101715512
174	0	0	0	1	0.719746106570973
175	0	0	0	1	0.721168910780528
176	0	0	0	1	0.722583607799594
177	0	0	0	1	0.723990289495095
178	0	0	0	1	0.725389046181255
179	0	0	0	1	0.726779966654398
180	0	0	0	1	0.728163138226771
181	0	0	0	1	0.729538646759434
182	0	0	0	1	0.730906576694238
183	0	0	0	1	0.732267011084939
184	0	0	0	1	0.73362003162745
185	0	0	0	1	0.734965718689282
186	0	0	0	1	0.73630415133819
187	0	0	0	1	0.737635407370049
188	0	0	0	1	0.738959563335988
189	0	0	0	1	0.740276694568805
190	0	0	0	1	0.741586875208682
191	0	0	0	1	0.742890178228228
192	0	0	0	1	0.74418667545687
193	0	0	0	1	0.745476437604601
194	0	0	0	1	0.74675953428513
195	0	0	0	1	0.748036034038419
196	0	0	0	1	0.74930600435266
197	0	0	0	1	0.750569511685679
198	0	0	0	1	0.751826621485809
199	0	0	0	1	0.753077398212231
200	0	0	0	1	0.754321905354807
1	30	0	0	1	-0.561137204698061
2	30	0	0	1	-0.36940842915877
3	30	0	0	1	-0.257254285159101
4	30	0	0	1	-0.177679653619479
5	30	0	0	1	-0.115956774175028
6	30	0	0	1	-0.0655255096198102
7	30	0	0	1	-0.0228864829877549
8	30	0	0	1	0.0140491219198119
9	30	0	0	1	0.0466286343798587
10	30	0	0	1	0.0757720013642625
11	30	0	0	1	0.102135383605175
12	30	0	0	1	0.126203265919481
13	30	0	0	1	0.148343571418089
14	30	0	0	1	0.168842292551536
15	30	0	0	1	0.187926145363931
16	30	0	0	1	0.205777897459103
17	30	0	0	1	0.222547040917218
18	30	0	0	1	0.238357409919149
19	30	0	0	1	0.253312736034142
20	30	0	0	1	0.267500776903553
21	30	0	0	1	0.280996436551205
22	30	0	0	1	0.293864159144466
23	30	0	0	1	0.30615979021287
24	30	0	0	1	0.317932041458771
25	30	0	0	1	0.329223656348004
26	30	0	0	1	0.34007234695738
27	30	0	0	1	0.350511553918818
28	30	0	0	1	0.360571068090827
29	30	0	0	1	0.370277543090894
30	30	0	0	1	0.379654920903222
31	30	0	0	1	0.388724787673687
32	30	0	0	1	0.397506672998394
33	30	0	0	1	0.406018303144135
34	30	0	0	1	0.414275816456508
35	30	0	0	1	0.422293947535277
36	30	0	0	1	0.43008618545844
37	30	0	0	1	0.437664910323015
38	30	0	0	1	0.445041511573433
39	30	0	0	1	0.452226490957049
40	30	0	0	1	0.459229552442844
41	30	0	0	1	0.466059681035437
42	30	0	0	1	0.472725212090496
43	30	0	0	1	0.479233892472983
44	30	0	0	1	0.485592934683757
45	30	0	0	1	0.491809064902891
46	30	0	0	1	0.497888565752161
47	30	0	0	1	0.503837314458288
48	30	0	0	1	0.509660816998062
49	30	0	0	1	0.515364238722551
50	30	0	0	1	0.520952431887295
51	30	0	0	1	0.526429960456177
52	30	0	0	1	0.531801122496671
53	30	0	0	1	0.5370699704418
54	30	0	0	1	0.542240329458109
55	30	0	0	1	0.547315814128208
56	30	0	0	1	0.552299843630118
57	30	0	0	1	0.557195655573102
58	30	0	0	1	0.562006318630185
59	30	0	0	1	0.566734744090805
60	30	0	0	1	0.571383696442513
61	30	0	0	1	0.575955803078026
62	30	0	0	1	0.580453563212978
63	30	0	0	1	0.584879356090164
64	30	0	0	1	0.589235448537685
65	30	0	0	1	0.593524001941122
66	30	0	0	1	0.597747078683426
67	30	0	0	1	0.601906648100536
68	30	0	0	1	0.606004591995799
69	30	0	0	1	0.610042709751829
70	30	0	0	1	0.614022723074568
71	30	0	0	1	0.617946280400853
72	30	0	0	1	0.621814960997731
73	30	0	0	1	0.625630278779036
74	30	0	0	1	0.629393685862306
75	30	0	0	1	0.633106575886964
76	30	0	0	1	0.636770287112724
77	30	0	0	1	0.640386105315481
78	30	0	0	1	0.64395526649634
79	30	0	0	1	0.64747895941809
80	30	0	0	1	0.650958327982135
81	30	0	0	1	0.654394473457778
82	30	0	0	1	0.657788456574729
83	30	0	0	1	0.661141299488782
84	30	0	0	1	0.664453987629786
85	30	0	0	1	0.66772747144025
86	30	0	0	1	0.670962668012274
87	30	0	0	1	0.674160462629854
88	30	0	0	1	0.677321710223048
89	30	0	0	1	0.680447236739978
90	30	0	0	1	0.683537840442182
91	30	0	0	1	0.686594293128395
92	30	0	0	1	0.689617341291452
93	30	0	0	1	0.692607707212647
94	30	0	0	1	0.695566089997579
95	30	0	0	1	0.698493166557175
96	30	0	0	1	0.701389592537353
97	30	0	0	1	0.704256003200518
98	30	0	0	1	0.707093014261842
99	30	0	0	1	0.709901222683095
100	30	0	0	1	0.712681207426586
101	30	0	0	1	0.715433530171587
102	30	0	0	1	0.718158735995468
103	30	0	0	1	0.7208573540216
104	30	0	0	1	0.723529898035962
105	30	0	0	1	0.726176867074237
106	30	0	0	1	0.728798745981091
107	30	0	0	1	0.731396005943184
108	30	0	0	1	0.7339691049974
109	30	0	0	1	0.736518488515642
110	30	0	0	1	0.739044589667498
111	30	0	0	1	0.741547829861975
112	30	0	0	1	0.744028619169408
113	30	0	0	1	0.746487356724634
114	30	0	0	1	0.748924431112393
115	30	0	0	1	0.751340220735902
116	30	0	0	1	0.753735094169476
117	30	0	0	1	0.756109410496009
118	30	0	0	1	0.758463519630096
119	30	0	0	1	0.760797762627523
120	30	0	0	1	0.763112471981804
121	30	0	0	1	0.765407971908411
122	30	0	0	1	0.767684578617316
123	30	0	0	1	0.769942600574397
124	30	0	0	1	0.772182338752269
125	30	0	0	1	0.774404086871036
126	30	0	0	1	0.776608131629455
127	30	0	0	1	0.778794752926959
128	30	0	0	1	0.780964224076975
129	30	0	0	1	0.783116812011942
130	30	0	0	1	0.785252777480413
131	30	0	0	1	0.787372375236599
132	30	0	0	1	0.789475854222716
133	30	0	0	1	0.791563457744448
134	30	0	0	1	0.793635423639827
135	30	0	0	1	0.795691984441851
136	30	0	0	1	0.79773336753509
137	30	0	0	1	0.799759795306563
138	30	0	0	1	0.80177148529112
139	30	0	0	1	0.803768650311583
140	30	0	0	1	0.805751498613859
141	30	0	0	1	0.807720233997248
142	30	0	0	1	0.809675055940144
143	30	0	0	1	0.811616159721325
144	30	0	0	1	0.813543736537022
145	30	0	0	1	0.815457973613927
146	30	0	0	1	0.817359054318327
147	30	0	0	1	0.81924715826151
148	30	0	0	1	0.821122461401597
149	30	0	0	1	0.822985136141943
150	30	0	0	1	0.824835351426254
151	30	0	0	1	0.826673272830536
152	30	0	0	1	0.828499062652015
153	30	0	0	1	0.830312879995137
154	30	0	0	1	0.832114880854772
155	30	0	0	1	0.83390521819672
156	30	0	0	1	0.835684042035631
157	30	0	0	1	0.837451499510436
158	30	0	0	1	0.839207734957381
159	30	0	0	1	0.840952889980759
160	30	0	0	1	0.842687103521426
161	30	0	0	1	0.844410511923175
162	30	0	0	1	0.846123248997069
163	30	0	0	1	0.847825446083777
164	30	0	0	1	0.84951723211402
165	30	0	0	1	0.851198733667167
166	30	0	0	1	0.852870075028073
167	30	0	0	1	0.854531378242195
168	30	0	0	1	0.856182763169077
169	30	0	0	1	0.85782434753424
170	30	0	0	1	0.859456246979541
171	30	0	0	1	0.861078575112062
172	30	0	0	1	0.862691443551565
173	30	0	0	1	0.864294961976577
174	30	0	0	1	0.865889238169145
175	30	0	0	1	0.86747437805831
176	30	0	0	1	0.869050485762339
177	30	0	0	1	0.870617663629765
178	30	0	0	1	0.872176012279269
179	30	0	0	1	0.873725630638442
180	30	0	0	1	0.875266615981473
181	30	0	0	1	0.876799063965789
182	30	0	0	1	0.878323068667686
183	30	0	0	1	0.879838722616985
184	30	0	0	1	0.881346116830742
185	30	0	0	1	0.882845340846048
186	30	0	0	1	0.884336482751938
187	30	0	0	1	0.885819629220454
188	30	0	0	1	0.88729486553687
189	30	0	0	1	0.888762275629124
190	30	0	0	1	0.890221942096465
191	30	0	0	1	0.891673946237357
192	30	0	0	1	0.893118368076644
193	30	0	0	1	0.89455528639202
194	30	0	0	1	0.895984778739809
195	30	0	0	1	0.897406921480081
196	30	0	0	1	0.898821789801132
197	30	0	0	1	0.900229457743334
198	30	0	0	1	0.901629998222385
199	30	0	0	1	0.903023483051975
200	30	0	0	1	0.904409982965876
1	60	0	0	1	-0.561137204698061
2	60	0	0	1	-0.349773303394389
3	60	0	0	1	-0.226133347125613
4	60	0	0	1	-0.138409402090717
5	60	0	0	1	-0.0703654240160652
6	60	0	0	1	-0.0147694458219413
7	60	0	0	1	0.0322362839721004
8	60	0	0	1	0.0729544992129552
9	60	0	0	1	0.108870510446834
10	60	0	0	1	0.140998477287607
11	60	0	0	1	0.170061758510395
12	60	0	0	1	0.196594455481731
13	60	0	0	1	0.221002170667301
14	60	0	0	1	0.243600185275772
15	60	0	0	1	0.264638433556382
16	60	0	0	1	0.284318400516627
17	60	0	0	1	0.302804887862403
18	60	0	0	1	0.320234411750506
19	60	0	0	1	0.336721326998582
20	60	0	0	1	0.352362378591279
21	60	0	0	1	0.367240141544548
22	60	0	0	1	0.381425659814067
23	60	0	0	1	0.394980498123019
24	60	0	0	1	0.407958356785402
25	60	0	0	1	0.42040635666593
26	60	0	0	1	0.432366071970973
27	60	0	0	1	0.443874368019282
28	60	0	0	1	0.454964086579444
29	60	0	0	1	0.465664610891198
30	60	0	0	1	0.476002334860054
31	60	0	0	1	0.486001055289566
32	60	0	0	1	0.495682301820299
33	60	0	0	1	0.505065616082843
34	60	0	0	1	0.514168789166074
35	60	0	0	1	0.523008064654096
36	60	0	0	1	0.531598313054178
37	60	0	0	1	0.539953182320818
38	60	0	0	1	0.548085228302254
39	60	0	0	1	0.556006028239748
40	60	0	0	1	0.56372627989495
41	60	0	0	1	0.571255888435326
42	60	0	0	1	0.57860404284822
43	60	0	0	1	0.585779283362387
44	60	0	0	1	0.592789561117739
45	60	0	0	1	0.59964229112883
46	60	0	0	1	0.606344399426691
47	60	0	0	1	0.612902365130408
48	60	0	0	1	0.619322258089074
49	60	0	0	1	0.625609772642261
50	60	0	0	1	0.631770257969602
51	60	0	0	1	0.63780874543485
52	60	0	0	1	0.643729973274645
53	60	0	0	1	0.649538408935519
54	60	0	0	1	0.655238269322954
55	60	0	0	1	0.660833539192391
56	60	0	0	1	0.666327987883116
57	60	0	0	1	0.671725184571029
58	60	0	0	1	0.677028512194869
59	60	0	0	1	0.682241180191987
60	60	0	0	1	0.687366236163726
61	60	0	0	1	0.692406576576583
62	60	0	0	1	0.697364956593238
63	60	0	0	1	0.702243999116995
64	60	0	0	1	0.707046203123971
65	60	0	0	1	0.711773951349296
66	60	0	0	1	0.716429517386515
67	60	0	0	1	0.721015072253127
68	60	0	0	1	0.725532690469746
69	60	0	0	1	0.729984355695466
70	60	0	0	1	0.734371965957768
71	60	0	0	1	0.738697338511468
72	60	0	0	1	0.74296221435785
73	60	0	0	1	0.7471682624521
74	60	0	0	1	0.75131708362449
75	60	0	0	1	0.755410214238378
76	60	0	0	1	0.759449129605926
77	60	0	0	1	0.763435247180556
78	60	0	0	1	0.76736992954342
79	60	0	0	1	0.771254487199632
80	60	0	0	1	0.775090181198622
81	60	0	0	1	0.778878225591729
82	60	0	0	1	0.782619789738998
83	60	0	0	1	0.786316000476168
84	60	0	0	1	0.789967944151892
85	60	0	0	1	0.793576668544398
86	60	0	0	1	0.797143184666059
87	60	0	0	1	0.800668468463645
88	60	0	0	1	0.804153462421411
89	60	0	0	1	0.80759907707361
90	60	0	0	1	0.811006192432502
91	60	0	0	1	0.814375659337462
92	60	0	0	1	0.817708300730363
93	60	0	0	1	0.821004912862014
94	60	0	0	1	0.82426626643408
95	60	0	0	1	0.827493107680577
96	60	0	0	1	0.830686159392747
97	60	0	0	1	0.833846121890816
98	60	0	0	1	0.836973673945933
99	60	0	0	1	0.84006947365529
100	60	0	0	1	0.843134159273274
101	60	0	0	1	0.846168350001265
102	60	0	0	1	0.849172646738522
103	60	0	0	1	0.852147632796443
104	60	0	0	1	0.855093874578317
105	60	0	0	1	0.858011922226543
106	60	0	0	1	0.860902310239191
107	60	0	0	1	0.863765558057594
108	60	0	0	1	0.866602170626626
109	60	0	0	1	0.869412638929149
110	60	0	0	1	0.872197440496062
111	60	0	0	1	0.874957039893266
112	60	0	0	1	0.877691889186788
113	60	0	0	1	0.880402428387242
114	60	0	0	1	0.883089085874701
115	60	0	0	1	0.885752278805015
116	60	0	0	1	0.888392413498541
117	60	0	0	1	0.891009885812196
118	60	0	0	1	0.893605081495659
119	60	0	0	1	0.896178376532563
120	60	0	0	1	0.898730137467398
121	60	0	0	1	0.901260721718851
122	60	0	0	1	0.903770477880255
123	60	0	0	1	0.906259746007773
124	60	0	0	1	0.90872885789691
125	60	0	0	1	0.911178137347926
126	60	0	0	1	0.913607900420667
127	60	0	0	1	0.916018455679335
128	60	0	0	1	0.918410104427643
129	60	0	0	1	0.920783140934834
130	60	0	0	1	0.923137852652968
131	60	0	0	1	0.925474520425877
132	60	0	0	1	0.927793418690186
133	60	0	0	1	0.930094815668743
134	60	0	0	1	0.932378973556799
135	60	0	0	1	0.934646148701277
136	60	0	0	1	0.936896591773418
137	60	0	0	1	0.939130547935105
138	60	0	0	1	0.941348256999138
139	60	0	0	1	0.943549953583727
140	60	0	0	1	0.94573586726144
141	60	0	0	1	0.947906222702855
142	60	0	0	1	0.95006123981514
143	60	0	0	1	0.952201133875756
144	60	0	0	1	0.954326115661522
145	60	0	0	1	0.956436391573193
146	60	0	0	1	0.958532163755772
147	60	0	0	1	0.960613630214709
148	60	0	0	1	0.962680984928162
149	60	0	0	1	0.964734417955479
150	60	0	0	1	0.96677411554205
151	60	0	0	1	0.968800260220676
152	60	0	0	1	0.970813030909597
153	60	0	0	1	0.972812603007297
154	60	0	0	1	0.974799148484228
155	60	0	0	1	0.976772835971562
156	60	0	0	1	0.978733830847092
157	60	0	0	1	0.980682295318386
158	60	0	0	1	0.982618388503303
159	60	0	0	1	0.984542266507966
160	60	0	0	1	0.986454082502294
161	60	0	0	1	0.98835398679318
162	60	0	0	1	0.990242126895401
163	60	0	0	1	0.992118647600352
164	60	0	0	1	0.99398369104267
165	60	0	0	1	0.995837396764838
166	60	0	0	1	0.997679901779839
167	60	0	0	1	0.999511340631924
168	60	0	0	1	1.00133184545556
169	60	0	0	1	1.00314154603266
170	60	0	0	1	1.00494056984807
171	60	0	0	1	1.00672904214348
172	60	0	0	1	1.00850708596973
173	60	0	0	1	1.01027482223764
174	60	0	0	1	1.01203236976732
175	60	0	0	1	1.01377984533609
176	60	0	0	1	1.01551736372508
177	60	0	0	1	1.01724503776444
178	60	0	0	1	1.01896297837728
179	60	0	0	1	1.02067129462248
180	60	0	0	1	1.02237009373617
181	60	0	0	1	1.02405948117214
182	60	0	0	1	1.02573956064113
183	60	0	0	1	1.02741043414903
184	60	0	0	1	1.02907220203403
185	60	0	0	1	1.03072496300281
186	60	0	0	1	1.03236881416569
187	60	0	0	1	1.03400385107086
188	60	0	0	1	1.03563016773775
189	60	0	0	1	1.03724785668944
190	60	0	0	1	1.03885700898425
191	60	0	0	1	1.04045771424649
192	60	0	0	1	1.04205006069642
193	60	0	0	1	1.04363413517944
194	60	0	0	1	1.04521002319449
195	60	0	0	1	1.04677780892174
196	60	0	0	1	1.04833757524961
197	60	0	0	1	1.04988940380099
198	60	0	0	1	1.05143337495896
199	60	0	0	1	1.05296956789172
200	60	0	0	1	1.05449806057695
1	0	0	0	0	-0.561137204698061
2	0	0	0	0	-0.340242564404752
3	0	0	0	0	-0.211027483222878
4	0	0	0	0	-0.119347924111443
5	0	0	0	0	-0.0482357333909891
6	0	0	0	0	0.00986715707043095
7	0	0	0	0	0.0589924509855037
8	0	0	0	0	0.101546716181866
9	0	0	0	0	0.139082238252305
10	0	0	0	0	0.17265890690232
11	0	0	0	0	0.203032698320124
12	0	0	0	0	0.23076179736374
13	0	0	0	0	0.256270095767789
14	0	0	0	0	0.279887091278812
15	0	0	0	0	0.301873988084194
16	0	0	0	0	0.322441356475174
17	0	0	0	0	0.341761429332199
18	0	0	0	0	0.359976878545614
19	0	0	0	0	0.37720721537611
20	0	0	0	0	0.393553547195628
21	0	0	0	0	0.409102172460687
22	0	0	0	0	0.423927338613433
23	0	0	0	0	0.438093386429649
24	0	0	0	0	0.451656437657048
25	0	0	0	0	0.464665737916082
26	0	0	0	0	0.477164736061097
27	0	0	0	0	0.489191959727488
28	0	0	0	0	0.500781731572121
29	0	0	0	0	0.511964759772375
30	0	0	0	0	0.522768628377502
31	0	0	0	0	0.533218207227285
32	0	0	0	0	0.543335996768483
33	0	0	0	0	0.553142419795307
34	0	0	0	0	0.562656069625508
35	0	0	0	0	0.571893922292575
36	0	0	0	0	0.580871518838923
37	0	0	0	0	0.589603122627313
38	0	0	0	0	0.598101855669418
39	0	0	0	0	0.606379817242971
40	0	0	0	0	0.614448187488937
41	0	0	0	0	0.622317318214746
42	0	0	0	0	0.629996812753995
43	0	0	0	0	0.637495596428118
44	0	0	0	0	0.644821978906741
45	0	0	0	0	0.651983709559377
46	0	0	0	0	0.658988026722958
47	0	0	0	0	0.665841701670494
48	0	0	0	0	0.672551077950357
49	0	0	0	0	0.679122106669068
50	0	0	0	0	0.685560378209391
51	0	0	0	0	0.691871150807382
52	0	0	0	0	0.698059376354406
53	0	0	0	0	0.704129723741363
54	0	0	0	0	0.710086600020797
55	0	0	0	0	0.715934169627196
56	0	0	0	0	0.72167637186543
57	0	0	0	0	0.727316936851293
58	0	0	0	0	0.732859400065683
59	0	0	0	0	0.738307115664656
60	0	0	0	0	0.743663268670811
61	0	0	0	0	0.748930886156989
62	0	0	0	0	0.754112847520594
63	0	0	0	0	0.759211893935869
64	0	0	0	0	0.764230637061792
65	0	0	0	0	0.76917156707486
66	0	0	0	0	0.774037060088616
67	0	0	0	0	0.778829385015237
68	0	0	0	0	0.783550709918816
69	0	0	0	0	0.788203107904832
70	0	0	0	0	0.792788562585884
71	0	0	0	0	0.797308973159738
72	0	0	0	0	0.801766159132231
73	0	0	0	0	0.806161864714429
74	0	0	0	0	0.810497762920621
75	0	0	0	0	0.814775459391265
76	0	0	0	0	0.818996495962727
77	0	0	0	0	0.823162354003688
78	0	0	0	0	0.82727445753628
79	0	0	0	0	0.831334176158405
80	0	0	0	0	0.835342827782246
81	0	0	0	0	0.839301681202671
82	0	0	0	0	0.843211958508055
83	0	0	0	0	0.847074837344978
84	0	0	0	0	0.850891453047304
85	0	0	0	0	0.85466290063927
86	0	0	0	0	0.858390236721427
87	0	0	0	0	0.862074481247557
88	0	0	0	0	0.86571661920005
89	0	0	0	0	0.869317602170616
90	0	0	0	0	0.872878349852685
91	0	0	0	0	0.876399751451353
92	0	0	0	0	0.879882667016267
93	0	0	0	0	0.883327928702468
94	0	0	0	0	0.886736341963803
95	0	0	0	0	0.890108686683181
96	0	0	0	0	0.893445718243666
97	0	0	0	0	0.896748168544054
98	0	0	0	0	0.900016746962377
99	0	0	0	0	0.90325214127049
100	0	0	0	0	0.9064550185027
101	0	0	0	0	0.909626025781175
102	0	0	0	0	0.91276579110069
103	0	0	0	0	0.915874924075096
104	0	0	0	0	0.918954016647715
105	0	0	0	0	0.922003643767758
106	0	0	0	0	0.925024364034672
107	0	0	0	0	0.928016720312237
108	0	0	0	0	0.930981240314106
109	0	0	0	0	0.933918437162349
110	0	0	0	0	0.936828809920504
111	0	0	0	0	0.939712844102496
112	0	0	0	0	0.942571012158738
113	0	0	0	0	0.945403773940634
114	0	0	0	0	0.948211577144601
115	0	0	0	0	0.950994857736721
116	0	0	0	0	0.953754040358992
117	0	0	0	0	0.956489538718155
118	0	0	0	0	0.959201755957965
119	0	0	0	0	0.961891085015763
120	0	0	0	0	0.96455790896412
121	0	0	0	0	0.967202601338309
122	0	0	0	0	0.969825526450298
123	0	0	0	0	0.972427039689929
124	0	0	0	0	0.975007487813903
125	0	0	0	0	0.977567209223154
126	0	0	0	0	0.980106534229178
127	0	0	0	0	0.982625785309832
128	0	0	0	0	0.985125277355101
129	0	0	0	0	0.987605317903301
130	0	0	0	0	0.990066207368169
131	0	0	0	0	0.992508239257239
132	0	0	0	0	0.994931700381924
133	0	0	0	0	0.997336871059674
134	0	0	0	0	0.999724025308546
135	0	0	0	0	1.00209343103456
136	0	0	0	0	1.00444535021213
137	0	0	0	0	1.00678003905787
138	0	0	0	0	1.00909774819814
139	0	0	0	0	1.01139872283046
140	0	0	0	0	1.01368320287919
141	0	0	0	0	1.01595142314568
142	0	0	0	0	1.01820361345305
143	0	0	0	0	1.02043999878597
144	0	0	0	0	1.02266079942554
145	0	0	0	0	1.02486623107945
146	0	0	0	0	1.02705650500774
147	0	0	0	0	1.02923182814425
148	0	0	0	0	1.03139240321393
149	0	0	0	0	1.03353842884621
150	0	0	0	0	1.03567009968457
151	0	0	0	0	1.03778760649253
152	0	0	0	0	1.03989113625604
153	0	0	0	0	1.04198087228256
154	0	0	0	0	1.044056994297
155	0	0	0	0	1.04611967853436
156	0	0	0	0	1.04816909782959
157	0	0	0	0	1.05020542170446
158	0	0	0	0	1.05222881645171
159	0	0	0	0	1.05423944521655
160	0	0	0	0	1.05623746807555
161	0	0	0	0	1.05822304211321
162	0	0	0	0	1.06019632149598
163	0	0	0	0	1.06215745754412
164	0	0	0	0	1.06410659880136
165	0	0	0	0	1.06604389110238
166	0	0	0	0	1.06796947763829
167	0	0	0	0	1.06988349902015
168	0	0	0	0	1.07178609334061
169	0	0	0	0	1.07367739623364
170	0	0	0	0	1.07555754093258
171	0	0	0	0	1.07742665832648
172	0	0	0	0	1.07928487701474
173	0	0	0	0	1.08113232336023
174	0	0	0	0	1.08296912154087
175	0	0	0	0	1.08479539359965
176	0	0	0	0	1.08661125949336
177	0	0	0	0	1.08841683713984
178	0	0	0	0	1.09021224246392
179	0	0	0	0	1.09199758944212
180	0	0	0	0	1.09377299014599
181	0	0	0	0	1.09553855478444
182	0	0	0	0	1.09729439174466
183	0	0	0	0	1.09904060763217
184	0	0	0	0	1.10077730730958
185	0	0	0	0	1.10250459393438
186	0	0	0	0	1.10422256899578
187	0	0	0	0	1.10593133235038
188	0	0	0	0	1.10763098225711
189	0	0	0	0	1.10932161541105
190	0	0	0	0	1.11100332697649
191	0	0	0	0	1.11267621061904
192	0	0	0	0	1.11434035853697
193	0	0	0	0	1.11599586149167
194	0	0	0	0	1.11764280883736
195	0	0	0	0	1.11928128855004
196	0	0	0	0	1.12091138725569
197	0	0	0	0	1.12253319025772
198	0	0	0	0	1.1241467815638
199	0	0	0	0	1.12575224391195
200	0	0	0	0	1.12734965879601
1	30	0	0	0	-0.561137204698061
2	30	0	0	0	-0.353055418545659
3	30	0	0	0	-0.231335376563426
4	30	0	0	0	-0.144973632393258
5	30	0	0	0	-0.0779862593964556
6	30	0	0	0	-0.0232535904110242
7	30	0	0	0	0.0230222218474214
8	30	0	0	0	0.0631081537591437
9	30	0	0	0	0.0984664515712094
10	30	0	0	0	0.130095526755946
11	30	0	0	0	0.158707505580081
12	30	0	0	0	0.184828195741377
13	30	0	0	0	0.208856901402027
14	30	0	0	0	0.231104007999823
15	30	0	0	0	0.251815568738179
16	30	0	0	0	0.271189939911545
17	30	0	0	0	0.28938936414088
18	30	0	0	0	0.306548237723611
19	30	0	0	0	0.32277913974521
20	30	0	0	0	0.338177312908347
21	30	0	0	0	0.352824049982056
22	30	0	0	0	0.366789291732483
23	30	0	0	0	0.380133646889333
24	30	0	0	0	0.392909981893779
25	30	0	0	0	0.405164685905149
26	30	0	0	0	0.416938687554428
27	30	0	0	0	0.428268279705844
28	30	0	0	0	0.439185794152224
29	30	0	0	0	0.449720157862505
30	30	0	0	0	0.459897354890581
31	30	0	0	0	0.469740812516877
32	30	0	0	0	0.479271726063947
33	30	0	0	0	0.488509333714716
34	30	0	0	0	0.497471150293281
35	30	0	0	0	0.506173167149026
36	30	0	0	0	0.514630023876012
37	30	0	0	0	0.52285515649965
38	30	0	0	0	0.530860925897611
39	30	0	0	0	0.538658729536662
40	30	0	0	0	0.546259099060749
41	30	0	0	0	0.553671785827249
42	30	0	0	0	0.560905836134458
43	30	0	0	0	0.567969657596174
44	30	0	0	0	0.574871077884884
45	30	0	0	0	0.581617396872814
46	30	0	0	0	0.588215433041735
47	30	0	0	0	0.594671564901239
48	30	0	0	0	0.60099176804618
49	30	0	0	0	0.607181648392903
50	30	0	0	0	0.613246472057551
51	30	0	0	0	0.619191192275515
52	30	0	0	0	0.62502047370683
53	30	0	0	0	0.630738714426325
54	30	0	0	0	0.636350065858246
55	30	0	0	0	0.641858450881686
56	30	0	0	0	0.647267580304626
57	30	0	0	0	0.652580967879845
58	30	0	0	0	0.657801944014907
59	30	0	0	0	0.662933668310161
60	30	0	0	0	0.667979141042982
61	30	0	0	0	0.672941213702763
62	30	0	0	0	0.677822598669279
63	30	0	0	0	0.682625878116691
64	30	0	0	0	0.687353512216348
65	30	0	0	0	0.692007846703632
66	30	0	0	0	0.696591119867118
67	30	0	0	0	0.701105469012167
68	30	0	0	0	0.705552936445683
69	30	0	0	0	0.709935475023968
70	30	0	0	0	0.714254953301428
71	30	0	0	0	0.718513160314059
72	30	0	0	0	0.722711810028414
73	30	0	0	0	0.726852545483694
74	30	0	0	0	0.730936942652052
75	30	0	0	0	0.734966514039784
76	30	0	0	0	0.738942712050013
77	30	0	0	0	0.742866932125563
78	30	0	0	0	0.746740515689063
79	30	0	0	0	0.750564752895752
80	30	0	0	0	0.75434088521315
81	30	0	0	0	0.758070107840479
82	30	0	0	0	0.761753571979651
83	30	0	0	0	0.765392386968597
84	30	0	0	0	0.768987622286859
85	30	0	0	0	0.772540309442484
86	30	0	0	0	0.776051443748576
87	30	0	0	0	0.77952198599714
88	30	0	0	0	0.782952864037286
89	30	0	0	0	0.786344974264246
90	30	0	0	0	0.789699183025216
91	30	0	0	0	0.793016327947509
92	30	0	0	0	0.796297219194136
93	30	0	0	0	0.799542640651512
94	30	0	0	0	0.80275335105364
95	30	0	0	0	0.805930085046815
96	30	0	0	0	0.809073554198582
97	30	0	0	0	0.812184447954409
98	30	0	0	0	0.815263434545305
99	30	0	0	0	0.818311161849351
100	30	0	0	0	0.821328258209952
101	30	0	0	0	0.824315333213362
102	30	0	0	0	0.827272978427916
103	30	0	0	0	0.830201768107197
104	30	0	0	0	0.833102259859231
105	30	0	0	0	0.835974995283661
106	30	0	0	0	0.838820500578727
107	30	0	0	0	0.841639287119737
108	30	0	0	0	0.844431852010647
109	30	0	0	0	0.847198678610207
110	30	0	0	0	0.849940237034088
111	30	0	0	0	0.852656984634286
112	30	0	0	0	0.855349366457027
113	30	0	0	0	0.858017815680323
114	30	0	0	0	0.860662754032246
115	30	0	0	0	0.863284592190939
116	30	0	0	0	0.865883730167308
117	30	0	0	0	0.868460557671297
118	30	0	0	0	0.871015454462562
119	30	0	0	0	0.873548790686362
120	30	0	0	0	0.876060927195384
121	30	0	0	0	0.878552215858224
122	30	0	0	0	0.881022999855164
123	30	0	0	0	0.883473613961884
124	30	0	0	0	0.88590438482168
125	30	0	0	0	0.888315631206754
126	30	0	0	0	0.890707664269093
127	30	0	0	0	0.893080787781428
128	30	0	0	0	0.895435298368749
129	30	0	0	0	0.897771485730809
130	30	0	0	0	0.900089632856033
131	30	0	0	0	0.902390016227237
132	30	0	0	0	0.904672906019519
133	30	0	0	0	0.906938566290692
134	30	0	0	0	0.909187255164569
135	30	0	0	0	0.911419225007449
136	30	0	0	0	0.913634722598084
137	30	0	0	0	0.915833989291416
138	30	0	0	0	0.91801726117637
139	30	0	0	0	0.920184769227939
140	30	0	0	0	0.922336739453829
141	30	0	0	0	0.924473393035873
142	30	0	0	0	0.926594946466461
143	30	0	0	0	0.928701611680169
144	30	0	0	0	0.930793596180815
145	30	0	0	0	0.93287110316411
146	30	0	0	0	0.934934331636095
147	30	0	0	0	0.936983476527538
148	30	0	0	0	0.939018728804453
149	30	0	0	0	0.941040275574895
150	30	0	0	0	0.943048300192186
151	30	0	0	0	0.945042982354709
152	30	0	0	0	0.947024498202414
153	30	0	0	0	0.94899302041015
154	30	0	0	0	0.950948718277965
155	30	0	0	0	0.952891757818482
156	30	0	0	0	0.954822301841465
157	30	0	0	0	0.956740510035677
158	30	0	0	0	0.958646539048154
159	30	0	0	0	0.96054054256096
160	30	0	0	0	0.962422671365551
161	30	0	0	0	0.964293073434815
162	30	0	0	0	0.966151893992881
163	30	0	0	0	0.967999275582782
164	30	0	0	0	0.969835358132052
165	30	0	0	0	0.971660279016321
166	30	0	0	0	0.973474173120998
167	30	0	0	0	0.975277172901094
168	30	0	0	0	0.977069408439261
169	30	0	0	0	0.978851007502114
170	30	0	0	0	0.980622095594886
171	30	0	0	0	0.98238279601448
172	30	0	0	0	0.984133229900977
173	30	0	0	0	0.985873516287651
174	30	0	0	0	0.987603772149542
175	30	0	0	0	0.989324112450631
176	30	0	0	0	0.991034650189687
177	30	0	0	0	0.992735496444796
178	30	0	0	0	0.994426760416648
179	30	0	0	0	0.996108549470608
180	30	0	0	0	0.997780969177617
181	30	0	0	0	0.999444123353954
182	30	0	0	0	1.00109811409991
183	30	0	0	0	1.0027430418374
184	30	0	0	0	1.00437900534654
185	30	0	0	0	1.00600610180126
186	30	0	0	0	1.00762442680391
187	30	0	0	0	1.00923407441902
188	30	0	0	0	1.01083513720604
189	30	0	0	0	1.01242770625133
190	30	0	0	0	1.01401187119922
191	30	0	0	0	1.01558772028232
192	30	0	0	0	1.01715534035098
193	30	0	0	0	1.01871481690205
194	30	0	0	0	1.02026623410681
195	30	0	0	0	1.02180967483827
196	30	0	0	0	1.02334522069771
197	30	0	0	0	1.02487295204058
198	30	0	0	0	1.02639294800175
199	30	0	0	0	1.02790528652007
200	30	0	0	0	1.02941004436235
1	60	0	0	0	-0.561137204698061
2	60	0	0	0	-0.365868272686567
3	60	0	0	0	-0.251643269903973
4	60	0	0	0	-0.170599340675072
5	60	0	0	0	-0.107736785401922
6	60	0	0	0	-0.0563743378924794
7	60	0	0	0	-0.0129480072906609
8	60	0	0	0	0.0246695913364218
9	60	0	0	0	0.0578506648901136
10	60	0	0	0	0.0875321466095719
11	60	0	0	0	0.114382312840039
12	60	0	0	0	0.138894594119015
13	60	0	0	0	0.161443707036265
14	60	0	0	0	0.182320924720833
15	60	0	0	0	0.201757149392165
16	60	0	0	0	0.219938523347916
17	60	0	0	0	0.23701729894956
18	60	0	0	0	0.253119596901608
19	60	0	0	0	0.26835106411431
20	60	0	0	0	0.282801078621066
21	60	0	0	0	0.296545927503426
22	60	0	0	0	0.309651244851533
23	60	0	0	0	0.322173907349018
24	60	0	0	0	0.334163526130509
25	60	0	0	0	0.345663633894216
26	60	0	0	0	0.356712639047759
27	60	0	0	0	0.367344599684201
28	60	0	0	0	0.377589856732327
29	60	0	0	0	0.387475555952636
30	60	0	0	0	0.397026081403659
31	60	0	0	0	0.406263417806469
32	60	0	0	0	0.41520745535941
33	60	0	0	0	0.423876247634126
34	60	0	0	0	0.432286230961055
35	60	0	0	0	0.440452412005478
36	60	0	0	0	0.448388528913102
37	60	0	0	0	0.456107190371988
38	60	0	0	0	0.463619996125804
39	60	0	0	0	0.470937641830352
40	60	0	0	0	0.47807001063256
41	60	0	0	0	0.485026253439752
42	60	0	0	0	0.49181485951492
43	60	0	0	0	0.49844371876423
44	60	0	0	0	0.504920176863027
45	60	0	0	0	0.511251084186252
46	60	0	0	0	0.517442839360512
47	60	0	0	0	0.523501428131983
48	60	0	0	0	0.529432458142003
49	60	0	0	0	0.535241190116739
50	60	0	0	0	0.54093256590571
51	60	0	0	0	0.546511233743648
52	60	0	0	0	0.551981571059253
53	60	0	0	0	0.557347705111287
54	60	0	0	0	0.562613531695695
55	60	0	0	0	0.567782732136177
56	60	0	0	0	0.572858788743821
57	60	0	0	0	0.577844998908397
58	60	0	0	0	0.58274448796413
59	60	0	0	0	0.587560220955665
60	60	0	0	0	0.592295013415153
61	60	0	0	0	0.596951541248536
62	60	0	0	0	0.601532349817963
63	60	0	0	0	0.606039862297513
64	60	0	0	0	0.610476387370904
65	60	0	0	0	0.614844126332403
66	60	0	0	0	0.61914517964562
67	60	0	0	0	0.623381553009097
68	60	0	0	0	0.627555162972549
69	60	0	0	0	0.631667842143105
70	60	0	0	0	0.635721344016972
71	60	0	0	0	0.639717347468381
72	60	0	0	0	0.643657460924596
73	60	0	0	0	0.647543226252958
74	60	0	0	0	0.651376122383482
75	60	0	0	0	0.655157568688303
76	60	0	0	0	0.658888928137298
77	60	0	0	0	0.662571510247438
78	60	0	0	0	0.666206573841846
79	60	0	0	0	0.6697953296331
80	60	0	0	0	0.673338942644054
81	60	0	0	0	0.676838534478288
82	60	0	0	0	0.680295185451246
83	60	0	0	0	0.683709936592216
84	60	0	0	0	0.687083791526414
85	60	0	0	0	0.690417718245699
86	60	0	0	0	0.693712650775724
87	60	0	0	0	0.696969490746723
88	60	0	0	0	0.700189108874521
89	60	0	0	0	0.703372346357876
90	60	0	0	0	0.706520016197746
91	60	0	0	0	0.709632904443664
92	60	0	0	0	0.712711771372006
93	60	0	0	0	0.715757352600556
94	60	0	0	0	0.718770360143477
95	60	0	0	0	0.721751483410449
96	60	0	0	0	0.724701390153497
97	60	0	0	0	0.727620727364764
98	60	0	0	0	0.730510122128233
99	60	0	0	0	0.733370182428213
100	60	0	0	0	0.736201497917204
101	60	0	0	0	0.739004640645549
102	60	0	0	0	0.741780165755142
103	60	0	0	0	0.744528612139299
104	60	0	0	0	0.747250503070747
105	60	0	0	0	0.749946346799565
106	60	0	0	0	0.752616637122781
107	60	0	0	0	0.755261853927237
108	60	0	0	0	0.757882463707189
109	60	0	0	0	0.760478920058065
110	60	0	0	0	0.763051664147671
111	60	0	0	0	0.765601125166075
112	60	0	0	0	0.768127720755315
113	60	0	0	0	0.770631857420013
114	60	0	0	0	0.773113930919891
115	60	0	0	0	0.775574326645156
116	60	0	0	0	0.778013419975624
117	60	0	0	0	0.780431576624439
118	60	0	0	0	0.782829152967159
119	60	0	0	0	0.78520649635696
120	60	0	0	0	0.787563945426647
121	60	0	0	0	0.789901830378138
122	60	0	0	0	0.792220473260031
123	60	0	0	0	0.794520188233839
124	60	0	0	0	0.796801281829457
125	60	0	0	0	0.799064053190355
126	60	0	0	0	0.801308794309008
127	60	0	0	0	0.803535790253023
128	60	0	0	0	0.805745319382398
129	60	0	0	0	0.807937653558317
130	60	0	0	0	0.810113058343897
131	60	0	0	0	0.812271793197235
132	60	0	0	0	0.814414111657114
133	60	0	0	0	0.81654026152171
134	60	0	0	0	0.818650485020592
135	60	0	0	0	0.820745018980339
136	60	0	0	0	0.822824094984043
137	60	0	0	0	0.824887939524962
138	60	0	0	0	0.826936774154599
139	60	0	0	0	0.828970815625419
140	60	0	0	0	0.830990276028466
141	60	0	0	0	0.83299536292607
142	60	0	0	0	0.834986279479875
143	60	0	0	0	0.836963224574364
144	60	0	0	0	0.83892639293609
145	60	0	0	0	0.840875975248774
146	60	0	0	0	0.842812158264452
147	60	0	0	0	0.844735124910826
148	60	0	0	0	0.846645054394976
149	60	0	0	0	0.848542122303584
150	60	0	0	0	0.850426500699797
151	60	0	0	0	0.852298358216885
152	60	0	0	0	0.854157860148792
153	60	0	0	0	0.856005168537735
154	60	0	0	0	0.857840442258933
155	60	0	0	0	0.859663837102608
156	60	0	0	0	0.86147550585334
157	60	0	0	0	0.863275598366893
158	60	0	0	0	0.865064261644593
159	60	0	0	0	0.866841639905374
160	60	0	0	0	0.868607874655548
161	60	0	0	0	0.870363104756417
162	60	0	0	0	0.872107466489782
163	60	0	0	0	0.87384109362144
164	60	0	0	0	0.87556411746274
165	60	0	0	0	0.877276666930264
166	60	0	0	0	0.87897886860371
167	60	0	0	0	0.880670846782032
168	60	0	0	0	0.882352723537909
169	60	0	0	0	0.88402461877059
170	60	0	0	0	0.885686650257193
171	60	0	0	0	0.887338933702484
172	60	0	0	0	0.888981582787218
173	60	0	0	0	0.89061470921507
174	60	0	0	0	0.892238422758217
175	60	0	0	0	0.893852831301616
176	60	0	0	0	0.895458040886015
177	60	0	0	0	0.897054155749753
178	60	0	0	0	0.898641278369371
179	60	0	0	0	0.9002195094991
180	60	0	0	0	0.90178894820924
181	60	0	0	0	0.903349691923474
182	60	0	0	0	0.904901836455159
183	60	0	0	0	0.906445476042623
184	60	0	0	0	0.9079807033835
185	60	0	0	0	0.909507609668126
186	60	0	0	0	0.91102628461205
187	60	0	0	0	0.91253681648766
188	60	0	0	0	0.914039292154971
189	60	0	0	0	0.9155337970916
190	60	0	0	0	0.917020415421942
191	60	0	0	0	0.918499229945587
192	60	0	0	0	0.919970322164991
193	60	0	0	0	0.92143377231243
194	60	0	0	0	0.922889659376258
195	60	0	0	0	0.92433806112649
196	60	0	0	0	0.925779054139727
197	60	0	0	0	0.927212713823452
198	60	0	0	0	0.928639114439707
199	60	0	0	0	0.930058329128179
200	60	0	0	0	0.931470429928698
