"Latitude"	"Marginal"	"Upper"	"Lower"	"Terrestrial"	"Terr_upper"	"Terr_lower"	"Lakeweb"	"Lakeweb_upper"	"Lakeweb_lower"	"Marine"	"Marine_upper"	"Marine_lower"
"1"	0	0.815011798628259	0.893665103892514	0.736358493364004	0.754740160281879	0.837797943470898	0.67168237709286	0.727305637240344	0.829265932256036	0.625345342224652	0.901564309983591	0.991339715373385	0.811788904593797
"2"	0.452261306532663	0.81444001537837	0.89265790127121	0.73622212948553	0.754168377031989	0.83686456449809	0.671472189565889	0.728713187258055	0.831036170411573	0.626390204104537	0.900992526733702	0.990394597265356	0.811590456202047
"3"	0.904522613065327	0.81386823212848	0.891653013993301	0.73608345026366	0.7535965937821	0.83593408746658	0.67125910009762	0.730120737275767	0.83281304257942	0.627428431972113	0.900420743483812	0.989452066002637	0.811389420964988
"4"	1.35678391959799	0.813296448878591	0.890650480949513	0.735942416807669	0.753024810532211	0.835006550466871	0.671043070597551	0.731528287293478	0.834596477445035	0.628460097141921	0.899848960233923	0.988512154036166	0.81118576643168
"5"	1.80904522613065	0.812724665628702	0.889650341687867	0.735798989569536	0.752453027282322	0.834081991938538	0.670824062626105	0.732935837311189	0.836386403472286	0.629485271150092	0.899277176984034	0.98757489412687	0.810979459841197
"6"	2.26130653266332	0.812152882378813	0.888652636419916	0.73565312833771	0.751881244032433	0.833160450663873	0.670602037400992	0.734343387328901	0.838182748952423	0.630504025705378	0.898705393734145	0.986640319342333	0.810770468125956
"7"	2.71356783919598	0.811581099128924	0.887657406026655	0.735504792231192	0.751309460782543	0.832241965760988	0.670376955804099	0.735750937346612	0.839985442051653	0.631516432641571	0.898133610484255	0.985708463053117	0.810558757915393
"8"	3.16582914572864	0.811009315879034	0.886664692064111	0.735353939693957	0.750737677532654	0.831326576676361	0.670148778388946	0.737158487364323	0.841794410857285	0.632522563871362	0.897561827234366	0.98477935892873	0.810344295540003
"9"	3.61809045226131	0.810437532629145	0.885674536768546	0.735200528489744	0.750165894282765	0.830414323176809	0.669917465388721	0.738566037382035	0.843609583422427	0.633522491341643	0.896990043984477	0.983853040933211	0.810127047035743
"10"	4.07035175879397	0.809865749379256	0.884686983061266	0.735044515697245	0.749594111032875	0.829505245340863	0.669682976724888	0.739973587399746	0.845430887809202	0.63451628699029	0.896418260734588	0.982929543320348	0.809906978148828
"11"	4.52261306532663	0.809293966129366	0.883702074552998	0.734885857705735	0.749022327782986	0.828599383549552	0.669445272016421	0.741381137417457	0.847258252130485	0.63550402270443	0.895846477484698	0.98200890062849	0.809684054340907
"12"	4.9748743718593	0.808722182879477	0.88271985554779	0.734724510211164	0.748450544533097	0.827696778476547	0.669204310589647	0.742788687435169	0.849091604590139	0.636485770280199	0.895274694234809	0.981091147674959	0.809458240794659
"13"	5.42713567839196	0.808150399629588	0.881740371046417	0.734560428212759	0.747878761283208	0.826797471077679	0.668960051488736	0.74419623745288	0.850930873521742	0.637461601384018	0.89470291098492	0.98017631955004	0.809229502419799
"14"	5.87939698492462	0.807578616379699	0.880763666749236	0.734393566010161	0.747306978033318	0.825901502579797	0.66871245348684	0.745603787470592	0.852775987425821	0.638431587515362	0.894131127735031	0.979264451610548	0.808997803859513
"15"	6.33165829145729	0.807006833129809	0.879789789058467	0.734223877201152	0.746735194783429	0.82500891446896	0.668461475097898	0.747011337488303	0.854626875005569	0.639395799971037	0.893559344485141	0.978355579472943	0.808763109497339
"16"	6.78391959798995	0.80643504987992	0.878818785079846	0.734051314679994	0.74616341153354	0.824119748477949	0.668207074589131	0.748418887506014	0.856483465201075	0.640354309810954	0.892987561235252	0.977449739006006	0.808525383464499
"17"	7.23618090452261	0.805863266630031	0.877850702623628	0.733875830636434	0.745591628283651	0.823234046573078	0.667949209994223	0.749826437523725	0.858345687222057	0.641307187825394	0.892415777985363	0.976546966323038	0.808284589647688
"18"	7.68844221105528	0.805291483380142	0.876885590204869	0.733697376555415	0.745019845033761	0.822351850940305	0.667687839127218	0.751233987541437	0.860213470579122	0.642254504503752	0.891843994735474	0.975647297773595	0.808040691697352
"19"	8.14070351758794	0.804719700130252	0.875923497042971	0.733515903217533	0.744448061783872	0.821473203970616	0.667422919597129	0.752641537559148	0.862086745113561	0.643196330004736	0.891272211485584	0.974750769934735	0.807793653036434
"20"	8.5929648241206	0.804147916880363	0.874964473060427	0.733331360700299	0.743876278533983	0.820598148244682	0.667154408823284	0.75404908757686	0.863965441025703	0.644132734128016	0.890700428235695	0.973857419601763	0.807543436869627
"21"	9.04522613065327	0.803576133630474	0.874008568880716	0.733143698380232	0.743304495284094	0.819726726516778	0.666882264051409	0.755456637594571	0.865849488901841	0.6450637862873	0.890128644985806	0.972967283778482	0.80729000619313
"22"	9.49748743718593	0.803004350380585	0.873055835825321	0.732952864935849	0.742732712034204	0.81885898169795	0.666606442370458	0.756864187612282	0.867738819739755	0.64598955548481	0.889556861735917	0.972080399666919	0.807033323804914
"23"	9.94974874371859	0.802432567130695	0.872106325909791	0.7327588083516	0.742160928784315	0.817994956838428	0.666326900730203	0.758271737629994	0.869633364972857	0.64691011028713	0.888985078486027	0.971196804656537	0.806773352315518
"24"	10.4020100502513	0.801860783880806	0.871160091838824	0.732561475922788	0.741589145534426	0.817134695109272	0.66604359595958	0.759679287647705	0.87153305649299	0.64782551880242	0.888413295236138	0.970316536312906	0.80651005415937
"25"	10.8542713567839	0.801289000630917	0.870217187000296	0.732360814261538	0.741017362284537	0.816278239783263	0.665756484785811	0.761086837665416	0.873437826671893	0.64873584865894	0.887841511986249	0.969439632365842	0.806243391606656
"26"	11.3065326633166	0.800717217381028	0.8692776654582	0.732156769303856	0.740445579034647	0.815425634215008	0.665465523854286	0.762494387683128	0.875347608381377	0.649641166984879	0.88726972873636	0.968566130696994	0.805973326775726
"27"	11.7587939698492	0.800145434131138	0.86834158194443	0.731949286317847	0.739873795784758	0.814576921820291	0.665170669749225	0.763901937700839	0.877262335012233	0.650541540389445	0.88669794548647	0.967696069326881	0.80569982164606
"28"	12.2110552763819	0.799573650881249	0.86740899184937	0.731738309913128	0.739302012534869	0.813732146054638	0.6648718790151	0.76530948771855	0.879181940491913	0.651437034945187	0.886126162236581	0.96682948640137	0.805422838071792
"29"	12.6633165829146	0.79900186763136	0.866479951211209	0.731523784051511	0.73873022928498	0.812891350391119	0.66456910817884	0.766717037736262	0.881106359301003	0.652327716171521	0.885554378986692	0.965966420177589	0.805142337795794
"30"	13.1155778894472	0.798430084381471	0.865554516703957	0.731305652058984	0.73815844603509	0.812054578297391	0.664262313772789	0.768124587753973	0.883035526488529	0.653213649019417	0.884982595736803	0.965106909009275	0.80485828246433
"31"	13.5678391959799	0.797858301131581	0.864632745624082	0.731083856639081	0.737586662785201	0.81122187321197	0.663951452358432	0.769532137771684	0.884969377686139	0.65409489785723	0.884410812486913	0.964250991331546	0.80457063364228
"32"	14.0201005025126	0.797286517881692	0.863714695875727	0.730858339887658	0.737014879535312	0.810393278519758	0.663636480550865	0.770939687789396	0.886907849121173	0.654971526457619	0.883839029237024	0.963398705645113	0.804279352828936
"33"	14.4723618090452	0.796714734631803	0.862800425954443	0.730629043309163	0.736443096285423	0.809568837526833	0.663317355044012	0.772347237807107	0.888850877628677	0.655843597985538	0.883267245987135	0.962550090499902	0.803984401474368
"34"	14.9246231155779	0.796142951381914	0.861889994929395	0.730395907834432	0.735871313035533	0.808748593434502	0.662994032636564	0.773754787824819	0.890798400662385	0.656711174987252	0.882695462737246	0.96170518447812	0.803685740996371
"35"	15.3768844221106	0.795571168132024	0.860983462423974	0.730158873840074	0.735299529785644	0.807932589312647	0.662666470258641	0.77516233784253	0.892750356304708	0.657574319380351	0.882123679487356	0.96086402617674	0.803383332797972
"36"	15.8291457286432	0.794999384882135	0.860080888594772	0.729917881169498	0.734727746535755	0.807120868072373	0.662334624999137	0.776569887860241	0.894706683275761	0.658433092444722	0.881551896237467	0.960026654189419	0.803077138285515
"37"	16.2814070351759	0.794427601632246	0.859182334108864	0.729672869155628	0.734155963285866	0.806313472437976	0.661998454133755	0.777977437877953	0.896667320941465	0.65928755481444	0.880980112987578	0.959193107087852	0.802767118887304
"38"	16.7336683417085	0.793855818382357	0.858287860119351	0.729423776645362	0.733584180035976	0.805510444918266	0.661657915153686	0.779384987895664	0.898632209320766	0.660137766470562	0.880408329737689	0.958363423402571	0.802453236072806
"39"	17.1859296482412	0.793284035132467	0.857397528239116	0.729170542025819	0.733012396786087	0.804711827777252	0.661312965794922	0.780792537913375	0.900601289091993	0.660983786734758	0.879836546487799	0.957537641603189	0.80213545137241
"40"	17.6381909547739	0.792712251882578	0.856511400512742	0.728913103252414	0.732440613536198	0.803917663004229	0.660963564068166	0.782200087931087	0.902574501598392	0.661825674263782	0.87926476323791	0.956715800078097	0.801813726397723
"41"	18.0904522613065	0.792140468632689	0.855629539386563	0.728651397878815	0.731868830286309	0.803127992283297	0.66060966828932	0.783607637948798	0.904551788852884	0.662663487044712	0.878692979988021	0.955897937113638	0.801488022862404
"42"	18.5427135678392	0.7915686853828	0.854752007676788	0.728385363088811	0.731297047036419	0.802342856962337	0.660251237110501	0.785015187966509	0.906533093542061	0.663497282390958	0.878121196738131	0.955084090872745	0.801158302603518
"43"	18.9949748743719	0.79099690213291	0.853878868535694	0.728114935730127	0.73072526378653	0.801562298021494	0.659888229551566	0.786422737984221	0.908518359029457	0.664327116938984	0.877549413488242	0.954274299373085	0.8008245276034
"44"	19.4472361809045	0.790425118883021	0.853010185415817	0.727840052350225	0.730153480536641	0.800786356041183	0.659520605032098	0.787830288001932	0.910507529358145	0.665153046645719	0.876977630238353	0.953468600464698	0.800486660012008
"45"	19.8994974874372	0.789853335633132	0.852146022032158	0.727560649234106	0.729581697286751	0.800015071169692	0.659148323403811	0.789237838019643	0.912500549252662	0.665975126786625	0.876405846988464	0.952667031807165	0.800144662169762
"46"	20.3517587939699	0.789281552383243	0.851286442322337	0.727276662444148	0.729009914036862	0.799248483090388	0.658771344983336	0.790645388037355	0.914497364120313	0.666793411954396	0.875834063738575	0.951869630846315	0.799798496630834
"47"	20.8040201005025	0.788709769133353	0.850431510404726	0.726988027861981	0.728438130786973	0.798486630988611	0.658389630585335	0.792052938055066	0.916497920051883	0.667607956058249	0.875262280488685	0.951076434790493	0.799448126186877
"48"	21.2562814070352	0.788137985883464	0.849581290534502	0.726694681232426	0.727866347537084	0.797729553518272	0.658003141555896	0.793460488072778	0.918502163821776	0.668418812323779	0.874690497238796	0.950287480586414	0.799093513891178
"49"	21.7085427135678	0.787566202633575	0.848735847057662	0.726396558209487	0.727294564287195	0.796977288768231	0.657611839806158	0.794868038090489	0.920510042887621	0.669226033293356	0.874118713988907	0.94950280489462	0.798734623083193
"50"	22.1608040201005	0.786994419383686	0.84789524436297	0.726093594404401	0.726722781037305	0.796229874228498	0.657215687846113	0.7962755881082	0.922521505389365	0.670029670827035	0.873546930739017	0.948722444064572	0.798371417413463
"51"	22.6130653266332	0.786422636133796	0.847059546831857	0.725785725435736	0.726150997787416	0.795487346756318	0.656814648818514	0.797683138125912	0.924536500147886	0.670829776103937	0.872975147489128	0.947946434109404	0.798003860868852
"52"	23.0653266331658	0.785850852883907	0.846228818786302	0.725472886981512	0.725579214537527	0.794749742542195	0.656408686532859	0.799090688143623	0.926554976663148	0.671626399624097	0.872403364239239	0.94717481068036	0.797631917798117
"53"	23.5175879396985	0.785279069634018	0.845403124434706	0.72515501483333	0.725007431287637	0.794017097075923	0.655997765499352	0.800498238161334	0.928576885111928	0.672419591210741	0.87183158098935	0.946407609040959	0.79725555293774
"54"	23.9698492462312	0.784707286384129	0.844582527815796	0.724832044952461	0.724435648037748	0.793289445112683	0.655581850962814	0.801905788179046	0.930602176345132	0.67320940001296	0.87125979773946	0.945644864040907	0.796874731438014
"55"	24.4221105527638	0.784135503134239	0.843767092740621	0.724503913527858	0.723863864787859	0.792566820639268	0.65516090893645	0.803313338196757	0.932630801884738	0.673995874508776	0.870688014489571	0.944886610089796	0.796489418889347
"56"	24.8743718592965	0.78356371988435	0.842956882732664	0.724170557036036	0.72329208153797	0.791849256840517	0.654734906235423	0.804720888214468	0.934662713920374	0.674779062508563	0.870116231239682	0.944132881130634	0.796099581348729
"57"	25.3266331658291	0.782991936634461	0.842151960966166	0.723831912302756	0.72272029828808	0.791136786066004	0.654303810510157	0.80612843823218	0.93669786530556	0.675559011158799	0.869544447989793	0.943383710613231	0.795705185366354
"58"	25.7788944723618	0.782420153384571	0.841352390202704	0.723487916566439	0.722148515038191	0.790429439797075	0.653867590279308	0.807535988249891	0.938736209553641	0.676335766946142	0.868972664739903	0.942639131467481	0.795306198012325
"59"	26.2311557788945	0.781848370134682	0.840558232726142	0.723138507543222	0.721576731788302	0.789727248614288	0.653426214962316	0.808943538267602	0.940777700833419	0.677109375701786	0.868400881490014	0.941899176076601	0.794902586903427
"60"	26.6834170854271	0.781276586884793	0.839769550276015	0.722783623493571	0.721004948538413	0.789030242165333	0.652979654911492	0.810351088285314	0.942822293964521	0.677879882606106	0.867829098240125	0.941163876250337	0.794494320229913
"61"	27.1356783919598	0.780704803634904	0.838986403979477	0.72242320329033	0.720433165288523	0.788338449133505	0.652527881443542	0.811758638303025	0.944869944412502	0.678647332193549	0.867257314990236	0.940433263198213	0.794081366782258
"62"	27.5879396984925	0.780133020385015	0.838208854281924	0.722057186488105	0.719861382038634	0.7876518972068	0.652070866870468	0.813166188320737	0.946920608283719	0.679411768357754	0.866685531740346	0.939707367502844	0.793663695977849
"63"	28.0402010050251	0.779561237135125	0.837436960876408	0.721685513393842	0.719289598788745	0.78697061304771	0.65160858452978	0.814573738338448	0.948974242319989	0.680173234356907	0.866113748490457	0.938986219093372	0.793241277887542
"64"	28.4924623115578	0.778989453885236	0.836670782632	0.721308125138472	0.718717815538856	0.786294622263783	0.651141008813928	0.815981288356159	0.951030803893039	0.68093177281928	0.865541965240568	0.938269847219073	0.792814083262063
"65"	28.9447236180905	0.778417670635347	0.835910377521231	0.720924963749462	0.718146032288966	0.785623949379028	0.650668115198905	0.817388838373871	0.953090250998776	0.681687425748966	0.864970181990679	0.93755828042317	0.792382083558187
"66"	29.3969849246231	0.777845887385457	0.835155802546792	0.720535972224123	0.717574249039077	0.784958617806227	0.650189880271927	0.818796388391582	0.955152542251387	0.682440234531777	0.864398398740789	0.93685154651692	0.791945250964659
"67"	29.8492462311558	0.777274104135568	0.834407113667637	0.7201410946035	0.717002465789188	0.784298649820234	0.649706281758142	0.820203938409293	0.957217636877286	0.6831902399413	0.8638266154909	0.936149672554008	0.791503558427792
"68"	30.3015075376884	0.776702320885679	0.8336643657247	0.719740276046658	0.716430682539299	0.783644066532314	0.649217298546283	0.821611488427005	0.95928549470892	0.68393748214509	0.863254832241011	0.935452684805312	0.79105697967671
"69"	30.7537688442211	0.77613053763579	0.832927612366385	0.719333462905194	0.715858899289409	0.782994887865611	0.648722910713208	0.823019038444716	0.961356076178443	0.684682000710989	0.862683048991122	0.934760608734071	0.790605489248172
"70"	31.2060301507538	0.7755587543859	0.832196905974049	0.718920602797752	0.71528711603952	0.78235113253178	0.64822309954726	0.824426588462427	0.963429342311291	0.685423834613564	0.862111265741232	0.934073468971535	0.790149062510929
"71"	31.6582914572864	0.774986971136011	0.83147229758767	0.718501644684352	0.714715332789631	0.78171281800888	0.647717847570382	0.825834138480139	0.965505254719639	0.686163022240638	0.861539482491343	0.933391289293117	0.789687675689569
"72"	32.1105527638191	0.774415187886122	0.83075383683192	0.718076538940324	0.714143549539742	0.781079960520552	0.647207138558932	0.82724168849785	0.967583775595783	0.686899601399918	0.860967699241454	0.932714092595117	0.789221305887791
"73"	32.5628140703518	0.773843404636233	0.830041571842863	0.717645237429603	0.713571766289852	0.780452575016567	0.646690957563138	0.828649238515561	0.96966486770543	0.687633609325693	0.860395915991565	0.932041900872064	0.788749931111065
"74"	33.0150753768844	0.773271621386343	0.829335549195496	0.717207693577191	0.712999983039963	0.779830675154784	0.646169290925143	0.830056788533273	0.971748494380936	0.68836508268561	0.859824132741675	0.931374735194722	0.788273530288628
"75"	33.4673366834171	0.772699838136454	0.828635813832373	0.716763862440535	0.712428199790074	0.779214273284565	0.645642126295583	0.831464338550984	0.97383461951447	0.689094057587498	0.859252349491786	0.930712615688815	0.787792083294757
"76"	33.9195979899498	0.772128054886565	0.827942408993534	0.716313700779596	0.711856416540185	0.778603380431707	0.645109452648662	0.832871888568696	0.975923207551145	0.689820569586246	0.858680566241897	0.93005556151451	0.787305570969283
"77"	34.3718592964824	0.771556271636676	0.827255376147976	0.715857167125375	0.711284633290295	0.77799800628492	0.644571260295671	0.834279438586407	0.978014223482097	0.690544653690717	0.858108782992008	0.929403590846717	0.786813975137298
"78"	34.8241206030151	0.770984488386786	0.826574754926915	0.715394221846658	0.710712850040406	0.777398159183895	0.644027540896917	0.835686988604118	0.980107632837543	0.691266344370694	0.857536999742118	0.928756720856241	0.786317278627995
"79"	35.2763819095477	0.770412705136897	0.825900583059047	0.714924827214748	0.710141066790517	0.776803846108998	0.643478287472036	0.83709453862183	0.98220340167981	0.691985675563849	0.856965216492229	0.928114967691836	0.785815465292622
"80"	35.7286432160804	0.769840921887008	0.825232896308067	0.714448947465949	0.709569283540628	0.776215072672615	0.64292349440864	0.838502088639541	0.984301496596355	0.692702680682727	0.85639343324234	0.927478346463202	0.785308520021477
"81"	36.1809045226131	0.769269138637119	0.824571728412663	0.713966548861574	0.708997500290738	0.775631843112179	0.642363157469297	0.839909638657252	0.986401884692768	0.693417392621736	0.855821649992451	0.926846871224969	0.784796428759932
"82"	36.6331658291457	0.768697355387229	0.823917111029211	0.713477599745248	0.708425717040849	0.77505416028489	0.641797273796809	0.841317188674964	0.988504533585789	0.694129843764138	0.855249866742561	0.926220554961698	0.784279178523425
"83"	37.0854271356784	0.76812557213734	0.823269073677388	0.712982070597293	0.70785393379096	0.774482025664151	0.641225841917769	0.842724738692675	0.990609411396311	0.694840065989039	0.854678083492672	0.925599409573948	0.783756757411396
"84"	37.5376884422111	0.767553788887451	0.82262764368892	0.712479934085982	0.707282150541071	0.773915439337734	0.640648861744407	0.844132288710386	0.992716486742412	0.695548090678361	0.854106300242783	0.924983445865434	0.783229154620132
"85"	37.9899497487437	0.766982005637562	0.821992846159667	0.711971165115456	0.706710367291181	0.773354400007665	0.640066334574698	0.845539838728098	0.994825728732391	0.696253948723804	0.853534516992894	0.924372673531311	0.782696360454476
"86"	38.4422110552764	0.766410222387672	0.821364703905222	0.711455740870123	0.706138584041292	0.772798904991847	0.639478263090738	0.846947388745809	0.996937106957835	0.696957670533783	0.852962733743004	0.923767101147616	0.782158366338393
"87"	38.894472361809	0.765838439137783	0.820743237420228	0.710933640855338	0.705566800791403	0.772248950227404	0.638884651355401	0.84835493876352	0.999050591486707	0.697659286040334	0.852390950493115	0.923166736161889	0.781615164824341
"88"	39.3467336683417	0.765266655887894	0.820128464841558	0.71040484693423	0.704995017541514	0.771704530275745	0.638285504807282	0.849762488781232	1.00116615285647	0.698358824705996	0.851819167243226	0.922571584885002	0.78106674960145
"89"	39.7989949748744	0.764694872638005	0.81952040191552	0.709869343360489	0.704423234291624	0.77116563832932	0.637680830253929	0.851170038798943	1.00328376206723	0.699056315530654	0.851247383993337	0.921981652484213	0.78051311550246
"90"	40.251256281407	0.764123089388115	0.818919061969229	0.709327116807001	0.703851451041735	0.770632266220067	0.637070635863404	0.852577588816655	1.00540339057497	0.69975178705834	0.850675600743447	0.921396942977468	0.779954258509426
"91"	40.7035175879397	0.763551306138226	0.818324455886252	0.7087781563902	0.703279667791846	0.770104404429509	0.636454931154183	0.853985138834366	1.00752501028474	0.700445267383993	0.850103817493558	0.92081745922896	0.779390175758156
"92"	41.1557788944724	0.762979522888337	0.817736592086645	0.708222453690029	0.702707884541957	0.769582042100483	0.63583372698343	0.855392688852077	1.00964859354398	0.701136784160174	0.849532034243669	0.920243202945954	0.778820865541384
"93"	41.608040201005	0.762407739638448	0.817155476511454	0.707660002765441	0.702136101292067	0.76906516705046	0.635207035533675	0.856800238869789	1.01177411313585	0.701826364603726	0.848960250993779	0.919674174676901	0.778246327310658
"94"	42.0603015075377	0.761835956388558	0.816581112611759	0.707090800165358	0.701564318042178	0.768553765786423	0.634574870297933	0.8582077888875	1.01390154227261	0.702514035502387	0.84838846774389	0.919110373810828	0.777666561676953
"95"	42.5125628140703	0.761264173138669	0.816013501342295	0.706514844935043	0.700992534792289	0.76804782352126	0.633937246063317	0.859615338905211	1.01603085458908	0.703199823221342	0.847816684494001	0.918551798578013	0.777081570409989
"96"	42.964824120603	0.76069238988878	0.81545264115969	0.70593213861787	0.7004207515424	0.767547324191624	0.633294178893176	0.861022888922923	1.01816202413612	0.703883753709723	0.847244901244112	0.91799844605195	0.776491356436274
"97"	43.4170854271357	0.760120606638891	0.814898528025313	0.705342685252469	0.69984896829251	0.76705225047721	0.63264568610781	0.862430438940634	1.02029502537423	0.704565852507042	0.846673117994223	0.917450312152583	0.775895923835862
"98"	43.8693467336683	0.759548823389001	0.814351155412739	0.704746491365264	0.699277185042621	0.766562583821408	0.631991786263834	0.863837988958345	1.02242983316712	0.705246144749568	0.846101334744333	0.916907391650822	0.775295277837845
"99"	44.321608040201	0.758977040139112	0.81381051431978	0.704143565958445	0.698705401792732	0.766078304453248	0.631332499132216	0.865245538976057	1.02456642277548	0.705924655176637	0.845529551494444	0.916369678174304	0.774689424814584
"100"	44.7738693467337	0.758405256889223	0.81327659328504	0.703533920493405	0.698133618542843	0.765599391410612	0.630667845675073	0.866653088993768	1.02670476985064	0.706601408136893	0.844957768244555	0.915837164214409	0.774078372274701
"101"	45.2261306532663	0.757833473639334	0.812749378408927	0.70291756886974	0.697561835292953	0.765125822564624	0.629997848021282	0.868060639011479	1.02884485042849	0.707276427594473	0.844385984994665	0.915309841134494	0.773462128854837
"102"	45.678391959799	0.757261690389444	0.812228853379017	0.702294527399872	0.696990052043064	0.764657574645171	0.629322529440957	0.869468189029191	1.03098664092328	0.707949737135106	0.843814201744776	0.91478769917934	0.772840704310213
"103"	46.1306532663317	0.756689907139555	0.811714999499682	0.701664814779428	0.696418268793175	0.764194623267474	0.628641914318875	0.870875739046902	1.03313011812164	0.70862135997216	0.843242418494887	0.914270727485767	0.772214109504007
"104"	46.5829145728643	0.756118123889666	0.811207795725843	0.701028452053488	0.695846485543286	0.763736942959658	0.627956028126914	0.872283289064613	1.03527525917662	0.709291318952606	0.842670635244998	0.913758914094418	0.771582356395578
"105"	47.035175879397	0.755546340639777	0.810707218700718	0.700385462578835	0.695274702293396	0.763284507191231	0.627264897395561	0.873690839082325	1.03742204160174	0.709959636562914	0.842098851995108	0.913252245962655	0.770945458027562
"106"	47.4874371859297	0.754974557389887	0.810213242797394	0.699735871982381	0.694702919043507	0.762837288402429	0.626568549684585	0.875098389100036	1.03957044326519	0.71062633493488	0.841527068745219	0.912750708978558	0.770303428511881
"107"	47.9396984924623	0.754402774139998	0.809725840164071	0.699079708115925	0.694131135793618	0.762395258034319	0.625867013552916	0.876505939117748	1.04172044238412	0.711291435851371	0.84095528549533	0.912254287975969	0.769656283014691
"108"	48.391959798995	0.753830990890109	0.809244980772786	0.698417001007432	0.693559352543728	0.761958386559626	0.625160318527831	0.877913489135459	1.04387201751891	0.71195496075201	0.840383502245441	0.911762966750573	0.769004037740309
"109"	48.8442211055276	0.753259207640219	0.80877063247142	0.697747782809019	0.692987569293839	0.761526643514181	0.624448495073497	0.87932103915317	1.04602514756757	0.712616930738771	0.839811718995551	0.911276728076945	0.768346709914158
"110"	49.2964824120603	0.75268742439033	0.808302761038791	0.69707208774187	0.69241578604395	0.761099997528935	0.623731574558965	0.880728589170882	1.04817981176025	0.713277366581511	0.839239935745662	0.910795553726552	0.767684317764773
"111"	49.748743718593	0.752115641140441	0.807841330242616	0.696389952038266	0.691844002794061	0.760678416362463	0.623009589225658	0.882136139188593	1.05033598965376	0.713936288723425	0.838668152495773	0.910319424486641	0.767016880504905
"112"	50.2010050251256	0.751543857890552	0.807386301900123	0.695701413880981	0.691272219544172	0.760261866933882	0.622282572154461	0.883543689206304	1.05249366112619	0.714593717286418	0.838096369245884	0.909848320179993	0.766344418311774
"113"	50.6532663316583	0.750972074640663	0.80693763594108	0.695006513340245	0.690700436294282	0.759850315356118	0.621550557232447	0.884951239224016	1.05465280637162	0.715249672076416	0.837524585995994	0.909382219685473	0.765666952306516
"114"	51.105527638191	0.750400291390773	0.806495290473033	0.694305292308514	0.690128653044393	0.759443726969444	0.620813579119342	0.886358789241727	1.05681340589486	0.715904172588592	0.836952802746105	0.908921100959352	0.764984504532858
"115"	51.5577889447236	0.749828508140884	0.80605922184848	0.693597794433288	0.689556869794504	0.759042066375238	0.62007167321377	0.887766339259438	1.05897544050636	0.716557238012517	0.836381019496216	0.908464941057334	0.764297097935097
"116"	52.0100502512563	0.749256724890995	0.805629384733791	0.692884065048199	0.688985086544614	0.758645297469864	0.619324875619365	0.88917388927715	1.06113889131706	0.717208887237243	0.835809236246327	0.908013716157252	0.763604756335402
"117"	52.4623115577889	0.748684941641105	0.805205732179602	0.692164151102609	0.688413303294725	0.758253383478645	0.618573223110806	0.890581439294861	1.06330373973342	0.717859138856305	0.835237452996437	0.907567401582372	0.762907504410503
"118"	52.9145728643216	0.748113158391216	0.804788215692473	0.69143810108996	0.687841520044836	0.757866286989835	0.617816753099837	0.891988989312572	1.06546996745249	0.718508011172651	0.834665669746548	0.907125971825271	0.762205367667826
"119"	53.3668341708543	0.747541375141327	0.804376785307559	0.690705964975095	0.687269736794947	0.757483969988549	0.617055503601344	0.893396539330284	1.06763755645707	0.7191555222035	0.834093886496659	0.906689400572217	0.761498372421101
"120"	53.8190954773869	0.746969591891438	0.803971389662088	0.689967794120788	0.686697953545057	0.757106393890578	0.616289513199537	0.894804089347995	1.06980648901087	0.719801689685124	0.83352210324677	0.906257660728021	0.760786545765518
"121"	54.2713567839196	0.746397808641548	0.803571976069394	0.689223641213703	0.686126170295168	0.75673351957604	0.615518821014296	0.896211639365707	1.07197674765386	0.720446531077553	0.83295031999688	0.905830724441295	0.760069915552466
"122"	54.7236180904523	0.745826025391659	0.80317849059332	0.688473560189999	0.685554387045279	0.756365307422805	0.614743466667752	0.897619189383418	1.07414831519761	0.721090063569222	0.832378536746991	0.905408563130072	0.75934851036391
"123"	55.1758793969849	0.74525424214177	0.802790878122743	0.687717606160796	0.68498260379539	0.756001717339652	0.613963490251128	0.899026739401129	1.07632117472073	0.721732304081525	0.831806753497102	0.904991147507742	0.758622359486462
"124"	55.6281407035176	0.744682458891881	0.802409082446056	0.686955835337705	0.6844108205455	0.755642708799093	0.613178932291908	0.900434289418841	1.07849530956437	0.722373269273313	0.831234970247213	0.904578447609243	0.757891492885182
"125"	56.0804020100502	0.744110675641991	0.802033046325372	0.68618830495861	0.683839037295611	0.755288240869834	0.612389833721388	0.901841839436552	1.08067070332779	0.723012975545318	0.830663186997323	0.904170432817473	0.757155941177174
"126"	56.5326633165829	0.743538892392102	0.801662711570298	0.685415073213907	0.683267254045722	0.754938272248817	0.611596235842627	0.903249389454263	1.08284733986403	0.723651439044498	0.830091403747434	0.903767071889855	0.756415735605013
"127"	56.9849246231156	0.742967109142213	0.801298019111072	0.684636199173354	0.682695470795833	0.754592761292798	0.610798180298868	0.904656939471975	1.08502520327562	0.724288675668325	0.829519620497545	0.903368332985032	0.755670908010058
"128"	57.4371859296482	0.742395325892324	0.800938909070925	0.683851742713722	0.682123687545943	0.754251666049439	0.609995709042448	0.906064489489686	1.08720427791038	0.724924701068996	0.828947837247656	0.902974183689621	0.75492149080569
"129"	57.8894472361809	0.741823542642434	0.800585320837479	0.68306176444739	0.681551904296054	0.753914944287858	0.60918886430425	0.907472039507397	1.08938454835722	0.725559530657574	0.828376053997766	0.902584591045004	0.754167516950528
"130"	58.3417085427136	0.741251759392545	0.800237193133058	0.682266325652033	0.680980121046165	0.753582553528618	0.608377688563711	0.908879589525109	1.09156599944215	0.726193179608068	0.827804270747877	0.902199521574094	0.75340901992166
"131"	58.7939698492462	0.740679976142656	0.799894464083769	0.681465488201543	0.680408337796276	0.753254451073115	0.607562224519436	0.91028713954282	1.0937486162242	0.726825662861441	0.827232487497988	0.901818941308042	0.752646033687934
"132"	59.2462311557789	0.740108192892767	0.799557071287225	0.680659314498308	0.679836554546386	0.752930594032339	0.606742515060434	0.911694689560531	1.09593238399151	0.727456995129553	0.826660704248099	0.901442815812844	0.751878592683354
"133"	59.6984924623116	0.739536409642877	0.799224951878797	0.679847867406958	0.679264771296497	0.752610939354992	0.605918603238002	0.913102239578243	1.09811728825745	0.728087190899039	0.826088920998209	0.901071110215807	0.751106731780611
"134"	60.1507537688442	0.738964626392988	0.798898042596289	0.679031210189687	0.678692988046608	0.752295443854923	0.605090532238292	0.914509789595954	1.10030331475679	0.728716264435121	0.82551713774832	0.90070378923184	0.7503304862648
"135"	60.6030150753769	0.738392843143099	0.79857627984296	0.678209406443237	0.678121204796719	0.751984064237876	0.604258345355561	0.915917339613666	1.10249044944197	0.729344229785359	0.824945354498431	0.900340817189525	0.749549891807337
"136"	61.0552763819096	0.73782105989321	0.79825959974878	0.677382520037639	0.677549421546829	0.75167675712752	0.603422085966139	0.917324889631377	1.10467867847942	0.729971100783334	0.824373571248542	0.899982158056939	0.748764984440144
"137"	61.5075376884422	0.73724927664332	0.797947938229879	0.676550615056762	0.67697763829694	0.751373479090761	0.602581797503119	0.918732439649088	1.1068679882459	0.730596891052276	0.823801787998652	0.899627775467204	0.747975800530101
"138"	61.9597989949749	0.736677493393431	0.797641231046111	0.675713755740751	0.676405855047051	0.751074186662307	0.601737523431795	0.9201399896668	1.10905836532498	0.731221614008619	0.823230004748763	0.89927763274371	0.747182376753816
"139"	62.4120603015075	0.736105710143542	0.797339413856686	0.674872006430398	0.675834071797162	0.750778836368485	0.600889307225838	0.921547539684511	1.11124979650351	0.731845282865509	0.822658221498874	0.898931692925012	0.746384750072736
"140"	62.8643216080402	0.735533926893653	0.797042422273824	0.674025431513482	0.675262288547272	0.750487384750305	0.60003719234424	0.922955089702222	1.1134422687682	0.732467910636241	0.822086438248985	0.898589918789343	0.745582957708626
"141"	63.3165829145729	0.734962143643763	0.796750191914403	0.673174095373123	0.674690505297383	0.750199788385749	0.599181222209017	0.924362639719934	1.11563576930222	0.733089510137646	0.821514654999095	0.898252272878745	0.744777037119446
"142"	63.7688442211055	0.734390360393874	0.79646265844958	0.672318062338168	0.674118722047494	0.749916003911301	0.598321440183686	0.925770189737645	1.11783028548188	0.733710093993407	0.820942871749206	0.897918717522775	0.743967025975637
"143"	64.2211055276382	0.733818577143985	0.796179757652351	0.671457396635619	0.673546938797605	0.749635988042703	0.597457889552506	0.927177739755356	1.12002580487338	0.734329674637337	0.820371088499317	0.897589214861775	0.743152962136859
"144"	64.6733668341708	0.733246793894096	0.795901425443061	0.67059216234513	0.672975155547715	0.749359697594936	0.596590613500494	0.928585289773068	1.12222231522956	0.734948264316578	0.819799305249428	0.897263726869678	0.742334883629178
"145"	65.1256281407035	0.732675010644206	0.795627597932858	0.669722423355555	0.672403372297826	0.749087089501437	0.595719655094215	0.929992839790779	1.1244198044868	0.735565875094763	0.819227521999538	0.89694221537634	0.741512828622737
"146"	65.5778894472362	0.732103227394317	0.795358211465084	0.66884824332355	0.671831589047937	0.748818120832542	0.594845057263331	0.93140038980849	1.12661826076187	0.736182518855112	0.818655738749649	0.896624642089376	0.740686835409922
"147"	66.0301507537689	0.731531444144428	0.795093202654634	0.667969685634221	0.671259805798048	0.748552748813176	0.593966862782919	0.932807939826202	1.12881767234892	0.73679820730348	0.81808395549976	0.896310968615487	0.739856942384033
"148"	66.4824120603015	0.730959660894539	0.794832508425282	0.667086813363795	0.670688022548158	0.748290930839773	0.593085114256544	0.934215489843913	1.13101802771648	0.737412951971345	0.81751217224987	0.896001156481262	0.739023188018479
"149"	66.9346733668342	0.730387877644649	0.794576066045013	0.666199689244286	0.670116239298269	0.748032624496459	0.592199854100079	0.935623039861624	1.13321931550449	0.738026764218754	0.816940388999981	0.895695167153451	0.738185610846511
"150"	67.3869346733668	0.72981609439476	0.794323813159374	0.665308375630146	0.66954445604838	0.747777787570485	0.591311124526274	0.937030589879336	1.13542152452147	0.738639655237205	0.816368605750092	0.895392962058688	0.737344249441496
"151"	67.8391959798995	0.729244311144871	0.794075687822892	0.664412934466849	0.66897267279849	0.747526378066935	0.590418967530046	0.938438139897047	1.13762464374161	0.739251636052489	0.815796822500203	0.895094502602666	0.736499142397739
"152"	68.2914572864322	0.728672527894982	0.793831628528581	0.663513427261382	0.668400889548601	0.747278354222707	0.589523424874496	0.939845689914759	1.13982866230204	0.739862717527473	0.815225039250314	0.894799750188755	0.735650328311872
"153"	68.7437185929648	0.728100744645092	0.793591574235583	0.662609915054601	0.667829106298712	0.747033674519787	0.588624538077637	0.94125323993247	1.1420335695001	0.740472910364844	0.814653256000424	0.894508666236045	0.734797845764803
"154"	69.1959798994975	0.727528961395203	0.79335546439499	0.661702458395416	0.667257323048823	0.746792297697829	0.587722348399816	0.942660789950181	1.14423935479057	0.741082225109794	0.814081472750535	0.894221212196837	0.733941733304233
"155"	69.6482412060301	0.726957178145314	0.793123238973885	0.660791117316743	0.666685539798934	0.746554182766048	0.586816896831819	0.944068339967893	1.14644600778312	0.741690672152663	0.813509689500646	0.893937349573547	0.733082029427744
"156"	70.1005025125628	0.726385394895425	0.79289483847766	0.65987595131319	0.666113756549044	0.74631928901444	0.585908224083648	0.945475889985604	1.14865351823967	0.742298261731537	0.812937906250756	0.893657039935046	0.732218772566467
"157"	70.5527638190955	0.725813611645535	0.792670203970645	0.658957019320426	0.665541973299155	0.746087576024357	0.584996370573953	0.946883440003315	1.15086187607184	0.742905003934795	0.812366123000867	0.893380244932425	0.73135200106931
"158"	71.0050251256281	0.725241828395646	0.792449277095119	0.658034379696173	0.664970190049266	0.745859003678429	0.584081376420102	0.948290990021027	1.15307107133844	0.743510908703614	0.811794339750978	0.893106926314187	0.730481753187769
"159"	71.4572864321608	0.724670045145757	0.792232000088741	0.657108090202773	0.664398406799377	0.745633532169871	0.583163281428882	0.949698540038738	1.15528109424305	0.744115985834427	0.811222556501089	0.892837045940872	0.729608067061305
"160"	71.9095477386935	0.724098261895868	0.792018315800457	0.656178207991278	0.663826623549487	0.745411122011178	0.582242125087797	0.95110609005645	1.15749193513156	0.744720244981343	0.810650773251199	0.892570565799111	0.728730980703288
"161"	72.3618090452261	0.723526478645978	0.791808167704949	0.655244789587008	0.663254840299598	0.745191734042223	0.581317946556973	0.952513640074161	1.15970358448981	0.745323695658515	0.81007899000131	0.892307448015115	0.727850531987505
"162"	72.8140703517588	0.722954695396089	0.791601499915663	0.654307890876515	0.662683057049709	0.744975329437788	0.580390784661629	0.953921190091872	1.16191603294127	0.745926347242473	0.809507206751421	0.892047654867617	0.726966758635225
"163"	73.2663316582915	0.7223829121462	0.791398257196488	0.653367567095912	0.662111273799819	0.744761869714529	0.57946067788511	0.955328740109583	1.16412927124475	0.746528208974412	0.808935423501532	0.891791148800245	0.726079698202818
"164"	73.7185929648241	0.72181112889631	0.791198384972128	0.652423872820493	0.66153949054993	0.744551316737398	0.578527664362462	0.956736290127295	1.16634329029215	0.747129289962444	0.808363640251642	0.891537892433363	0.725189388069922
"165"	74.1708542713568	0.721239345646421	0.791001829337234	0.651476861955608	0.660967707300041	0.744343632725545	0.577591781874537	0.958143840145006	1.16855808110621	0.747729599183798	0.807791857001753	0.89128784857536	0.724295865428146
"166"	74.6231155778895	0.720667562396532	0.790808537064338	0.650526587728726	0.660395924050152	0.744138780257706	0.576653067842597	0.959551390162718	1.17077363483844	0.748329145486996	0.807220073751864	0.891040980233424	0.723399167270303
"167"	75.0753768844221	0.720095779146643	0.790618455610655	0.64957310268263	0.659824140800262	0.743936722277103	0.575711559323422	0.960958940180429	1.17298994276688	0.74892793759398	0.806648290501975	0.890797250623774	0.722499330380175
"168"	75.5276381909548	0.719523995896753	0.790431533123798	0.648616458669708	0.659252357550373	0.743737422095866	0.57476729300488	0.96236649019814	1.17520699629408	0.749525984102205	0.806076507252085	0.890556623181391	0.72159639132278
"169"	75.9798994974874	0.718952212646864	0.790247718446465	0.647656706847264	0.658680574300484	0.743540843399004	0.573820305201964	0.963774040215852	1.17742478694501	0.750123293486689	0.805504724002196	0.890319061569241	0.720690386435151
"170"	76.4321608040201	0.718380429396975	0.790066961120137	0.646693897673813	0.658108791050595	0.743346950247925	0.572870631853265	0.965181590233563	1.17964330636509	0.750719874102039	0.804932940752307	0.890084529687003	0.719781351817611
"171"	76.8844221105528	0.717808646147086	0.789889211387864	0.645728080906307	0.657537007800705	0.743155707083541	0.57191830851787	0.966589140251274	1.18186254631813	0.751315734184423	0.804361157502418	0.889852991679311	0.718869323325525
"172"	77.3366834170854	0.717236862897196	0.789714420196152	0.644759305598241	0.656965224550816	0.742967078728961	0.570963370372672	0.967996690268986	1.18408249868445	0.751910881853523	0.803789374252528	0.889624411943522	0.717954336561535
"173"	77.7889447236181	0.716665079647307	0.78954253919603	0.643787620098584	0.656393441300927	0.742781030391792	0.570005852210062	0.969404240286697	1.18630315545895	0.752505325114446	0.803217591002639	0.889398755137027	0.717036426868251
"174"	78.2412060301507	0.716093296397418	0.789373520743329	0.642813072051507	0.655821658051038	0.742597527666067	0.569045788436009	0.970811790304408	1.18852450874922	0.753099071859596	0.80264580775275	0.889175986184101	0.716115629321399
"175"	78.6934673366834	0.715521513147529	0.789207317898223	0.641835708396834	0.655249874801148	0.742416536533808	0.568083213068488	0.97221934032212	1.19074655077372	0.753692129870523	0.802074024502861	0.888956070282317	0.715191978723404
"176"	79.1457286432161	0.714949729897639	0.789043884424073	0.640855575371206	0.654678091551259	0.742238023366254	0.567118159736265	0.973626890339831	1.19296927385993	0.754284506819733	0.801502241252971	0.888738972908534	0.714265509597409
"177"	79.5979899497488	0.71437794664775	0.788883174785617	0.639872718509884	0.65410630830137	0.742061954924745	0.566150661677995	0.975034440357542	1.19519267044262	0.754876210272464	0.800930458003082	0.888524659824464	0.713336256181701
"178"	80.0502512562814	0.713806163397861	0.788725144146554	0.638887182649167	0.653534525051481	0.74188829836131	0.565180751741652	0.976441990375254	1.19741673306207	0.755467247688434	0.800358674753193	0.88831309708183	0.712404252424556
"179"	80.5025125628141	0.713234380147972	0.788569748366557	0.637899011929387	0.652962741801591	0.741717021218937	0.564208462384246	0.977849540392965	1.19964145436237	0.756057626423557	0.799786891503304	0.88810425102714	0.711469531979467
"180"	80.9547738693467	0.712662596898082	0.788416943997741	0.636908249798424	0.652390958551702	0.741548091431573	0.563233825671831	0.979257090410676	1.20186682708973	0.756647353731627	0.799215108253414	0.887898088306072	0.710532128200757
"181"	81.4070351758794	0.712090813648193	0.788266688280653	0.635914939015733	0.651819175301813	0.74138147732384	0.562256873279786	0.980664640428388	1.2040928440908	0.757236436765974	0.798643325003525	0.887694575867488	0.709592074139562
"182"	81.8592964824121	0.711519030398304	0.78811893913979	0.634919121656817	0.651247392051924	0.741217147610498	0.561277636493349	0.982072190446099	1.20631949831111	0.757824882581086	0.798071541753636	0.887493680967099	0.708649402540173
"183"	82.3115577889447	0.710947247148415	0.787973655178693	0.633920839118136	0.650675608802034	0.741055071395665	0.560296146208403	0.983479740463811	1.20854678279341	0.75841269813421	0.797499758503747	0.887295371170773	0.70770414583672
"184"	82.7638190954774	0.710375463898525	0.787830795674646	0.632920132122405	0.650103825552145	0.740895218171801	0.559312432932489	0.984887290481522	1.21077469067613	0.758999890286917	0.796927975253857	0.887099614357515	0.7067563361502
"185"	83.21608040201	0.709803680648636	0.787690320573015	0.631917040724257	0.649532042302256	0.740737557818471	0.558326526786041	0.986294840499233	1.21300321519182	0.759586465806643	0.796356192003968	0.886906378722124	0.705806005285812
"186"	83.6683417085427	0.709231897398747	0.787552190481255	0.630911604316239	0.648960259052367	0.740582060600904	0.557338457503829	0.987702390516945	1.21523234966569	0.760172431368199	0.795784408754079	0.886715632777539	0.704853184730619
"187"	84.1206030150754	0.708660114148858	0.787416366662605	0.629903861635111	0.648388475802477	0.740428697168355	0.5563482544366	0.989109940534656	1.21746208751405	0.760757793555261	0.79521262550419	0.886527345356881	0.703897905651498
"188"	84.572864321608	0.708088330898968	0.787282811029513	0.628893850768424	0.647816692552588	0.740277438552277	0.5553559465529	0.990517490552367	1.21969242224291	0.761342558861828	0.7946408422543	0.886341485615214	0.702940198893387
"189"	85.0251256281407	0.707516547649079	0.787151486136809	0.627881609161349	0.647244909302699	0.740128256164325	0.554361562441073	0.991925040570079	1.22192334744651	0.761926733693652	0.794069059004411	0.886158023031021	0.701980094977801
"190"	85.4773869346734	0.70694476439919	0.787022355174642	0.626867173623738	0.64667312605281	0.739981121794196	0.553365130311424	0.99333259058779	1.22415485680593	0.76251032436965	0.793497275754522	0.885976927407425	0.701017624101618
"191"	85.929648241206	0.706372981149301	0.786895381961225	0.625850580337376	0.64610134280292	0.739836007607308	0.552366677998533	0.994740140605502	1.22638694408772	0.763093337123287	0.792925492504633	0.885798168873139	0.700052816136126
"192"	86.3819095477387	0.705801197899411	0.786770530935386	0.624831864863437	0.645529559553031	0.739692886142348	0.551366232963715	0.996147690623213	1.2286196031425	0.76367577810393	0.792353709254743	0.885621717883187	0.699085700626299
"193"	86.8341708542714	0.705229414649522	0.786647767148968	0.623811062150076	0.644957776303142	0.739551730308674	0.550363822297609	0.997555240640924	1.23085282790366	0.764257653378189	0.791781926004854	0.885447545219381	0.698116306790328
"194"	87.286432160804	0.704657631399633	0.786527056259079	0.622788206540186	0.644385993053253	0.739412513383602	0.549359472722903	0.998962790658636	1.23308661238605	0.764838968931222	0.791210142754965	0.885275621990575	0.697144663519355
"195"	87.7386934673367	0.704085848149744	0.786408364520225	0.621763331779262	0.643814209803363	0.739275209009568	0.548353210597159	1.00037034067635	1.23532095068466	0.765419730668029	0.790638359505076	0.88510591963271	0.696170799377441
"196"	88.1909547738694	0.703514064899854	0.78629165877633	0.620736471023378	0.643242426553474	0.739139791191188	0.547345061915761	1.00177789069406	1.23755583697341	0.765999944414711	0.790066576255186	0.88493840990865	0.695194742601722
"197"	88.643216080402	0.702942281649965	0.786176906452679	0.619707656847251	0.642670643303585	0.739006234292218	0.546335052314951	1.00318544071177	1.23979126550382	0.766579615919715	0.789494793005297	0.884773064907824	0.69421652110277
"198"	89.0954773869347	0.702370498400076	0.786064075547771	0.61867692125238	0.642098860053696	0.738874513032423	0.545323207074968	1.00459299072948	1.2420272306039	0.767158750855057	0.788923009755408	0.884609857045683	0.693236162465133
"199"	89.5477386934673	0.701798715150187	0.785953134625132	0.617644295675241	0.641527076803806	0.738744602484354	0.544309551123259	1.00600054074719	1.24426372667686	0.76773735481752	0.788351226505518	0.884448759062978	0.692253693948059
"200"	90	0.701226931900297	0.785844052805064	0.61660981099553	0.640955293553917	0.738616478070058	0.543294109037776	1.0074080907649	1.24650074819998	0.768315433329832	0.787779443255629	0.884289744024876	0.691269142486382
